"user_role","department","years_of_service","access_time","access_attempts","last_login_time","login_frequency","access_granted"
"manager","IT","1.5","2025-03-01 07:15:19","2","2025-02-28 23:15:19","4.0","0"
"manager","Operations","8.5","2025-03-01 08:57:45","9","2025-02-28 00:57:45","1.9","0"
"manager","Finance","2.8","2025-03-18 01:46:51","4","2025-03-16 14:46:51","2.9","0"
"admin","HR","2.5","2025-03-06 11:26:00","5","2025-03-05 19:26:00","3.3","1"
"manager","HR","2.8","2025-03-07 21:18:49","9","2025-03-07 11:18:49","0.5","0"
"admin","Finance","8.0","2025-03-30 16:55:37","1","2025-03-30 10:55:37","3.9","1"
"employee","IT","0.1","2025-03-25 02:52:25","10","2025-03-24 14:52:25","3.4","0"
"admin","IT","0.9","2025-03-27 08:55:32","10","2025-03-25 22:55:32","4.8","1"
"employee","HR","6.4","2025-03-24 16:49:56","9","2025-03-23 04:49:56","1.5","0"
"employee","Finance","9.1","2025-03-05 14:27:12","5","2025-03-03 16:27:12","0.8","0"
"admin","HR","9.3","2025-03-26 02:29:04","2","2025-03-25 02:29:04","2.8","1"
"employee","HR","0.9","2025-03-06 03:14:14","7","2025-03-04 17:14:14","1.3","0"
"manager","HR","6.7","2025-03-28 04:35:46","10","2025-03-26 22:35:46","0.2","0"
"manager","Operations","2.7","2025-03-18 20:43:49","6","2025-03-17 12:43:49","1.2","0"
"employee","Finance","5.6","2025-03-21 18:51:30","6","2025-03-20 10:51:30","4.5","0"
"employee","IT","8.9","2025-03-06 04:50:17","4","2025-03-06 01:50:17","3.8","1"
"admin","Finance","4.8","2025-03-13 15:19:55","2","2025-03-13 14:19:55","3.8","1"
"employee","HR","5.1","2025-03-17 15:56:52","3","2025-03-17 14:56:52","3.1","1"
"employee","Finance","7.2","2025-03-20 00:08:27","2","2025-03-19 09:08:27","3.5","0"
"employee","IT","6.1","2025-03-09 09:39:40","10","2025-03-07 11:39:40","4.1","0"
"employee","Operations","4.2","2025-03-11 22:52:39","4","2025-03-10 11:52:39","2.3","0"
"admin","HR","3.6","2025-03-11 16:55:07","1","2025-03-11 09:55:07","0.3","1"
"admin","Finance","1.1","2025-03-27 09:50:58","8","2025-03-26 00:50:58","3.0","1"
"employee","Operations","6.0","2025-03-01 13:39:22","7","2025-02-28 08:39:22","1.7","0"
"employee","Finance","7.5","2025-03-08 15:32:45","1","2025-03-07 22:32:45","1.6","1"
"manager","HR","4.9","2025-03-01 20:12:53","1","2025-03-01 09:12:53","0.9","0"
"employee","Operations","5.5","2025-03-09 07:20:51","8","2025-03-07 18:20:51","3.9","0"
"admin","Finance","4.1","2025-03-18 04:52:07","3","2025-03-17 19:52:07","0.4","1"
"admin","Operations","0.9","2025-03-13 01:19:48","2","2025-03-12 14:19:48","3.5","1"
"manager","Finance","3.3","2025-03-27 17:41:27","3","2025-03-27 04:41:27","4.4","0"
"manager","HR","4.0","2025-03-13 22:20:58","1","2025-03-12 09:20:58","3.3","0"
"employee","Finance","8.4","2025-03-15 18:20:26","3","2025-03-14 14:20:26","4.1","0"
"admin","IT","0.2","2025-03-26 18:01:52","2","2025-03-26 10:01:52","0.7","1"
"manager","Operations","8.7","2025-03-24 10:13:55","6","2025-03-22 22:13:55","2.9","0"
"employee","Operations","5.5","2025-03-12 05:03:48","9","2025-03-10 20:03:48","3.4","0"
"admin","Operations","2.6","2025-03-02 02:10:06","10","2025-03-02 01:10:06","4.1","1"
"admin","HR","8.4","2025-03-21 12:42:07","1","2025-03-21 06:42:07","3.4","1"
"manager","IT","4.8","2025-03-05 03:32:38","8","2025-03-03 13:32:38","0.6","0"
"manager","Operations","6.2","2025-03-24 00:47:38","1","2025-03-23 14:47:38","4.3","0"
"admin","IT","2.4","2025-03-22 10:37:30","3","2025-03-20 16:37:30","4.7","1"
"manager","Operations","1.7","2025-03-27 07:45:54","1","2025-03-26 22:45:54","3.7","0"
"manager","Operations","8.2","2025-03-16 22:49:41","8","2025-03-16 04:49:41","2.2","0"
"admin","Finance","1.6","2025-03-09 13:28:40","5","2025-03-08 00:28:40","1.2","1"
"employee","Operations","2.6","2025-03-13 09:47:55","8","2025-03-11 13:47:55","3.8","0"
"employee","IT","0.3","2025-03-12 10:15:27","4","2025-03-11 13:15:27","2.7","0"
"admin","HR","3.4","2025-03-20 21:46:18","2","2025-03-18 21:46:18","4.5","1"
"admin","Finance","4.9","2025-03-12 20:45:18","6","2025-03-11 00:45:18","2.9","1"
"admin","Operations","8.4","2025-03-04 18:46:19","9","2025-03-04 12:46:19","4.7","1"
"employee","HR","4.7","2025-03-04 08:09:25","9","2025-03-03 07:09:25","3.3","0"
"manager","HR","7.4","2025-03-12 16:07:06","1","2025-03-10 16:07:06","0.9","1"
"admin","IT","0.1","2025-03-22 13:43:33","3","2025-03-21 04:43:33","0.8","1"
"admin","HR","0.8","2025-03-16 07:25:36","4","2025-03-14 07:25:36","3.7","1"
"manager","HR","1.9","2025-03-21 19:16:52","4","2025-03-21 14:16:52","4.1","0"
"employee","HR","6.3","2025-03-07 17:25:31","2","2025-03-06 07:25:31","2.5","1"
"admin","Operations","4.1","2025-03-07 06:02:21","1","2025-03-05 16:02:21","2.9","1"
"employee","Finance","1.6","2025-03-28 01:48:50","10","2025-03-26 16:48:50","1.5","0"
"employee","IT","4.5","2025-03-14 20:32:00","7","2025-03-13 15:32:00","1.4","0"
"manager","Operations","3.4","2025-03-12 05:32:28","6","2025-03-10 21:32:28","0.2","0"
"employee","Finance","4.9","2025-03-28 17:36:07","9","2025-03-27 22:36:07","4.2","0"
"employee","Operations","5.7","2025-03-09 19:17:58","5","2025-03-08 18:17:58","2.8","0"
"admin","IT","0.0","2025-03-27 00:24:01","2","2025-03-25 08:24:01","4.8","1"
"employee","Finance","5.0","2025-03-05 04:10:51","6","2025-03-04 10:10:51","4.3","0"
"manager","IT","9.8","2025-03-13 22:01:18","8","2025-03-12 22:01:18","4.6","0"
"employee","Operations","8.1","2025-03-10 00:59:24","3","2025-03-08 05:59:24","3.5","0"
"manager","IT","6.1","2025-03-16 03:36:45","5","2025-03-16 02:36:45","2.2","0"
"admin","Finance","2.9","2025-03-28 23:27:58","6","2025-03-28 11:27:58","0.9","1"
"manager","Operations","7.1","2025-03-29 16:32:58","4","2025-03-28 12:32:58","3.5","0"
"manager","IT","0.3","2025-03-25 07:45:22","8","2025-03-23 12:45:22","4.8","0"
"manager","IT","0.3","2025-03-29 12:56:04","7","2025-03-27 18:56:04","2.3","0"
"admin","Operations","4.2","2025-03-29 16:46:12","4","2025-03-28 01:46:12","4.4","1"
"admin","IT","5.9","2025-03-19 17:29:07","6","2025-03-18 19:29:07","0.8","1"
"manager","Operations","7.3","2025-03-11 09:20:07","8","2025-03-10 10:20:07","0.2","0"
"manager","IT","1.9","2025-03-19 14:07:18","10","2025-03-19 07:07:18","3.4","0"
"admin","HR","4.1","2025-03-27 11:58:56","6","2025-03-26 16:58:56","0.3","1"
"admin","Finance","0.9","2025-03-09 07:01:28","2","2025-03-08 16:01:28","2.1","1"
"manager","HR","9.5","2025-03-19 11:19:51","1","2025-03-17 22:19:51","1.1","1"
"employee","Operations","6.1","2025-03-13 20:41:05","6","2025-03-13 12:41:05","2.5","0"
"manager","Operations","1.0","2025-03-23 19:35:40","10","2025-03-22 02:35:40","0.3","0"
"employee","HR","4.1","2025-03-13 11:34:51","3","2025-03-12 19:34:51","4.9","1"
"admin","IT","9.1","2025-03-26 07:24:58","2","2025-03-25 10:24:58","3.7","1"
"admin","Finance","0.1","2025-03-28 03:46:28","7","2025-03-27 09:46:28","2.1","1"
"employee","Operations","5.5","2025-03-08 17:19:23","1","2025-03-08 03:19:23","3.4","0"
"employee","Finance","9.5","2025-03-03 19:14:26","6","2025-03-02 18:14:26","0.9","0"
"manager","Operations","2.0","2025-03-10 07:00:00","8","2025-03-09 14:00:00","1.6","0"
"admin","HR","2.1","2025-03-18 15:50:10","6","2025-03-18 10:50:10","4.5","1"
"manager","HR","0.5","2025-03-18 16:28:21","4","2025-03-18 05:28:21","1.7","1"
"admin","HR","3.1","2025-03-03 19:33:41","6","2025-03-02 14:33:41","2.5","1"
"employee","Finance","6.7","2025-03-26 11:48:20","1","2025-03-25 19:48:20","2.9","0"
"manager","Finance","8.4","2025-03-15 19:19:52","8","2025-03-13 23:19:52","3.9","0"
"manager","IT","1.3","2025-03-16 12:49:50","7","2025-03-14 17:49:50","0.3","0"
"employee","IT","6.3","2025-03-12 01:40:46","5","2025-03-11 19:40:46","3.5","0"
"manager","IT","3.0","2025-03-06 16:26:14","9","2025-03-06 13:26:14","1.1","0"
"manager","IT","2.8","2025-03-07 19:47:24","7","2025-03-07 17:47:24","2.1","0"
"employee","HR","6.7","2025-03-16 16:02:59","3","2025-03-16 13:02:59","4.1","1"
"manager","IT","9.6","2025-03-05 09:00:36","5","2025-03-04 03:00:36","0.5","0"
"admin","Finance","3.8","2025-03-22 20:37:48","10","2025-03-21 06:37:48","3.0","1"
"manager","Operations","9.8","2025-03-07 07:48:14","9","2025-03-06 10:48:14","1.7","0"
"manager","Operations","7.2","2025-03-06 18:39:58","1","2025-03-05 06:39:58","0.2","0"
"employee","HR","2.2","2025-03-05 15:18:40","1","2025-03-03 22:18:40","4.9","0"
"manager","Operations","5.7","2025-03-17 05:51:21","9","2025-03-16 00:51:21","2.6","0"
"admin","HR","5.6","2025-03-22 05:08:19","10","2025-03-20 06:08:19","4.9","1"
"manager","IT","1.4","2025-03-24 13:14:28","9","2025-03-24 02:14:28","3.9","0"
"manager","HR","7.7","2025-03-25 10:43:10","5","2025-03-24 13:43:10","2.0","1"
"admin","HR","3.0","2025-03-23 15:17:27","6","2025-03-22 11:17:27","1.1","1"
"employee","Finance","3.5","2025-03-09 11:09:58","9","2025-03-07 16:09:58","1.8","0"
"employee","Finance","10.0","2025-03-28 19:48:34","9","2025-03-26 23:48:34","0.4","0"
"manager","HR","1.6","2025-03-24 20:18:14","5","2025-03-22 20:18:14","3.5","0"
"employee","IT","3.1","2025-03-27 01:57:15","9","2025-03-25 14:57:15","1.3","0"
"employee","HR","0.2","2025-03-30 09:42:52","3","2025-03-29 00:42:52","4.6","1"
"manager","HR","4.6","2025-03-11 16:53:26","1","2025-03-10 21:53:26","1.8","1"
"admin","Finance","0.7","2025-03-15 17:40:11","10","2025-03-14 16:40:11","0.6","1"
"employee","Operations","7.1","2025-03-21 13:38:52","9","2025-03-19 17:38:52","1.7","0"
"manager","Finance","1.6","2025-03-26 10:26:36","7","2025-03-24 14:26:36","0.7","0"
"admin","Finance","4.2","2025-03-17 18:43:38","9","2025-03-16 12:43:38","0.8","1"
"admin","Operations","7.9","2025-03-14 23:24:17","1","2025-03-14 09:24:17","2.6","1"
"admin","Operations","7.2","2025-03-06 04:05:57","5","2025-03-05 02:05:57","1.1","1"
"admin","HR","1.6","2025-03-23 13:51:06","3","2025-03-22 20:51:06","0.6","1"
"employee","IT","3.2","2025-03-14 08:26:56","9","2025-03-13 20:26:56","0.8","0"
"admin","HR","7.9","2025-03-29 08:59:13","1","2025-03-28 13:59:13","3.8","1"
"employee","Finance","5.5","2025-03-21 12:27:33","7","2025-03-21 10:27:33","4.6","0"
"admin","HR","0.1","2025-03-21 02:57:31","6","2025-03-19 10:57:31","0.8","1"
"manager","HR","4.0","2025-03-06 18:48:21","10","2025-03-06 18:48:21","3.0","0"
"manager","HR","1.6","2025-03-24 12:12:49","8","2025-03-22 14:12:49","1.1","0"
"manager","Operations","3.1","2025-03-12 05:15:23","7","2025-03-12 05:15:23","2.7","0"
"employee","Finance","0.2","2025-03-10 12:29:55","9","2025-03-08 23:29:55","4.9","0"
"admin","HR","2.6","2025-03-01 23:55:23","10","2025-03-01 20:55:23","4.9","1"
"manager","Operations","10.0","2025-03-08 04:06:34","9","2025-03-07 03:06:34","0.7","0"
"manager","Operations","7.2","2025-03-08 16:55:20","10","2025-03-08 14:55:20","3.5","0"
"admin","IT","4.6","2025-03-22 23:02:20","1","2025-03-22 13:02:20","2.2","1"
"employee","Operations","1.6","2025-03-21 13:42:34","2","2025-03-19 20:42:34","1.8","1"
"employee","Operations","5.6","2025-03-13 10:11:40","9","2025-03-11 18:11:40","4.2","0"
"employee","Finance","6.8","2025-03-08 01:03:35","1","2025-03-07 17:03:35","2.1","0"
"manager","HR","4.2","2025-03-14 08:59:09","8","2025-03-14 06:59:09","4.8","0"
"employee","IT","8.7","2025-03-17 10:44:30","1","2025-03-17 01:44:30","4.7","1"
"employee","Finance","2.2","2025-03-11 04:56:28","1","2025-03-09 12:56:28","2.1","0"
"employee","Finance","4.6","2025-03-24 18:44:41","5","2025-03-24 02:44:41","1.6","0"
"manager","Operations","8.8","2025-03-07 14:01:00","4","2025-03-05 14:01:00","3.4","0"
"manager","HR","1.7","2025-03-14 09:55:40","2","2025-03-12 17:55:40","3.1","0"
"employee","HR","3.5","2025-03-24 15:10:36","1","2025-03-22 17:10:36","1.4","1"
"admin","Finance","4.2","2025-03-07 18:56:10","1","2025-03-07 12:56:10","4.5","1"
"employee","HR","3.8","2025-03-18 05:43:01","1","2025-03-16 21:43:01","2.1","0"
"employee","Operations","5.2","2025-03-27 23:35:55","7","2025-03-27 09:35:55","4.6","0"
"manager","IT","1.9","2025-03-21 17:21:03","6","2025-03-20 11:21:03","4.4","0"
"admin","IT","4.9","2025-03-23 10:44:07","7","2025-03-22 23:44:07","0.8","1"
"manager","HR","6.9","2025-03-11 23:06:21","6","2025-03-11 09:06:21","3.7","0"
"employee","HR","9.6","2025-03-29 13:35:17","1","2025-03-29 02:35:17","4.5","0"
"admin","Operations","1.1","2025-03-01 02:16:21","5","2025-02-27 20:16:21","0.4","1"
"employee","Finance","9.6","2025-03-06 03:18:18","10","2025-03-04 13:18:18","0.3","0"
"employee","IT","2.9","2025-03-24 15:13:00","8","2025-03-22 23:13:00","2.4","0"
"employee","IT","5.0","2025-03-26 10:58:07","4","2025-03-24 13:58:07","4.0","0"
"admin","IT","9.0","2025-03-29 23:32:07","1","2025-03-29 19:32:07","3.2","1"
"employee","IT","6.8","2025-03-02 11:23:12","2","2025-03-01 16:23:12","0.3","1"
"admin","Finance","8.4","2025-03-17 14:32:54","4","2025-03-16 10:32:54","0.2","1"
"admin","Finance","7.1","2025-03-04 03:19:48","6","2025-03-02 23:19:48","0.9","1"
"admin","HR","5.8","2025-03-02 09:20:44","2","2025-02-28 17:20:44","0.9","1"
"manager","HR","5.2","2025-03-03 02:32:49","3","2025-03-01 22:32:49","2.8","0"
"manager","Operations","4.6","2025-03-27 07:30:06","2","2025-03-26 18:30:06","3.5","0"
"employee","IT","4.9","2025-03-04 00:57:26","4","2025-03-03 16:57:26","4.2","0"
"employee","Operations","9.4","2025-03-29 20:07:59","4","2025-03-29 15:07:59","0.9","0"
"manager","IT","7.0","2025-03-11 12:16:41","6","2025-03-10 00:16:41","1.4","0"
"admin","Operations","7.4","2025-03-05 18:39:05","7","2025-03-04 07:39:05","0.7","1"
"manager","Finance","2.3","2025-03-18 08:10:26","8","2025-03-16 11:10:26","4.2","0"
"admin","Operations","9.1","2025-03-09 12:43:24","1","2025-03-08 23:43:24","2.3","1"
"manager","Operations","0.0","2025-03-22 10:22:48","7","2025-03-21 18:22:48","2.5","0"
"admin","IT","8.7","2025-03-11 22:43:59","10","2025-03-10 03:43:59","4.0","1"
"admin","HR","6.4","2025-03-17 14:30:09","4","2025-03-16 10:30:09","4.3","1"
"manager","Finance","1.8","2025-03-24 00:06:22","2","2025-03-22 18:06:22","4.7","0"
"admin","IT","0.4","2025-03-08 03:36:59","3","2025-03-06 12:36:59","0.4","1"
"admin","Finance","5.7","2025-03-24 22:47:48","5","2025-03-24 17:47:48","3.4","1"
"employee","IT","2.6","2025-03-29 05:59:22","10","2025-03-29 05:59:22","1.5","0"
"employee","Finance","3.2","2025-03-07 21:32:32","8","2025-03-06 16:32:32","3.3","0"
"manager","Operations","8.2","2025-03-08 15:18:22","1","2025-03-07 12:18:22","3.3","0"
"admin","HR","2.2","2025-03-06 02:14:35","1","2025-03-04 06:14:35","0.3","1"
"manager","Operations","8.1","2025-03-13 11:40:53","5","2025-03-12 11:40:53","1.9","0"
"admin","Operations","0.5","2025-03-10 02:35:27","1","2025-03-10 02:35:27","3.3","1"
"employee","IT","9.0","2025-03-30 14:59:59","1","2025-03-28 21:59:59","3.4","1"
"employee","Operations","6.6","2025-03-27 07:40:17","1","2025-03-25 21:40:17","1.6","0"
"admin","Finance","3.9","2025-03-18 13:41:14","8","2025-03-17 18:41:14","2.2","1"
"manager","Operations","7.4","2025-03-27 13:21:53","10","2025-03-26 05:21:53","4.9","0"
"employee","Operations","0.5","2025-03-08 15:51:35","9","2025-03-08 14:51:35","3.8","0"
"admin","Finance","4.0","2025-03-25 10:40:16","10","2025-03-25 06:40:16","3.5","1"
"admin","IT","8.8","2025-03-12 01:00:44","3","2025-03-11 03:00:44","4.1","1"
"employee","Operations","9.4","2025-03-12 13:14:28","10","2025-03-12 03:14:28","4.9","0"
"manager","Finance","3.2","2025-03-05 05:41:50","5","2025-03-03 06:41:50","2.8","0"
"manager","Finance","8.7","2025-03-17 07:07:33","10","2025-03-15 10:07:33","0.9","0"
"manager","HR","4.7","2025-03-25 10:49:30","1","2025-03-25 10:49:30","1.5","1"
"employee","HR","2.9","2025-03-24 20:40:43","2","2025-03-24 20:40:43","3.8","0"
"employee","IT","1.0","2025-03-06 09:04:23","3","2025-03-04 20:04:23","1.3","1"
"manager","IT","9.7","2025-03-11 02:57:00","9","2025-03-09 05:57:00","2.5","0"
"manager","IT","6.8","2025-03-10 02:02:35","8","2025-03-10 00:02:35","4.8","0"
"employee","Operations","8.1","2025-03-05 03:37:00","9","2025-03-03 13:37:00","4.1","0"
"admin","IT","6.0","2025-03-10 06:07:39","3","2025-03-09 06:07:39","0.4","1"
"manager","IT","7.9","2025-03-09 23:16:51","9","2025-03-09 00:16:51","2.6","0"
"admin","HR","8.6","2025-03-23 17:54:34","9","2025-03-23 15:54:34","1.1","1"
"employee","IT","2.5","2025-03-12 06:55:10","1","2025-03-11 10:55:10","3.0","0"
"admin","Operations","2.9","2025-03-03 10:39:40","8","2025-03-03 07:39:40","1.4","1"
"employee","HR","4.9","2025-03-27 02:38:58","1","2025-03-26 13:38:58","4.4","0"
"admin","IT","9.1","2025-03-22 02:32:12","7","2025-03-20 12:32:12","3.1","1"
"admin","HR","5.7","2025-03-02 12:12:35","7","2025-03-01 01:12:35","0.6","1"
"admin","IT","0.5","2025-03-16 23:12:23","2","2025-03-15 03:12:23","4.8","1"
"employee","HR","7.1","2025-03-24 14:06:21","8","2025-03-23 11:06:21","0.8","0"
"manager","IT","2.3","2025-03-13 20:04:16","6","2025-03-11 22:04:16","3.6","0"
"manager","HR","1.8","2025-03-12 04:05:28","8","2025-03-12 04:05:28","0.2","0"
"employee","IT","9.1","2025-03-01 14:13:23","5","2025-03-01 08:13:23","0.4","0"
"employee","HR","5.3","2025-03-29 08:35:10","8","2025-03-27 11:35:10","2.4","0"
"admin","Finance","9.1","2025-03-03 21:20:29","4","2025-03-02 01:20:29","0.4","1"
"admin","HR","5.3","2025-03-29 20:32:09","2","2025-03-28 07:32:09","0.6","1"
"employee","IT","3.2","2025-03-27 13:11:38","3","2025-03-26 23:11:38","1.5","1"
"employee","IT","0.4","2025-03-04 03:48:12","8","2025-03-02 18:48:12","0.4","0"
"employee","IT","9.4","2025-03-12 11:12:19","7","2025-03-10 15:12:19","3.6","0"
"employee","IT","9.1","2025-03-27 00:28:21","10","2025-03-26 13:28:21","4.9","0"
"manager","HR","0.7","2025-03-12 18:31:13","3","2025-03-10 23:31:13","0.6","0"
"admin","IT","3.9","2025-03-12 04:52:21","9","2025-03-10 23:52:21","3.4","1"
"admin","IT","5.5","2025-03-29 22:25:24","7","2025-03-29 19:25:24","1.8","1"
"manager","HR","0.6","2025-03-09 08:56:29","10","2025-03-07 18:56:29","4.2","0"
"admin","Finance","9.4","2025-03-04 04:25:14","8","2025-03-03 22:25:14","0.4","1"
"admin","Operations","8.1","2025-03-30 15:26:35","8","2025-03-28 16:26:35","1.4","1"
"admin","IT","2.8","2025-03-07 14:51:55","4","2025-03-06 10:51:55","2.9","1"
"employee","IT","9.3","2025-03-17 06:40:44","10","2025-03-16 12:40:44","4.9","0"
"manager","Finance","2.7","2025-03-26 07:50:24","10","2025-03-24 07:50:24","0.2","0"
"employee","HR","7.5","2025-03-14 22:31:21","2","2025-03-13 08:31:21","2.6","0"
"employee","HR","4.0","2025-03-14 10:41:29","2","2025-03-12 17:41:29","4.3","0"
"employee","IT","9.2","2025-03-07 20:20:43","8","2025-03-06 06:20:43","4.4","0"
"employee","Finance","6.2","2025-03-30 01:54:49","7","2025-03-28 21:54:49","1.6","0"
"admin","IT","9.3","2025-03-27 22:01:12","1","2025-03-27 02:01:12","3.4","1"
"employee","IT","4.6","2025-03-19 20:01:46","9","2025-03-18 07:01:46","0.6","0"
"admin","HR","0.9","2025-03-12 08:53:30","1","2025-03-10 08:53:30","2.9","1"
"manager","Finance","1.7","2025-03-05 12:23:38","2","2025-03-04 14:23:38","2.0","1"
"manager","Operations","5.7","2025-03-29 10:10:55","8","2025-03-28 09:10:55","1.4","0"
"admin","Finance","1.1","2025-03-28 06:23:58","8","2025-03-26 21:23:58","2.1","1"
"manager","HR","9.6","2025-03-26 13:06:41","7","2025-03-25 12:06:41","4.7","0"
"employee","Operations","0.9","2025-03-14 02:17:29","9","2025-03-12 12:17:29","1.8","0"
"admin","Operations","1.7","2025-03-12 12:33:30","1","2025-03-11 13:33:30","2.5","1"
"admin","Finance","3.8","2025-03-14 15:44:01","8","2025-03-13 14:44:01","4.8","1"
"employee","IT","9.1","2025-03-05 05:02:45","9","2025-03-04 19:02:45","2.5","0"
"employee","Finance","5.6","2025-03-10 10:51:19","4","2025-03-08 15:51:19","3.3","0"
"admin","HR","3.6","2025-03-19 14:40:48","4","2025-03-18 00:40:48","4.9","1"
"admin","IT","6.9","2025-03-27 22:18:46","10","2025-03-26 15:18:46","1.2","1"
"manager","HR","4.4","2025-03-02 16:32:47","7","2025-03-02 03:32:47","3.2","0"
"manager","HR","7.4","2025-03-07 12:33:03","4","2025-03-05 16:33:03","5.0","0"
"employee","IT","1.3","2025-03-19 10:49:03","10","2025-03-18 03:49:03","3.2","0"
"employee","HR","3.7","2025-03-24 02:57:06","3","2025-03-23 00:57:06","3.5","0"
"manager","IT","4.1","2025-03-27 21:16:31","5","2025-03-27 03:16:31","1.2","0"
"admin","Operations","9.5","2025-03-19 18:18:49","10","2025-03-19 12:18:49","3.4","1"
"admin","Finance","2.7","2025-03-19 11:36:27","6","2025-03-18 06:36:27","2.9","1"
"employee","Operations","9.2","2025-03-15 05:02:27","1","2025-03-14 10:02:27","2.6","0"
"employee","Finance","6.1","2025-03-26 09:00:05","8","2025-03-24 13:00:05","2.6","0"
"admin","HR","9.6","2025-03-29 12:03:12","10","2025-03-28 14:03:12","3.5","1"
"admin","Finance","7.1","2025-03-17 09:12:36","9","2025-03-15 11:12:36","1.4","1"
"manager","IT","1.8","2025-03-27 21:31:00","2","2025-03-26 04:31:00","1.8","0"
"manager","IT","0.8","2025-03-19 16:38:41","5","2025-03-19 10:38:41","0.8","0"
"employee","Finance","1.5","2025-03-09 03:49:16","4","2025-03-07 17:49:16","1.9","0"
"manager","Operations","1.3","2025-03-09 16:33:27","2","2025-03-08 20:33:27","0.3","1"
"admin","Finance","5.2","2025-03-17 11:18:33","2","2025-03-16 09:18:33","1.7","1"
"admin","Operations","1.5","2025-03-30 03:22:53","3","2025-03-28 23:22:53","3.0","1"
"manager","HR","6.2","2025-03-04 17:52:44","6","2025-03-04 12:52:44","4.1","0"
"manager","IT","8.9","2025-03-17 01:35:23","7","2025-03-16 13:35:23","1.3","0"
"employee","IT","6.4","2025-03-06 22:50:15","8","2025-03-05 10:50:15","3.5","0"
"employee","Operations","1.3","2025-03-26 11:13:42","7","2025-03-26 03:13:42","4.6","0"
"employee","IT","6.8","2025-03-07 07:01:16","5","2025-03-06 13:01:16","0.5","0"
"manager","Finance","9.1","2025-03-01 01:24:19","6","2025-02-28 16:24:19","4.5","0"
"employee","Finance","2.6","2025-03-01 01:04:34","8","2025-02-27 11:04:34","3.6","0"
"employee","HR","1.5","2025-03-25 02:09:47","7","2025-03-24 22:09:47","1.1","0"
"admin","HR","0.7","2025-03-16 09:04:30","5","2025-03-15 07:04:30","0.2","1"
"admin","Operations","5.5","2025-03-08 08:03:05","3","2025-03-07 06:03:05","4.4","1"
"admin","Finance","9.5","2025-03-10 05:38:25","4","2025-03-08 05:38:25","2.5","1"
"employee","IT","1.3","2025-03-17 05:27:17","1","2025-03-15 20:27:17","3.9","0"
"admin","HR","8.4","2025-03-05 13:00:00","4","2025-03-03 23:00:00","2.9","1"
"employee","IT","9.0","2025-03-17 18:45:58","2","2025-03-17 18:45:58","0.9","1"
"manager","HR","1.7","2025-03-21 13:48:43","8","2025-03-20 16:48:43","4.2","0"
"admin","HR","3.8","2025-03-06 02:49:24","6","2025-03-04 12:49:24","0.7","1"
"admin","Operations","2.6","2025-03-19 02:24:47","2","2025-03-17 05:24:47","4.1","1"
"employee","Operations","2.4","2025-03-14 12:33:43","1","2025-03-12 15:33:43","4.9","0"
"manager","Operations","3.0","2025-03-19 08:21:19","5","2025-03-18 23:21:19","2.2","0"
"admin","IT","3.3","2025-03-15 04:43:15","4","2025-03-14 20:43:15","0.4","1"
"manager","Operations","1.8","2025-03-18 10:30:57","1","2025-03-17 00:30:57","3.0","1"
"admin","Operations","6.0","2025-03-09 01:25:40","10","2025-03-07 23:25:40","4.4","1"
"employee","Operations","1.3","2025-03-20 01:41:33","2","2025-03-19 16:41:33","1.3","0"
"admin","IT","3.2","2025-03-08 19:17:27","7","2025-03-07 22:17:27","5.0","1"
"admin","HR","6.9","2025-03-08 03:41:02","4","2025-03-06 17:41:02","1.6","1"
"admin","IT","2.7","2025-03-11 00:50:13","2","2025-03-10 03:50:13","0.7","1"
"manager","IT","5.4","2025-03-03 12:19:52","3","2025-03-02 20:19:52","4.2","1"
"admin","Operations","4.5","2025-03-29 17:34:16","5","2025-03-29 17:34:16","2.2","1"
"employee","Finance","1.0","2025-03-19 19:10:43","4","2025-03-19 16:10:43","3.8","0"
"manager","HR","8.9","2025-03-29 09:28:10","2","2025-03-29 04:28:10","3.7","1"
"manager","HR","5.7","2025-03-23 22:29:18","7","2025-03-23 14:29:18","3.8","0"
"admin","Operations","6.9","2025-03-24 03:51:36","1","2025-03-23 15:51:36","4.3","1"
"admin","HR","2.1","2025-03-05 19:08:43","10","2025-03-05 02:08:43","0.3","1"
"manager","IT","1.8","2025-03-25 05:41:02","5","2025-03-23 19:41:02","1.3","0"
"employee","Operations","8.5","2025-03-01 06:49:00","4","2025-02-28 23:49:00","0.4","0"
"manager","Finance","9.7","2025-03-24 15:13:05","3","2025-03-23 10:13:05","1.6","1"
"employee","IT","7.6","2025-03-04 11:10:51","5","2025-03-02 21:10:51","0.9","0"
"manager","Operations","6.8","2025-03-06 16:39:54","2","2025-03-05 12:39:54","4.6","1"
"employee","Operations","1.5","2025-03-07 19:50:06","5","2025-03-06 20:50:06","1.0","0"
"admin","HR","4.8","2025-03-07 17:58:51","8","2025-03-07 16:58:51","0.7","1"
"employee","Operations","2.7","2025-03-20 01:09:03","8","2025-03-18 22:09:03","3.6","0"
"employee","Finance","5.3","2025-03-08 14:54:08","2","2025-03-08 11:54:08","3.4","1"
"admin","Operations","5.0","2025-03-29 15:03:32","10","2025-03-28 18:03:32","1.9","1"
"employee","Finance","0.7","2025-03-05 08:38:50","10","2025-03-04 22:38:50","1.8","0"
"employee","Operations","8.6","2025-03-30 12:34:53","8","2025-03-29 06:34:53","1.7","0"
"admin","Operations","0.3","2025-03-22 14:51:30","1","2025-03-22 03:51:30","1.2","1"
"employee","Finance","4.7","2025-03-11 03:59:55","5","2025-03-09 12:59:55","5.0","0"
"admin","HR","6.9","2025-03-14 08:27:17","9","2025-03-13 15:27:17","1.7","1"
"manager","HR","4.2","2025-03-19 19:50:32","10","2025-03-18 23:50:32","0.6","0"
"manager","Operations","3.3","2025-03-04 17:43:13","6","2025-03-03 00:43:13","4.5","0"
"manager","IT","0.2","2025-03-03 13:01:23","8","2025-03-02 22:01:23","2.3","0"
"employee","IT","5.0","2025-03-10 21:34:50","10","2025-03-09 21:34:50","4.9","0"
"employee","Finance","0.1","2025-03-11 01:52:40","4","2025-03-09 04:52:40","0.4","0"
"manager","Finance","7.2","2025-03-08 04:42:24","4","2025-03-06 05:42:24","2.8","0"
"admin","Finance","6.8","2025-03-02 00:33:55","4","2025-03-02 00:33:55","3.0","1"
"manager","Operations","1.2","2025-03-13 13:58:18","7","2025-03-12 00:58:18","4.7","0"
"admin","IT","8.6","2025-03-19 22:20:29","8","2025-03-18 00:20:29","0.2","1"
"employee","Finance","1.3","2025-03-27 19:08:39","6","2025-03-27 14:08:39","2.5","0"
"admin","Operations","6.2","2025-03-06 19:39:41","1","2025-03-06 02:39:41","4.4","1"
"admin","Operations","9.5","2025-03-15 21:03:50","5","2025-03-15 15:03:50","1.8","1"
"employee","Finance","1.0","2025-03-30 21:34:24","9","2025-03-30 07:34:24","3.8","0"
"admin","HR","7.5","2025-03-26 17:24:40","10","2025-03-25 10:24:40","0.2","1"
"employee","Operations","9.8","2025-03-24 18:37:34","10","2025-03-23 08:37:34","1.2","0"
"admin","HR","6.6","2025-03-14 00:11:56","10","2025-03-13 21:11:56","2.0","1"
"manager","IT","1.9","2025-03-07 20:57:48","10","2025-03-07 07:57:48","4.9","0"
"employee","Finance","5.5","2025-03-21 02:22:42","5","2025-03-20 06:22:42","4.5","0"
"manager","Finance","6.3","2025-03-30 21:45:16","8","2025-03-29 05:45:16","2.3","0"
"manager","Finance","3.2","2025-03-09 08:02:42","8","2025-03-08 09:02:42","1.0","0"
"manager","IT","4.5","2025-03-15 00:03:30","3","2025-03-13 09:03:30","4.9","0"
"admin","Operations","8.4","2025-03-15 19:22:48","2","2025-03-15 03:22:48","2.4","1"
"manager","HR","6.5","2025-03-28 22:12:10","3","2025-03-27 12:12:10","1.4","0"
"admin","IT","7.6","2025-03-14 07:15:48","1","2025-03-12 07:15:48","0.4","1"
"admin","IT","0.3","2025-03-28 12:56:47","1","2025-03-28 08:56:47","0.6","1"
"admin","Finance","1.6","2025-03-16 01:29:20","7","2025-03-15 23:29:20","1.5","1"
"manager","Operations","0.6","2025-03-03 10:46:38","4","2025-03-01 23:46:38","1.1","0"
"manager","Operations","4.9","2025-03-15 07:58:50","7","2025-03-14 07:58:50","2.8","0"
"admin","HR","1.9","2025-03-05 03:20:20","4","2025-03-03 14:20:20","4.5","1"
"admin","HR","5.8","2025-03-10 19:16:58","7","2025-03-10 19:16:58","3.3","1"
"manager","HR","6.0","2025-03-15 07:36:05","5","2025-03-14 14:36:05","1.0","0"
"admin","Finance","7.1","2025-03-07 06:49:15","5","2025-03-06 04:49:15","1.4","1"
"employee","IT","0.8","2025-03-26 03:58:27","7","2025-03-25 19:58:27","4.0","0"
"manager","HR","8.6","2025-03-25 12:08:08","7","2025-03-25 11:08:08","3.6","0"
"manager","Finance","9.2","2025-03-26 22:15:40","2","2025-03-25 18:15:40","3.6","0"
"admin","Operations","7.1","2025-03-24 10:50:52","8","2025-03-22 21:50:52","2.3","1"
"manager","Operations","5.7","2025-03-20 20:04:41","4","2025-03-19 13:04:41","3.1","0"
"manager","Finance","9.1","2025-03-01 18:00:47","4","2025-02-28 07:00:47","1.4","0"
"manager","HR","1.0","2025-03-07 23:25:19","1","2025-03-07 18:25:19","0.7","0"
"admin","HR","0.2","2025-03-30 20:49:06","2","2025-03-30 11:49:06","2.4","1"
"manager","IT","9.3","2025-03-19 14:31:03","9","2025-03-18 08:31:03","2.9","0"
"admin","Operations","1.7","2025-03-06 20:50:47","6","2025-03-05 09:50:47","1.1","1"
"employee","IT","5.0","2025-03-23 04:45:50","4","2025-03-22 02:45:50","0.3","0"
"employee","Operations","0.5","2025-03-17 18:59:32","1","2025-03-16 14:59:32","0.3","0"
"employee","HR","7.4","2025-03-26 19:53:32","10","2025-03-26 08:53:32","4.4","0"
"admin","Finance","5.0","2025-03-23 10:50:25","8","2025-03-22 22:50:25","0.9","1"
"manager","Finance","3.9","2025-03-16 15:18:56","4","2025-03-14 19:18:56","1.3","0"
"manager","HR","6.8","2025-03-04 19:12:46","3","2025-03-02 22:12:46","2.0","0"
"manager","Finance","6.0","2025-03-13 20:16:21","6","2025-03-12 01:16:21","4.4","0"
"manager","Finance","6.5","2025-03-06 15:41:25","2","2025-03-04 21:41:25","3.5","0"
"manager","Finance","9.2","2025-03-09 03:04:45","6","2025-03-07 04:04:45","3.0","0"
"admin","IT","2.3","2025-03-18 22:50:32","6","2025-03-17 06:50:32","1.8","1"
"employee","HR","4.6","2025-03-08 12:52:41","5","2025-03-08 10:52:41","2.2","1"
"employee","HR","7.8","2025-03-05 22:12:34","4","2025-03-05 01:12:34","1.2","0"
"manager","IT","6.0","2025-03-09 01:45:01","7","2025-03-07 09:45:01","2.8","0"
"manager","Finance","7.6","2025-03-09 03:55:56","5","2025-03-08 08:55:56","3.6","0"
"manager","Finance","7.7","2025-03-22 05:16:57","10","2025-03-20 05:16:57","3.1","0"
"manager","Operations","7.0","2025-03-15 13:27:49","3","2025-03-15 07:27:49","0.2","1"
"admin","Finance","9.2","2025-03-13 12:17:32","6","2025-03-11 23:17:32","3.7","1"
"admin","Operations","3.0","2025-03-20 23:38:53","9","2025-03-19 12:38:53","2.5","1"
"admin","Finance","4.8","2025-03-05 01:05:09","3","2025-03-03 22:05:09","3.3","1"
"admin","Finance","4.6","2025-03-20 15:08:52","10","2025-03-19 08:08:52","1.4","1"
"manager","Operations","2.8","2025-03-29 23:21:54","3","2025-03-29 20:21:54","0.5","0"
"admin","IT","2.2","2025-03-19 13:06:07","10","2025-03-18 08:06:07","1.3","1"
"admin","IT","8.1","2025-03-30 15:22:43","10","2025-03-29 06:22:43","3.2","1"
"admin","Finance","0.2","2025-03-12 08:25:35","2","2025-03-12 00:25:35","4.2","1"
"manager","Operations","3.9","2025-03-14 20:56:02","6","2025-03-13 22:56:02","3.3","0"
"employee","Finance","2.8","2025-03-18 07:44:10","7","2025-03-17 04:44:10","4.6","0"
"manager","HR","4.2","2025-03-01 14:13:38","3","2025-02-28 21:13:38","2.9","1"
"admin","Operations","9.5","2025-03-28 21:51:36","5","2025-03-27 06:51:36","0.2","1"
"admin","HR","9.4","2025-03-22 06:10:05","3","2025-03-20 17:10:05","2.9","1"
"admin","Finance","1.0","2025-03-06 01:03:59","2","2025-03-05 11:03:59","1.3","1"
"admin","IT","9.8","2025-03-12 14:12:05","8","2025-03-11 08:12:05","1.5","1"
"manager","Finance","1.8","2025-03-03 15:02:44","7","2025-03-02 14:02:44","0.5","0"
"manager","HR","1.2","2025-03-22 09:14:10","2","2025-03-20 18:14:10","3.5","1"
"employee","Finance","7.4","2025-03-21 17:47:09","7","2025-03-21 01:47:09","4.0","0"
"admin","Finance","2.7","2025-03-13 07:22:38","6","2025-03-12 14:22:38","0.4","1"
"manager","Operations","7.4","2025-03-07 22:08:19","7","2025-03-07 12:08:19","4.7","0"
"admin","HR","7.4","2025-03-06 22:26:32","9","2025-03-05 20:26:32","1.2","1"
"manager","Finance","4.7","2025-03-19 10:40:26","3","2025-03-19 05:40:26","4.5","1"
"manager","Finance","0.2","2025-03-24 21:53:44","6","2025-03-23 20:53:44","3.8","0"
"employee","IT","9.1","2025-03-06 18:55:15","10","2025-03-04 23:55:15","3.6","0"
"employee","HR","2.3","2025-03-08 17:41:05","8","2025-03-07 22:41:05","3.1","0"
"employee","HR","7.5","2025-03-22 18:22:04","10","2025-03-22 08:22:04","1.2","0"
"admin","Operations","6.5","2025-03-04 20:13:42","10","2025-03-03 10:13:42","3.9","1"
"manager","Operations","3.6","2025-03-17 19:05:08","10","2025-03-16 15:05:08","4.5","0"
"employee","Finance","5.0","2025-03-27 11:34:16","10","2025-03-26 19:34:16","3.8","0"
"manager","HR","1.1","2025-03-08 00:39:39","1","2025-03-07 05:39:39","0.8","0"
"admin","IT","1.8","2025-03-13 15:34:26","7","2025-03-12 02:34:26","3.0","1"
"manager","Finance","1.4","2025-03-03 01:45:39","6","2025-03-02 05:45:39","1.4","0"
"admin","Finance","6.2","2025-03-22 21:55:16","3","2025-03-21 10:55:16","1.4","1"
"admin","Finance","5.5","2025-03-19 04:06:42","8","2025-03-18 06:06:42","1.0","1"
"admin","HR","4.3","2025-03-01 15:42:46","5","2025-02-28 21:42:46","4.2","1"
"manager","Finance","8.9","2025-03-26 18:16:37","2","2025-03-24 18:16:37","0.9","0"
"admin","IT","8.5","2025-03-23 02:03:14","2","2025-03-21 15:03:14","2.6","1"
"admin","Operations","6.8","2025-03-24 07:06:57","4","2025-03-23 04:06:57","2.6","1"
"manager","Operations","0.3","2025-03-25 03:57:35","2","2025-03-24 20:57:35","1.9","0"
"manager","HR","1.1","2025-03-30 11:03:18","2","2025-03-30 11:03:18","0.1","0"
"employee","IT","7.8","2025-03-14 10:14:20","3","2025-03-14 01:14:20","3.8","1"
"employee","Finance","0.9","2025-03-06 03:53:01","4","2025-03-05 01:53:01","2.9","0"
"manager","HR","6.9","2025-03-05 07:10:16","10","2025-03-04 14:10:16","4.1","0"
"admin","IT","3.3","2025-03-06 13:41:22","5","2025-03-04 23:41:22","3.2","1"
"employee","HR","1.6","2025-03-04 14:44:41","8","2025-03-03 15:44:41","1.3","0"
"manager","HR","7.9","2025-03-28 13:13:19","9","2025-03-28 06:13:19","4.9","0"
"admin","HR","1.2","2025-03-29 13:23:13","9","2025-03-28 22:23:13","4.8","1"
"admin","Operations","3.5","2025-03-05 18:56:56","5","2025-03-05 09:56:56","3.9","1"
"admin","IT","6.9","2025-03-03 05:21:33","5","2025-03-02 07:21:33","0.5","1"
"admin","Finance","0.5","2025-03-15 14:22:33","10","2025-03-15 09:22:33","1.0","1"
"manager","Finance","2.6","2025-03-15 19:54:22","5","2025-03-14 20:54:22","4.7","0"
"manager","IT","7.8","2025-03-20 15:01:52","4","2025-03-20 14:01:52","3.1","1"
"employee","HR","4.9","2025-03-19 10:33:33","4","2025-03-18 03:33:33","4.7","0"
"employee","IT","4.7","2025-03-10 05:48:17","7","2025-03-08 14:48:17","2.9","0"
"employee","Finance","9.0","2025-03-30 01:50:55","8","2025-03-29 05:50:55","0.4","0"
"employee","Operations","8.7","2025-03-06 04:45:49","7","2025-03-04 19:45:49","3.4","0"
"manager","IT","4.6","2025-03-12 16:01:13","7","2025-03-11 02:01:13","2.0","0"
"admin","HR","1.1","2025-03-05 17:53:08","6","2025-03-05 14:53:08","4.6","1"
"manager","HR","3.5","2025-03-26 09:13:07","2","2025-03-26 06:13:07","3.3","0"
"admin","IT","6.4","2025-03-23 08:37:19","4","2025-03-22 06:37:19","4.0","1"
"manager","HR","7.5","2025-03-01 06:35:03","6","2025-03-01 04:35:03","0.9","0"
"admin","HR","0.1","2025-03-15 12:18:01","10","2025-03-14 19:18:01","1.1","1"
"manager","Finance","5.0","2025-03-29 22:21:17","7","2025-03-28 11:21:17","2.9","0"
"manager","IT","7.8","2025-03-18 14:53:05","3","2025-03-17 04:53:05","0.1","1"
"admin","Operations","0.5","2025-03-08 08:24:52","7","2025-03-08 08:24:52","1.7","1"
"employee","Finance","0.4","2025-03-02 15:08:13","3","2025-03-01 14:08:13","2.7","1"
"employee","Operations","6.3","2025-03-10 04:06:01","9","2025-03-09 06:06:01","5.0","0"
"admin","Operations","6.2","2025-03-13 03:53:40","5","2025-03-12 01:53:40","4.9","1"
"manager","Operations","10.0","2025-03-06 04:09:15","4","2025-03-05 05:09:15","4.9","0"
"manager","Finance","7.9","2025-03-30 22:31:45","4","2025-03-30 18:31:45","1.3","0"
"manager","HR","4.7","2025-03-17 15:02:32","10","2025-03-15 23:02:32","3.8","0"
"admin","IT","9.0","2025-03-26 18:39:49","4","2025-03-26 11:39:49","1.4","1"
"manager","HR","1.2","2025-03-15 16:38:44","2","2025-03-14 13:38:44","4.5","1"
"employee","HR","2.4","2025-03-07 02:59:04","10","2025-03-05 12:59:04","2.2","0"
"manager","IT","3.7","2025-03-05 02:40:43","4","2025-03-03 10:40:43","3.9","0"
"employee","Finance","7.6","2025-03-16 17:38:59","3","2025-03-15 04:38:59","0.1","1"
"employee","HR","1.3","2025-03-22 19:26:27","2","2025-03-21 06:26:27","1.8","0"
"employee","IT","9.7","2025-03-08 01:27:26","4","2025-03-07 20:27:26","2.4","1"
"admin","IT","7.5","2025-03-11 20:44:09","7","2025-03-09 22:44:09","1.9","1"
"admin","Finance","5.5","2025-03-24 04:40:50","3","2025-03-22 22:40:50","3.4","1"
"admin","IT","4.0","2025-03-30 17:39:51","2","2025-03-30 16:39:51","1.7","1"
"employee","HR","2.9","2025-03-10 00:07:40","7","2025-03-08 23:07:40","2.6","0"
"manager","Finance","5.9","2025-03-01 21:38:21","6","2025-03-01 02:38:21","3.2","0"
"manager","IT","6.4","2025-03-16 15:05:10","8","2025-03-14 23:05:10","2.3","0"
"employee","IT","2.9","2025-03-28 11:08:33","10","2025-03-27 05:08:33","0.1","0"
"manager","IT","7.3","2025-03-29 17:00:42","3","2025-03-28 08:00:42","3.8","1"
"employee","Finance","1.6","2025-03-06 05:06:57","9","2025-03-05 21:06:57","4.1","0"
"admin","IT","1.8","2025-03-13 17:57:31","2","2025-03-13 07:57:31","4.1","1"
"employee","HR","4.6","2025-03-23 01:25:42","10","2025-03-21 18:25:42","1.4","0"
"manager","Finance","2.7","2025-03-18 18:30:01","10","2025-03-17 09:30:01","4.9","0"
"manager","IT","3.3","2025-03-12 09:42:42","1","2025-03-12 09:42:42","4.8","0"
"employee","IT","4.3","2025-03-18 22:03:58","10","2025-03-18 04:03:58","2.3","0"
"employee","Finance","5.8","2025-03-29 00:05:19","5","2025-03-28 20:05:19","2.5","0"
"manager","HR","3.2","2025-03-12 14:35:50","9","2025-03-11 12:35:50","3.8","0"
"employee","IT","0.6","2025-03-22 09:57:28","9","2025-03-21 02:57:28","2.6","0"
"employee","Operations","9.9","2025-03-03 00:53:15","3","2025-03-02 08:53:15","3.6","0"
"manager","Operations","8.9","2025-03-01 13:18:15","4","2025-02-28 08:18:15","4.5","0"
"admin","Operations","9.8","2025-03-14 06:58:53","10","2025-03-14 02:58:53","0.7","1"
"manager","HR","0.8","2025-03-27 10:40:31","4","2025-03-26 17:40:31","1.5","1"
"employee","IT","4.7","2025-03-26 02:18:00","2","2025-03-25 17:18:00","4.2","0"
"employee","Operations","5.2","2025-03-04 04:47:28","7","2025-03-02 18:47:28","4.1","0"
"admin","Finance","3.5","2025-03-20 07:27:24","7","2025-03-19 02:27:24","1.6","1"
"admin","IT","4.3","2025-03-27 09:52:17","4","2025-03-26 23:52:17","1.5","1"
"employee","Operations","8.7","2025-03-13 22:32:54","6","2025-03-12 20:32:54","1.2","0"
"manager","Finance","4.0","2025-03-13 17:07:36","6","2025-03-13 13:07:36","1.5","0"
"manager","IT","2.9","2025-03-22 11:57:44","2","2025-03-20 14:57:44","1.1","1"
"admin","Finance","5.3","2025-03-01 07:57:55","5","2025-02-27 09:57:55","2.4","1"
"employee","Operations","7.1","2025-03-21 16:00:40","4","2025-03-21 16:00:40","1.0","0"
"manager","Finance","4.3","2025-03-23 18:56:58","4","2025-03-21 19:56:58","4.1","0"
"admin","HR","2.7","2025-03-06 06:27:39","4","2025-03-05 13:27:39","0.6","1"
"admin","HR","2.2","2025-03-29 04:22:14","4","2025-03-28 15:22:14","4.1","1"
"manager","Operations","6.8","2025-03-07 03:58:53","4","2025-03-05 19:58:53","3.1","0"
"admin","Finance","9.5","2025-03-20 03:14:20","6","2025-03-18 08:14:20","0.8","1"
"employee","Operations","10.0","2025-03-30 16:39:23","7","2025-03-30 01:39:23","1.7","0"
"employee","Operations","6.8","2025-03-20 14:32:37","10","2025-03-20 12:32:37","1.7","0"
"admin","HR","4.0","2025-03-14 10:13:38","2","2025-03-13 04:13:38","3.0","1"
"manager","IT","9.9","2025-03-16 20:46:00","2","2025-03-16 01:46:00","1.0","1"
"admin","Finance","0.6","2025-03-04 04:31:31","4","2025-03-04 01:31:31","0.8","1"
"employee","IT","7.2","2025-03-15 09:57:27","8","2025-03-14 12:57:27","0.3","0"
"employee","Operations","2.7","2025-03-20 23:15:36","2","2025-03-20 07:15:36","4.1","0"
"manager","IT","6.8","2025-03-21 00:56:02","7","2025-03-19 11:56:02","4.6","0"
"employee","Operations","1.9","2025-03-01 22:38:23","4","2025-02-28 07:38:23","1.3","0"
"admin","IT","3.1","2025-03-28 12:56:50","6","2025-03-27 02:56:50","2.3","1"
"employee","HR","3.9","2025-03-15 16:46:29","10","2025-03-15 06:46:29","0.8","0"
"manager","Finance","6.5","2025-03-19 22:14:56","10","2025-03-19 15:14:56","1.5","0"
"admin","Finance","9.7","2025-03-12 13:53:58","6","2025-03-12 00:53:58","2.9","1"
"admin","HR","8.7","2025-03-14 22:24:27","7","2025-03-13 15:24:27","2.1","1"
"manager","Operations","1.5","2025-03-26 19:48:35","10","2025-03-25 05:48:35","4.9","0"
"admin","Finance","4.5","2025-03-28 23:51:52","2","2025-03-27 12:51:52","3.0","1"
"admin","HR","2.1","2025-03-10 22:14:06","6","2025-03-09 17:14:06","2.4","1"
"admin","IT","2.0","2025-03-11 10:26:01","3","2025-03-09 15:26:01","4.6","1"
"employee","IT","9.9","2025-03-23 01:05:30","10","2025-03-23 01:05:30","4.0","0"
"admin","Finance","7.8","2025-03-05 06:15:11","5","2025-03-03 14:15:11","2.3","1"
"admin","Operations","7.3","2025-03-03 14:42:03","3","2025-03-02 04:42:03","3.5","1"
"admin","Operations","2.1","2025-03-21 07:15:49","6","2025-03-19 15:15:49","1.4","1"
"admin","IT","6.2","2025-03-29 13:39:36","8","2025-03-28 13:39:36","0.2","1"
"employee","IT","4.3","2025-03-02 07:37:07","3","2025-03-01 00:37:07","0.8","0"
"manager","Operations","7.0","2025-03-03 05:00:39","8","2025-03-02 00:00:39","3.1","0"
"manager","HR","4.4","2025-03-28 14:40:26","1","2025-03-27 19:40:26","3.8","1"
"admin","IT","1.7","2025-03-20 09:31:04","10","2025-03-20 08:31:04","1.2","1"
"manager","Operations","6.8","2025-03-17 12:17:35","6","2025-03-15 19:17:35","2.6","0"
"employee","Finance","1.6","2025-03-16 06:46:25","9","2025-03-15 00:46:25","2.5","0"
"admin","Finance","2.0","2025-03-25 01:31:52","4","2025-03-23 08:31:52","4.4","1"
"employee","Operations","6.1","2025-03-05 14:40:10","9","2025-03-04 07:40:10","2.8","0"
"employee","IT","7.6","2025-03-16 22:44:16","1","2025-03-16 20:44:16","3.0","1"
"manager","Operations","4.4","2025-03-08 02:29:08","10","2025-03-06 06:29:08","3.2","0"
"employee","Finance","5.9","2025-03-29 00:07:27","4","2025-03-28 11:07:27","1.2","0"
"employee","Operations","4.0","2025-03-07 01:39:51","7","2025-03-06 05:39:51","2.6","0"
"employee","Finance","5.2","2025-03-29 08:30:16","7","2025-03-28 11:30:16","1.7","0"
"employee","HR","1.8","2025-03-13 16:00:39","7","2025-03-13 01:00:39","3.0","0"
"manager","HR","9.0","2025-03-27 17:55:40","2","2025-03-26 21:55:40","0.5","1"
"employee","Operations","9.7","2025-03-16 15:48:55","4","2025-03-14 22:48:55","3.5","0"
"employee","HR","9.9","2025-03-26 17:42:39","6","2025-03-25 02:42:39","4.0","0"
"admin","Finance","5.5","2025-03-23 20:07:58","9","2025-03-22 18:07:58","1.2","1"
"admin","IT","5.9","2025-03-28 11:18:01","6","2025-03-26 12:18:01","2.8","1"
"manager","IT","1.3","2025-03-29 07:52:08","3","2025-03-27 07:52:08","4.1","0"
"admin","Operations","1.3","2025-03-09 21:41:00","3","2025-03-08 03:41:00","0.5","1"
"admin","HR","8.6","2025-03-22 02:14:43","1","2025-03-20 17:14:43","1.3","1"
"manager","Finance","5.3","2025-03-15 15:19:45","5","2025-03-14 16:19:45","1.3","1"
"admin","Operations","0.3","2025-03-13 06:19:52","4","2025-03-13 02:19:52","4.8","1"
"manager","IT","3.7","2025-03-01 07:37:58","1","2025-02-27 15:37:58","4.8","0"
"manager","Finance","1.9","2025-03-26 20:12:31","3","2025-03-25 07:12:31","3.1","0"
"admin","HR","2.6","2025-03-06 08:42:24","4","2025-03-05 03:42:24","4.6","1"
"admin","Finance","5.1","2025-03-28 14:25:46","5","2025-03-26 16:25:46","2.3","1"
"manager","HR","5.5","2025-03-11 01:39:43","4","2025-03-09 14:39:43","4.8","0"
"employee","Finance","4.2","2025-03-01 03:59:44","1","2025-02-28 23:59:44","4.2","0"
"admin","IT","4.3","2025-03-15 01:15:52","4","2025-03-14 20:15:52","4.7","1"
"admin","Operations","5.9","2025-03-14 05:06:36","8","2025-03-12 21:06:36","0.2","1"
"admin","Operations","8.5","2025-03-20 14:45:49","1","2025-03-18 23:45:49","2.1","1"
"manager","Finance","6.8","2025-03-02 09:32:55","4","2025-03-02 08:32:55","1.2","1"
"admin","HR","6.1","2025-03-07 02:02:31","9","2025-03-05 15:02:31","2.8","1"
"employee","Finance","8.8","2025-03-18 02:09:42","10","2025-03-17 15:09:42","0.3","0"
"employee","Operations","0.3","2025-03-01 19:06:22","8","2025-03-01 19:06:22","4.9","0"
"admin","Operations","4.1","2025-03-13 08:31:01","2","2025-03-11 13:31:01","1.9","1"
"employee","HR","0.8","2025-03-05 15:50:38","6","2025-03-05 15:50:38","4.1","0"
"admin","Finance","8.6","2025-03-01 11:20:02","7","2025-03-01 03:20:02","1.9","1"
"manager","IT","6.8","2025-03-16 16:03:01","2","2025-03-15 19:03:01","4.1","1"
"admin","IT","7.8","2025-03-28 17:57:08","3","2025-03-27 17:57:08","4.5","1"
"employee","IT","1.9","2025-03-01 14:39:08","9","2025-02-27 18:39:08","2.4","0"
"admin","HR","3.6","2025-03-22 16:00:22","5","2025-03-21 04:00:22","2.7","1"
"manager","IT","6.0","2025-03-25 06:54:02","7","2025-03-23 14:54:02","2.6","0"
"admin","Finance","4.1","2025-03-15 03:36:04","3","2025-03-14 22:36:04","1.7","1"
"manager","Finance","8.8","2025-03-10 17:29:12","5","2025-03-09 00:29:12","1.5","0"
"manager","Finance","9.0","2025-03-25 20:04:54","2","2025-03-25 10:04:54","0.6","0"
"manager","Operations","1.6","2025-03-14 08:02:16","6","2025-03-12 09:02:16","3.4","0"
"admin","Finance","1.9","2025-03-28 08:27:22","6","2025-03-27 04:27:22","0.2","1"
"admin","IT","4.8","2025-03-22 01:26:58","9","2025-03-20 11:26:58","1.3","1"
"admin","Finance","7.4","2025-03-17 20:43:09","1","2025-03-17 03:43:09","4.6","1"
"manager","HR","6.2","2025-03-21 01:34:06","3","2025-03-20 21:34:06","2.5","0"
"employee","Finance","0.2","2025-03-18 13:51:21","4","2025-03-17 16:51:21","3.1","0"
"admin","IT","4.8","2025-03-20 20:52:27","4","2025-03-19 08:52:27","3.9","1"
"employee","HR","3.9","2025-03-12 21:54:19","4","2025-03-11 09:54:19","4.7","0"
"employee","Finance","0.8","2025-03-22 21:32:23","9","2025-03-21 11:32:23","1.5","0"
"employee","IT","6.0","2025-03-04 01:09:37","1","2025-03-03 21:09:37","2.2","1"
"admin","IT","3.1","2025-03-22 16:18:32","9","2025-03-21 18:18:32","3.2","1"
"manager","IT","6.6","2025-03-30 20:35:04","4","2025-03-29 19:35:04","2.9","1"
"employee","Operations","8.4","2025-03-28 04:31:19","5","2025-03-27 07:31:19","0.4","0"
"employee","HR","8.2","2025-03-09 16:59:12","10","2025-03-07 18:59:12","0.4","0"
"employee","Operations","9.1","2025-03-04 11:57:57","8","2025-03-04 07:57:57","4.2","0"
"manager","HR","9.5","2025-03-05 11:12:28","8","2025-03-05 02:12:28","0.5","0"
"employee","Finance","1.5","2025-03-30 13:37:31","5","2025-03-29 16:37:31","1.3","0"
"manager","IT","9.4","2025-03-12 22:11:43","5","2025-03-12 22:11:43","0.7","1"
"employee","Finance","8.4","2025-03-15 12:18:12","4","2025-03-14 11:18:12","3.3","0"
"employee","IT","4.8","2025-03-03 01:28:36","7","2025-03-02 11:28:36","3.8","0"
"admin","Operations","3.1","2025-03-06 20:19:55","1","2025-03-05 01:19:55","4.8","1"
"manager","Operations","4.5","2025-03-10 05:22:19","10","2025-03-08 23:22:19","0.7","0"
"employee","HR","5.5","2025-03-27 23:39:49","6","2025-03-27 08:39:49","3.1","0"
"manager","Operations","2.2","2025-03-05 18:21:13","2","2025-03-04 16:21:13","2.5","0"
"admin","Operations","2.8","2025-03-01 18:55:43","2","2025-02-27 19:55:43","3.3","1"
"employee","IT","3.1","2025-03-18 17:01:36","2","2025-03-18 05:01:36","2.0","1"
"admin","Operations","0.3","2025-03-14 12:40:49","5","2025-03-14 12:40:49","2.2","1"
"admin","Operations","0.2","2025-03-10 20:29:07","6","2025-03-09 01:29:07","1.5","1"
"manager","Operations","2.7","2025-03-01 09:41:10","6","2025-02-28 15:41:10","1.9","1"
"manager","Operations","0.3","2025-03-10 22:27:27","4","2025-03-10 18:27:27","1.3","0"
"employee","Finance","3.7","2025-03-01 10:50:30","7","2025-02-27 12:50:30","3.3","0"
"employee","IT","3.0","2025-03-13 22:05:20","2","2025-03-12 08:05:20","0.2","0"
"manager","IT","4.9","2025-03-02 18:03:39","10","2025-03-02 15:03:39","3.3","0"
"employee","Finance","5.2","2025-03-29 15:13:24","8","2025-03-28 11:13:24","2.4","0"
"admin","IT","8.3","2025-03-12 02:07:15","2","2025-03-11 22:07:15","3.1","1"
"employee","Operations","0.5","2025-03-16 02:26:00","3","2025-03-15 04:26:00","0.8","0"
"manager","HR","4.8","2025-03-16 06:48:54","5","2025-03-15 19:48:54","4.0","0"
"employee","IT","7.7","2025-03-17 14:58:23","9","2025-03-16 23:58:23","1.4","0"
"admin","IT","2.4","2025-03-13 18:35:18","8","2025-03-12 17:35:18","2.7","1"
"employee","Finance","4.4","2025-03-02 01:25:45","3","2025-03-01 09:25:45","0.4","0"
"admin","HR","3.5","2025-03-29 09:21:03","3","2025-03-28 16:21:03","2.2","1"
"employee","IT","1.1","2025-03-02 09:46:20","6","2025-03-02 00:46:20","0.6","0"
"employee","HR","5.8","2025-03-07 15:45:14","5","2025-03-07 10:45:14","4.3","0"
"manager","IT","5.0","2025-03-21 10:18:01","8","2025-03-20 02:18:01","4.1","0"
"employee","IT","1.9","2025-03-24 21:01:26","9","2025-03-24 00:01:26","0.2","0"
"admin","Operations","3.9","2025-03-12 22:43:08","2","2025-03-12 13:43:08","1.7","1"
"admin","Finance","8.9","2025-03-06 13:43:27","8","2025-03-05 19:43:27","4.6","1"
"employee","Finance","3.0","2025-03-14 16:49:41","1","2025-03-13 09:49:41","1.8","1"
"admin","HR","6.7","2025-03-13 00:42:25","6","2025-03-11 01:42:25","4.8","1"
"admin","Operations","6.5","2025-03-29 09:33:32","6","2025-03-28 12:33:32","3.4","1"
"manager","IT","9.9","2025-03-01 15:31:54","3","2025-02-28 12:31:54","4.9","1"
"employee","IT","0.5","2025-03-14 09:15:52","2","2025-03-12 15:15:52","4.2","0"
"employee","HR","0.4","2025-03-06 13:38:32","5","2025-03-05 16:38:32","4.5","0"
"employee","IT","1.8","2025-03-27 17:33:09","2","2025-03-26 02:33:09","0.9","1"
"manager","Finance","6.2","2025-03-13 17:38:13","8","2025-03-12 22:38:13","1.1","0"
"admin","Operations","9.8","2025-03-02 15:14:47","6","2025-03-01 12:14:47","2.2","1"
"manager","Finance","6.0","2025-03-13 03:42:16","5","2025-03-11 12:42:16","1.7","0"
"admin","HR","4.5","2025-03-06 18:10:42","1","2025-03-05 15:10:42","4.1","1"
"manager","Operations","8.3","2025-03-05 07:17:23","3","2025-03-04 03:17:23","4.6","0"
"admin","HR","8.2","2025-03-12 15:54:45","6","2025-03-11 03:54:45","4.0","1"
"admin","Finance","8.1","2025-03-21 15:27:41","9","2025-03-20 13:27:41","4.1","1"
"admin","Finance","8.9","2025-03-22 07:12:33","3","2025-03-21 13:12:33","2.8","1"
"employee","Finance","2.5","2025-03-07 20:47:55","5","2025-03-07 04:47:55","1.7","0"
"employee","Operations","8.1","2025-03-18 07:21:59","3","2025-03-16 12:21:59","4.6","0"
"manager","Finance","7.7","2025-03-08 22:52:54","6","2025-03-07 06:52:54","1.6","0"
"manager","HR","1.0","2025-03-04 20:07:22","9","2025-03-03 11:07:22","4.3","0"
"employee","IT","0.1","2025-03-09 23:31:08","2","2025-03-08 00:31:08","4.7","1"
"employee","HR","0.7","2025-03-09 19:04:08","4","2025-03-08 00:04:08","0.4","0"
"employee","Finance","7.9","2025-03-30 20:34:49","8","2025-03-30 06:34:49","4.7","0"
"manager","Finance","4.1","2025-03-21 18:41:19","4","2025-03-20 14:41:19","0.7","0"
"manager","Operations","8.6","2025-03-30 13:21:52","8","2025-03-28 13:21:52","3.8","0"
"employee","HR","3.4","2025-03-10 14:44:01","10","2025-03-08 22:44:01","4.8","0"
"employee","Operations","3.1","2025-03-24 10:00:42","7","2025-03-23 20:00:42","0.9","0"
"admin","IT","3.7","2025-03-19 13:19:11","10","2025-03-19 05:19:11","3.2","1"
"admin","Finance","4.1","2025-03-28 19:00:53","2","2025-03-28 13:00:53","4.2","1"
"manager","Finance","0.2","2025-03-01 17:32:33","8","2025-03-01 16:32:33","2.5","0"
"employee","IT","5.5","2025-03-29 22:43:27","10","2025-03-29 14:43:27","2.9","0"
"manager","IT","1.5","2025-03-10 06:59:54","4","2025-03-10 01:59:54","1.2","0"
"employee","Finance","6.3","2025-03-24 11:23:14","9","2025-03-22 19:23:14","4.1","0"
"admin","Operations","7.7","2025-03-17 13:43:01","1","2025-03-17 01:43:01","1.4","1"
"manager","HR","4.4","2025-03-03 05:52:50","4","2025-03-01 12:52:50","2.6","0"
"employee","Operations","6.1","2025-03-09 13:08:47","4","2025-03-09 04:08:47","0.2","1"
"manager","Finance","6.8","2025-03-18 13:20:30","2","2025-03-18 11:20:30","5.0","0"
"admin","Operations","4.4","2025-03-18 15:59:18","1","2025-03-16 21:59:18","0.3","1"
"employee","Operations","5.0","2025-03-07 01:57:14","10","2025-03-05 15:57:14","3.3","0"
"employee","IT","6.5","2025-03-15 17:01:29","2","2025-03-14 03:01:29","1.3","1"
"manager","HR","4.3","2025-03-21 05:36:22","10","2025-03-20 07:36:22","3.4","0"
"admin","IT","2.8","2025-03-22 01:50:38","9","2025-03-21 23:50:38","1.6","1"
"manager","Finance","5.0","2025-03-19 16:59:06","2","2025-03-18 22:59:06","2.1","1"
"admin","Operations","2.8","2025-03-01 06:03:30","6","2025-02-28 04:03:30","3.3","1"
"employee","IT","5.8","2025-03-20 00:35:59","4","2025-03-19 13:35:59","2.4","1"
"manager","HR","1.6","2025-03-18 05:16:35","10","2025-03-16 18:16:35","3.6","0"
"manager","HR","0.6","2025-03-10 22:56:44","10","2025-03-09 23:56:44","4.5","0"
"admin","Finance","1.5","2025-03-13 22:00:13","9","2025-03-12 20:00:13","4.6","1"
"manager","HR","4.2","2025-03-06 19:33:18","7","2025-03-05 13:33:18","0.9","0"
"manager","Operations","0.4","2025-03-20 07:00:03","10","2025-03-19 10:00:03","2.8","0"
"manager","HR","0.5","2025-03-30 22:02:37","5","2025-03-30 22:02:37","3.2","0"
"employee","IT","4.6","2025-03-02 23:23:19","1","2025-03-01 14:23:19","0.7","1"
"admin","IT","3.2","2025-03-21 05:56:04","7","2025-03-20 12:56:04","3.6","1"
"manager","Operations","4.3","2025-03-26 06:14:29","9","2025-03-25 01:14:29","2.6","0"
"admin","HR","0.9","2025-03-04 04:33:53","5","2025-03-04 04:33:53","4.4","1"
"manager","Operations","1.8","2025-03-18 07:39:39","2","2025-03-18 00:39:39","0.4","0"
"admin","Operations","2.1","2025-03-01 03:58:37","9","2025-02-27 11:58:37","2.6","1"
"admin","Finance","0.5","2025-03-20 23:02:20","4","2025-03-19 10:02:20","2.5","1"
"admin","IT","8.2","2025-03-12 13:34:39","10","2025-03-10 17:34:39","4.3","1"
"admin","IT","7.3","2025-03-01 04:34:18","7","2025-02-28 05:34:18","3.8","1"
"manager","IT","5.0","2025-03-02 19:04:08","7","2025-03-01 17:04:08","1.0","0"
"admin","HR","0.0","2025-03-02 04:00:16","3","2025-02-28 14:00:16","1.9","1"
"admin","Operations","2.5","2025-03-29 22:52:28","5","2025-03-29 15:52:28","3.2","1"
"employee","Operations","6.4","2025-03-07 13:47:02","1","2025-03-06 16:47:02","0.7","1"
"admin","HR","9.6","2025-03-09 09:01:14","5","2025-03-08 06:01:14","3.1","1"
"manager","IT","2.6","2025-03-03 00:37:51","10","2025-03-01 10:37:51","4.4","0"
"admin","Operations","8.2","2025-03-28 03:51:46","7","2025-03-26 15:51:46","1.1","1"
"employee","Operations","4.5","2025-03-12 17:13:47","6","2025-03-11 14:13:47","4.2","0"
"manager","HR","10.0","2025-03-05 01:34:41","2","2025-03-03 17:34:41","2.0","0"
"employee","HR","2.8","2025-03-14 23:19:06","9","2025-03-13 08:19:06","4.4","0"
"admin","HR","9.5","2025-03-02 19:30:31","10","2025-03-02 05:30:31","1.1","1"
"employee","Finance","3.7","2025-03-04 17:38:40","10","2025-03-02 18:38:40","3.2","0"
"admin","Finance","2.6","2025-03-04 17:23:01","1","2025-03-04 15:23:01","1.9","1"
"admin","Operations","9.4","2025-03-30 23:31:41","8","2025-03-29 19:31:41","3.5","1"
"manager","Operations","3.0","2025-03-09 03:34:38","9","2025-03-08 12:34:38","1.6","0"
"manager","Finance","1.9","2025-03-29 08:28:29","1","2025-03-27 20:28:29","0.8","0"
"employee","IT","4.3","2025-03-24 22:12:07","3","2025-03-23 14:12:07","1.2","0"
"manager","IT","1.7","2025-03-19 05:05:32","4","2025-03-18 11:05:32","1.7","0"
"employee","HR","2.0","2025-03-04 07:44:24","10","2025-03-02 07:44:24","3.3","0"
"manager","Operations","4.1","2025-03-25 18:25:52","3","2025-03-24 04:25:52","1.3","0"
"employee","HR","0.2","2025-03-02 14:56:22","4","2025-02-28 22:56:22","1.2","0"
"admin","Operations","7.0","2025-03-02 03:39:13","10","2025-02-28 04:39:13","4.0","1"
"admin","Operations","2.6","2025-03-04 08:36:52","10","2025-03-03 12:36:52","4.3","1"
"manager","Operations","0.6","2025-03-12 05:28:21","10","2025-03-10 22:28:21","4.1","0"
"admin","IT","9.3","2025-03-30 19:22:00","5","2025-03-28 23:22:00","0.2","1"
"employee","Operations","8.8","2025-03-08 02:40:46","8","2025-03-07 08:40:46","2.7","0"
"manager","Finance","9.3","2025-03-30 05:23:12","5","2025-03-28 05:23:12","3.0","0"
"employee","IT","4.9","2025-03-06 20:52:17","7","2025-03-06 08:52:17","0.7","0"
"manager","Operations","7.3","2025-03-27 19:26:23","10","2025-03-26 04:26:23","2.0","0"
"employee","Operations","5.6","2025-03-22 01:08:16","2","2025-03-21 15:08:16","3.8","0"
"manager","Finance","0.1","2025-03-24 07:57:22","10","2025-03-23 13:57:22","3.7","0"
"admin","HR","2.2","2025-03-13 00:02:18","7","2025-03-11 21:02:18","0.3","1"
"admin","IT","0.1","2025-03-16 12:53:54","4","2025-03-15 01:53:54","1.3","1"
"employee","HR","3.2","2025-03-19 21:50:24","9","2025-03-18 21:50:24","2.9","0"
"manager","Operations","9.9","2025-03-13 16:13:21","7","2025-03-12 11:13:21","0.9","0"
"employee","HR","8.8","2025-03-10 21:23:00","6","2025-03-10 10:23:00","2.7","0"
"admin","HR","1.1","2025-03-16 09:06:05","1","2025-03-15 19:06:05","1.1","1"
"admin","IT","7.5","2025-03-20 06:57:04","8","2025-03-18 19:57:04","3.3","1"
"admin","Operations","6.0","2025-03-30 22:00:38","2","2025-03-30 20:00:38","2.8","1"
"manager","Finance","0.2","2025-03-29 07:32:02","10","2025-03-29 07:32:02","0.6","0"
"employee","Finance","2.8","2025-03-25 16:15:19","10","2025-03-24 11:15:19","1.1","0"
"admin","Operations","8.7","2025-03-17 06:11:32","7","2025-03-15 06:11:32","2.4","1"
"employee","Operations","7.8","2025-03-25 16:56:01","2","2025-03-24 08:56:01","3.1","1"
"employee","Operations","5.8","2025-03-15 02:46:00","7","2025-03-14 19:46:00","3.3","0"
"employee","HR","6.8","2025-03-11 21:55:04","4","2025-03-11 15:55:04","2.1","0"
"employee","Finance","6.7","2025-03-04 19:04:32","1","2025-03-04 00:04:32","1.7","0"
"manager","Operations","6.9","2025-03-18 11:26:00","10","2025-03-18 07:26:00","5.0","0"
"employee","HR","9.7","2025-03-26 17:29:52","3","2025-03-25 19:29:52","2.4","1"
"employee","Operations","4.8","2025-03-30 01:02:50","9","2025-03-29 20:02:50","0.2","0"
"admin","Operations","6.3","2025-03-05 06:27:17","9","2025-03-04 20:27:17","0.2","1"
"admin","HR","7.8","2025-03-28 12:23:20","2","2025-03-27 01:23:20","1.5","1"
"admin","HR","9.3","2025-03-08 00:17:19","10","2025-03-06 04:17:19","4.9","1"
"employee","Operations","8.2","2025-03-27 23:46:57","6","2025-03-26 15:46:57","2.2","0"
"admin","IT","9.3","2025-03-27 08:31:13","6","2025-03-26 16:31:13","1.0","1"
"manager","Operations","6.1","2025-03-13 03:38:22","1","2025-03-12 20:38:22","3.7","0"
"admin","Operations","3.9","2025-03-24 17:52:37","1","2025-03-24 15:52:37","2.3","1"
"employee","Operations","3.5","2025-03-09 18:34:42","7","2025-03-07 20:34:42","2.7","0"
"manager","Operations","2.1","2025-03-21 12:29:51","5","2025-03-20 16:29:51","4.3","0"
"manager","HR","2.0","2025-03-03 16:52:08","3","2025-03-02 13:52:08","4.7","1"
"admin","HR","4.5","2025-03-27 04:19:57","10","2025-03-26 18:19:57","4.5","1"
"admin","Finance","7.6","2025-03-27 05:03:35","10","2025-03-27 00:03:35","4.7","1"
"manager","HR","5.6","2025-03-18 02:50:51","3","2025-03-17 15:50:51","0.9","0"
"manager","IT","2.1","2025-03-23 21:40:14","8","2025-03-22 07:40:14","4.6","0"
"employee","Finance","4.1","2025-03-04 10:56:25","1","2025-03-04 10:56:25","0.6","1"
"admin","IT","8.0","2025-03-22 10:01:16","4","2025-03-21 00:01:16","4.1","1"
"admin","Finance","1.6","2025-03-29 02:57:08","6","2025-03-28 08:57:08","1.8","1"
"manager","Operations","2.9","2025-03-28 01:30:46","1","2025-03-26 10:30:46","1.2","0"
"admin","HR","6.1","2025-03-20 04:26:16","7","2025-03-19 12:26:16","1.0","1"
"manager","IT","0.2","2025-03-08 20:10:06","5","2025-03-07 14:10:06","4.9","0"
"employee","Operations","8.2","2025-03-02 02:10:41","7","2025-02-28 03:10:41","2.2","0"
"manager","IT","1.0","2025-03-13 20:38:02","6","2025-03-12 10:38:02","0.1","0"
"manager","Finance","6.2","2025-03-06 04:54:46","7","2025-03-06 02:54:46","0.2","0"
"employee","Operations","3.5","2025-03-22 17:38:50","3","2025-03-21 19:38:50","1.9","1"
"manager","HR","8.9","2025-03-10 09:41:16","5","2025-03-09 10:41:16","2.9","0"
"manager","Operations","5.9","2025-03-20 05:45:35","5","2025-03-18 12:45:35","2.2","0"
"manager","Finance","8.1","2025-03-10 12:16:56","6","2025-03-08 18:16:56","3.9","0"
"employee","Finance","2.6","2025-03-22 17:28:49","3","2025-03-21 21:28:49","3.1","1"
"employee","Finance","7.9","2025-03-16 15:46:54","7","2025-03-15 16:46:54","4.3","0"
"admin","HR","1.9","2025-03-02 21:24:42","1","2025-03-02 04:24:42","3.1","1"
"manager","IT","1.8","2025-03-09 15:25:28","2","2025-03-08 20:25:28","4.6","0"
"admin","IT","6.6","2025-03-04 11:34:32","1","2025-03-03 19:34:32","4.1","1"
"manager","Finance","3.6","2025-03-27 12:31:09","10","2025-03-27 06:31:09","2.6","0"
"employee","Finance","8.4","2025-03-21 05:47:15","4","2025-03-19 15:47:15","0.9","0"
"manager","HR","5.8","2025-03-12 03:00:41","6","2025-03-11 06:00:41","2.9","0"
"admin","Finance","9.1","2025-03-23 23:41:46","7","2025-03-22 02:41:46","2.9","1"
"employee","IT","3.8","2025-03-02 07:46:57","3","2025-03-01 23:46:57","3.8","0"
"employee","Finance","5.5","2025-03-10 20:29:15","9","2025-03-09 12:29:15","1.8","0"
"employee","HR","5.1","2025-03-04 01:49:30","8","2025-03-02 04:49:30","4.9","0"
"employee","HR","4.8","2025-03-02 01:02:24","4","2025-03-01 04:02:24","4.6","0"
"manager","Finance","2.3","2025-03-12 22:58:03","3","2025-03-11 03:58:03","0.9","0"
"employee","Operations","7.5","2025-03-08 22:00:48","4","2025-03-07 19:00:48","0.9","0"
"admin","Finance","3.8","2025-03-05 08:17:27","3","2025-03-03 13:17:27","2.8","1"
"admin","IT","3.7","2025-03-09 08:46:01","9","2025-03-07 19:46:01","4.8","1"
"manager","Operations","2.8","2025-03-15 02:37:15","8","2025-03-13 03:37:15","4.5","0"
"employee","Finance","9.3","2025-03-22 22:41:36","2","2025-03-22 04:41:36","0.3","0"
"admin","HR","9.8","2025-03-03 17:31:34","10","2025-03-03 14:31:34","0.3","1"
"employee","Operations","1.8","2025-03-15 20:11:26","3","2025-03-14 22:11:26","3.1","0"
"admin","HR","5.2","2025-03-03 01:06:03","1","2025-03-02 20:06:03","4.2","1"
"employee","Operations","0.1","2025-03-18 12:15:09","3","2025-03-18 02:15:09","1.7","1"
"admin","HR","3.1","2025-03-14 09:58:44","5","2025-03-14 08:58:44","4.4","1"
"manager","Operations","7.9","2025-03-18 09:41:19","3","2025-03-17 03:41:19","2.2","1"
"admin","Operations","4.5","2025-03-28 17:05:53","7","2025-03-27 17:05:53","4.7","1"
"manager","IT","5.4","2025-03-28 01:00:55","8","2025-03-26 17:00:55","0.2","0"
"admin","HR","7.1","2025-03-09 06:37:57","10","2025-03-08 22:37:57","2.5","1"
"employee","HR","3.5","2025-03-03 20:22:01","5","2025-03-01 23:22:01","2.6","0"
"manager","Finance","4.4","2025-03-02 06:58:41","10","2025-03-01 18:58:41","1.5","0"
"admin","Finance","6.1","2025-03-20 20:28:08","6","2025-03-20 00:28:08","2.4","1"
"manager","Finance","8.9","2025-03-20 09:04:41","2","2025-03-19 08:04:41","0.7","1"
"admin","Operations","8.4","2025-03-16 10:59:27","10","2025-03-15 21:59:27","3.9","1"
"manager","Operations","1.4","2025-03-27 09:40:53","5","2025-03-26 10:40:53","1.4","1"
"employee","HR","5.0","2025-03-17 02:29:54","1","2025-03-15 19:29:54","2.7","0"
"manager","Finance","2.0","2025-03-24 15:32:17","9","2025-03-23 14:32:17","1.5","0"
"manager","Finance","1.0","2025-03-22 19:51:14","4","2025-03-22 00:51:14","3.0","0"
"manager","IT","0.1","2025-03-06 23:05:34","8","2025-03-06 06:05:34","4.4","0"
"admin","HR","9.8","2025-03-18 21:09:49","4","2025-03-18 01:09:49","1.3","1"
"manager","IT","0.3","2025-03-19 10:52:22","7","2025-03-19 01:52:22","2.5","0"
"admin","Finance","6.7","2025-03-09 04:33:43","2","2025-03-08 00:33:43","0.9","1"
"admin","HR","0.4","2025-03-29 04:51:58","2","2025-03-28 07:51:58","0.8","1"
"admin","IT","0.7","2025-03-02 08:48:14","2","2025-02-28 15:48:14","4.0","1"
"manager","Finance","4.1","2025-03-03 11:31:29","8","2025-03-03 04:31:29","2.8","0"
"admin","Finance","9.2","2025-03-01 02:49:42","3","2025-02-28 18:49:42","0.3","1"
"employee","Operations","0.6","2025-03-16 09:23:46","7","2025-03-15 20:23:46","1.2","0"
"manager","Operations","9.5","2025-03-23 15:06:19","10","2025-03-22 05:06:19","0.5","0"
"manager","Operations","8.4","2025-03-05 20:45:56","1","2025-03-03 21:45:56","4.6","0"
"manager","IT","5.2","2025-03-18 12:24:20","2","2025-03-16 22:24:20","3.2","1"
"admin","HR","6.8","2025-03-20 18:48:55","3","2025-03-20 18:48:55","2.9","1"
"employee","HR","7.1","2025-03-17 22:00:40","3","2025-03-17 05:00:40","3.0","0"
"admin","HR","10.0","2025-03-25 12:25:55","6","2025-03-24 14:25:55","0.6","1"
"employee","Finance","0.9","2025-03-17 09:28:55","1","2025-03-16 04:28:55","4.9","0"
"manager","HR","5.5","2025-03-17 04:17:07","9","2025-03-16 10:17:07","1.3","0"
"employee","IT","0.1","2025-03-07 16:50:56","6","2025-03-07 09:50:56","1.9","1"
"employee","Operations","1.4","2025-03-24 15:24:51","1","2025-03-23 22:24:51","1.7","1"
"admin","HR","2.2","2025-03-15 00:52:57","2","2025-03-13 19:52:57","4.5","1"
"manager","Operations","1.3","2025-03-14 13:19:21","4","2025-03-12 17:19:21","3.5","0"
"admin","HR","1.2","2025-03-20 00:33:49","10","2025-03-18 11:33:49","1.2","1"
"employee","HR","4.5","2025-03-29 06:43:04","2","2025-03-28 01:43:04","2.3","0"
"admin","IT","0.5","2025-03-09 13:04:26","7","2025-03-07 17:04:26","1.3","1"
"manager","Finance","9.1","2025-03-15 03:01:26","10","2025-03-14 06:01:26","2.2","0"
"employee","Finance","8.1","2025-03-26 17:23:48","4","2025-03-25 18:23:48","3.4","1"
"manager","Finance","3.4","2025-03-05 23:31:44","2","2025-03-05 03:31:44","2.1","0"
"manager","HR","0.2","2025-03-19 12:54:12","10","2025-03-18 18:54:12","0.9","0"
"manager","Operations","7.2","2025-03-14 20:25:58","2","2025-03-13 00:25:58","3.9","0"
"manager","Operations","2.4","2025-03-27 18:14:03","7","2025-03-27 13:14:03","4.7","0"
"employee","Operations","2.2","2025-03-02 00:17:26","3","2025-02-28 15:17:26","4.3","0"
"admin","Finance","5.3","2025-03-16 17:34:49","6","2025-03-15 05:34:49","4.9","1"
"manager","Operations","9.5","2025-03-17 07:35:49","7","2025-03-16 09:35:49","0.9","0"
"admin","Finance","7.8","2025-03-29 04:29:39","1","2025-03-27 17:29:39","0.3","1"
"admin","HR","4.0","2025-03-05 12:26:47","5","2025-03-04 06:26:47","4.5","1"
"employee","Finance","0.1","2025-03-13 22:36:08","2","2025-03-13 07:36:08","1.2","0"
"employee","HR","7.9","2025-03-03 01:05:14","8","2025-03-02 11:05:14","3.4","0"
"admin","Finance","9.5","2025-03-13 15:56:16","4","2025-03-12 11:56:16","2.4","1"
"admin","HR","9.8","2025-03-19 01:46:46","3","2025-03-18 10:46:46","3.1","1"
"employee","Operations","4.9","2025-03-25 13:59:39","4","2025-03-25 01:59:39","1.6","1"
"admin","IT","4.2","2025-03-23 22:41:53","6","2025-03-22 08:41:53","2.3","1"
"employee","Finance","8.8","2025-03-16 19:14:25","10","2025-03-16 02:14:25","3.2","0"
"employee","Operations","7.6","2025-03-09 09:01:34","1","2025-03-09 06:01:34","4.0","1"
"admin","Operations","9.2","2025-03-12 23:13:04","10","2025-03-12 06:13:04","4.7","1"
"admin","IT","4.2","2025-03-01 08:16:02","7","2025-03-01 01:16:02","2.4","1"
"employee","Operations","2.8","2025-03-06 14:50:26","1","2025-03-05 20:50:26","3.8","0"
"employee","Operations","7.2","2025-03-13 19:39:31","7","2025-03-13 01:39:31","3.9","0"
"admin","Finance","7.0","2025-03-01 15:24:23","10","2025-02-27 16:24:23","2.1","1"
"employee","IT","1.0","2025-03-22 18:41:37","3","2025-03-22 13:41:37","3.5","0"
"employee","IT","2.1","2025-03-14 03:45:34","3","2025-03-13 15:45:34","3.9","0"
"admin","Finance","4.6","2025-03-16 17:06:49","3","2025-03-14 21:06:49","3.0","1"
"employee","IT","7.4","2025-03-13 06:19:10","1","2025-03-12 13:19:10","4.7","1"
"employee","Operations","1.5","2025-03-20 16:14:56","7","2025-03-19 05:14:56","3.6","0"
"manager","Finance","0.2","2025-03-08 14:17:37","6","2025-03-07 10:17:37","1.1","0"
"admin","IT","5.8","2025-03-18 16:54:34","4","2025-03-18 12:54:34","1.4","1"
"employee","Finance","4.9","2025-03-05 15:19:53","1","2025-03-03 23:19:53","2.6","1"
"manager","IT","9.3","2025-03-16 06:45:44","5","2025-03-15 11:45:44","2.4","0"
"manager","HR","2.1","2025-03-30 14:51:47","5","2025-03-30 01:51:47","4.6","0"
"employee","IT","0.6","2025-03-12 17:04:33","7","2025-03-11 01:04:33","1.3","0"
"manager","Finance","5.6","2025-03-30 09:11:35","7","2025-03-29 02:11:35","1.6","0"
"admin","Operations","4.3","2025-03-01 04:38:43","2","2025-02-27 22:38:43","4.4","1"
"manager","Finance","6.0","2025-03-08 00:08:02","1","2025-03-06 09:08:02","0.2","0"
"admin","HR","1.2","2025-03-26 11:12:23","1","2025-03-25 01:12:23","4.6","1"
"employee","IT","4.6","2025-03-18 13:58:39","7","2025-03-17 13:58:39","3.8","0"
"admin","Operations","7.8","2025-03-19 18:24:49","7","2025-03-17 21:24:49","0.2","1"
"admin","HR","0.2","2025-03-17 19:13:47","4","2025-03-16 02:13:47","0.3","1"
"employee","IT","6.4","2025-03-04 05:51:29","3","2025-03-02 20:51:29","2.6","1"
"manager","HR","2.2","2025-03-16 14:13:16","2","2025-03-15 04:13:16","0.8","1"
"manager","Operations","9.3","2025-03-04 02:59:58","10","2025-03-02 18:59:58","3.2","0"
"manager","Operations","9.3","2025-03-26 22:46:45","5","2025-03-26 20:46:45","0.8","0"
"employee","HR","2.6","2025-03-26 13:58:24","8","2025-03-25 05:58:24","4.0","0"
"admin","Operations","8.0","2025-03-05 16:47:56","9","2025-03-04 01:47:56","0.7","1"
"employee","HR","1.4","2025-03-22 02:55:29","2","2025-03-21 04:55:29","4.6","0"
"admin","IT","2.2","2025-03-13 07:42:07","9","2025-03-11 07:42:07","4.2","1"
"employee","HR","5.1","2025-03-10 14:46:39","5","2025-03-10 03:46:39","4.1","0"
"employee","HR","7.7","2025-03-24 08:38:05","10","2025-03-23 19:38:05","2.3","0"
"manager","Operations","10.0","2025-03-09 05:27:40","2","2025-03-07 05:27:40","4.2","0"
"manager","Finance","7.1","2025-03-25 09:29:36","7","2025-03-24 20:29:36","2.1","0"
"admin","Operations","3.7","2025-03-11 08:57:28","6","2025-03-11 00:57:28","1.9","1"
"manager","HR","9.6","2025-03-19 13:22:28","2","2025-03-19 10:22:28","2.1","0"
"admin","Finance","9.3","2025-03-15 06:22:04","2","2025-03-13 18:22:04","2.9","1"
"admin","Finance","7.6","2025-03-17 10:51:12","9","2025-03-15 16:51:12","1.0","1"
"admin","Finance","1.6","2025-03-13 12:09:38","1","2025-03-13 01:09:38","3.7","1"
"manager","HR","0.7","2025-03-23 03:39:53","5","2025-03-21 20:39:53","1.3","0"
"admin","IT","1.1","2025-03-29 16:01:47","4","2025-03-28 03:01:47","2.3","1"
"admin","HR","9.4","2025-03-17 06:05:37","7","2025-03-16 02:05:37","2.0","1"
"admin","IT","7.7","2025-03-07 18:02:14","6","2025-03-07 05:02:14","1.4","1"
"manager","Operations","3.3","2025-03-25 00:26:43","5","2025-03-23 23:26:43","0.7","0"
"admin","Finance","7.7","2025-03-17 22:06:19","9","2025-03-16 08:06:19","2.1","1"
"employee","Finance","6.4","2025-03-28 01:16:43","2","2025-03-27 11:16:43","2.5","0"
"manager","HR","9.4","2025-03-02 10:22:46","7","2025-02-28 15:22:46","3.0","0"
"employee","Finance","9.5","2025-03-02 02:25:07","1","2025-02-28 09:25:07","1.4","0"
"admin","Operations","8.7","2025-03-14 17:01:32","9","2025-03-14 04:01:32","4.4","1"
"employee","Finance","9.9","2025-03-24 10:03:25","4","2025-03-22 22:03:25","2.5","0"
"admin","Operations","0.1","2025-03-11 19:24:10","3","2025-03-11 13:24:10","3.3","1"
"employee","IT","1.8","2025-03-20 05:56:05","3","2025-03-20 02:56:05","2.4","0"
"admin","Finance","3.9","2025-03-10 22:50:02","9","2025-03-09 12:50:02","3.4","1"
"manager","Finance","7.7","2025-03-24 10:05:14","7","2025-03-23 21:05:14","1.0","0"
"admin","Operations","6.1","2025-03-24 01:49:06","3","2025-03-22 15:49:06","3.0","1"
"admin","Operations","5.5","2025-03-12 05:47:12","3","2025-03-10 09:47:12","1.4","1"
"manager","Operations","6.0","2025-03-01 12:40:10","8","2025-02-27 21:40:10","2.5","0"
"employee","HR","9.2","2025-03-04 20:49:37","5","2025-03-04 17:49:37","0.4","0"
"admin","Operations","9.7","2025-03-23 05:33:38","1","2025-03-21 13:33:38","2.6","1"
"manager","IT","9.9","2025-03-01 15:57:13","9","2025-02-28 23:57:13","2.7","0"
"manager","IT","8.8","2025-03-15 01:22:54","1","2025-03-13 13:22:54","3.1","1"
"employee","Finance","9.6","2025-03-07 21:13:55","2","2025-03-07 16:13:55","3.2","0"
"admin","Finance","3.5","2025-03-13 00:10:48","5","2025-03-11 21:10:48","0.5","1"
"employee","HR","0.2","2025-03-18 06:40:50","3","2025-03-18 02:40:50","2.2","0"
"manager","HR","2.5","2025-03-30 03:16:51","4","2025-03-29 18:16:51","2.6","0"
"manager","IT","4.8","2025-03-15 11:32:59","7","2025-03-13 15:32:59","2.0","0"
"manager","IT","5.4","2025-03-09 20:27:57","2","2025-03-09 13:27:57","1.9","1"
"admin","Finance","1.8","2025-03-14 17:13:27","9","2025-03-14 13:13:27","1.1","1"
"manager","Operations","2.7","2025-03-21 23:20:12","7","2025-03-21 11:20:12","4.6","0"
"admin","HR","8.4","2025-03-29 02:28:44","9","2025-03-28 23:28:44","1.3","1"
"admin","HR","8.4","2025-03-10 11:51:55","1","2025-03-09 07:51:55","2.6","1"
"manager","IT","7.8","2025-03-03 22:42:36","8","2025-03-02 16:42:36","0.3","0"
"admin","Finance","5.5","2025-03-06 15:40:22","1","2025-03-06 05:40:22","3.7","1"
"admin","Operations","2.6","2025-03-07 10:58:46","5","2025-03-07 09:58:46","3.1","1"
"admin","Finance","8.9","2025-03-10 03:55:15","4","2025-03-09 04:55:15","3.7","1"
"employee","Finance","6.9","2025-03-09 20:06:10","10","2025-03-08 04:06:10","4.9","0"
"employee","HR","6.3","2025-03-11 23:25:40","8","2025-03-11 10:25:40","1.8","0"
"admin","Finance","2.2","2025-03-19 08:22:00","10","2025-03-17 18:22:00","4.9","1"
"manager","Operations","0.3","2025-03-23 18:45:34","1","2025-03-22 19:45:34","4.5","0"
"manager","Finance","4.8","2025-03-06 00:24:46","2","2025-03-04 12:24:46","1.0","0"
"admin","IT","1.8","2025-03-17 22:01:40","4","2025-03-17 22:01:40","4.8","1"
"employee","Operations","6.3","2025-03-30 10:53:47","8","2025-03-29 22:53:47","3.4","0"
"employee","Operations","7.5","2025-03-30 23:08:46","2","2025-03-30 13:08:46","0.7","0"
"employee","Finance","3.8","2025-03-23 06:19:06","5","2025-03-22 10:19:06","0.1","0"
"manager","Finance","9.4","2025-03-02 15:27:27","4","2025-03-01 21:27:27","3.6","1"
"employee","Operations","7.9","2025-03-04 03:21:25","9","2025-03-03 01:21:25","4.6","0"
"admin","Finance","4.8","2025-03-29 16:23:36","10","2025-03-29 07:23:36","1.4","1"
"manager","IT","3.2","2025-03-14 00:12:56","3","2025-03-12 07:12:56","1.6","0"
"admin","IT","2.2","2025-03-06 23:42:30","9","2025-03-04 23:42:30","1.4","1"
"employee","Operations","9.4","2025-03-26 11:22:00","9","2025-03-25 19:22:00","2.0","0"
"employee","Finance","9.8","2025-03-02 13:41:24","9","2025-03-01 21:41:24","1.1","0"
"admin","Operations","9.7","2025-03-18 13:36:49","10","2025-03-18 13:36:49","4.1","1"
"admin","IT","3.9","2025-03-23 11:15:23","10","2025-03-21 19:15:23","4.2","1"
"admin","HR","3.8","2025-03-18 21:47:12","3","2025-03-18 15:47:12","2.1","1"
"manager","HR","7.9","2025-03-05 10:13:19","10","2025-03-03 21:13:19","1.4","0"
"employee","HR","7.4","2025-03-04 20:06:55","3","2025-03-04 01:06:55","3.2","0"
"admin","HR","2.3","2025-03-30 14:33:35","4","2025-03-29 20:33:35","1.5","1"
"manager","Finance","3.5","2025-03-15 01:46:59","9","2025-03-14 22:46:59","1.7","0"
"manager","HR","3.9","2025-03-01 00:33:05","10","2025-02-28 08:33:05","4.1","0"
"employee","Finance","9.6","2025-03-02 12:31:41","7","2025-02-28 23:31:41","1.8","0"
"admin","Finance","1.3","2025-03-12 07:13:22","7","2025-03-11 14:13:22","1.3","1"
"manager","Operations","7.7","2025-03-26 02:39:59","6","2025-03-24 07:39:59","1.5","0"
"admin","Operations","7.3","2025-03-07 19:19:02","8","2025-03-07 09:19:02","1.6","1"
"manager","IT","7.7","2025-03-27 19:48:06","10","2025-03-27 05:48:06","3.5","0"
"admin","HR","1.2","2025-03-04 19:04:30","8","2025-03-02 20:04:30","2.9","1"
"employee","Operations","9.6","2025-03-12 04:41:18","1","2025-03-10 20:41:18","3.0","0"
"employee","Finance","3.5","2025-03-01 15:21:11","7","2025-02-28 15:21:11","1.2","0"
"manager","HR","0.3","2025-03-29 18:40:32","4","2025-03-28 15:40:32","1.5","0"
"employee","HR","1.6","2025-03-16 08:32:11","3","2025-03-15 23:32:11","2.0","0"
"manager","Finance","3.7","2025-03-30 03:23:56","7","2025-03-28 15:23:56","2.3","0"
"manager","Operations","7.5","2025-03-11 09:41:10","2","2025-03-11 07:41:10","2.2","1"
"admin","Finance","4.7","2025-03-19 02:08:26","9","2025-03-19 02:08:26","4.7","1"
"manager","Operations","6.1","2025-03-27 04:38:28","1","2025-03-25 18:38:28","1.7","0"
"admin","IT","0.9","2025-03-04 18:26:37","7","2025-03-03 02:26:37","3.3","1"
"admin","Finance","0.3","2025-03-27 16:49:53","6","2025-03-27 10:49:53","4.7","1"
"admin","Operations","5.1","2025-03-08 23:47:44","8","2025-03-07 04:47:44","2.1","1"
"manager","Operations","0.8","2025-03-02 05:26:49","5","2025-03-01 10:26:49","0.6","0"
"admin","Operations","1.7","2025-03-22 12:47:15","3","2025-03-22 12:47:15","0.2","1"
"manager","IT","2.2","2025-03-18 15:17:14","7","2025-03-18 08:17:14","0.7","0"
"employee","Finance","6.4","2025-03-13 05:20:35","9","2025-03-12 01:20:35","0.5","0"
"admin","IT","5.4","2025-03-24 05:09:40","3","2025-03-23 02:09:40","1.3","1"
"manager","HR","9.0","2025-03-14 03:13:51","7","2025-03-13 04:13:51","4.8","0"
"admin","Operations","6.4","2025-03-28 14:27:36","9","2025-03-27 16:27:36","3.0","1"
"admin","HR","4.3","2025-03-14 01:56:12","7","2025-03-14 00:56:12","4.2","1"
"employee","Operations","5.2","2025-03-25 15:33:52","1","2025-03-24 02:33:52","0.8","1"
"admin","HR","0.2","2025-03-12 00:25:40","3","2025-03-11 10:25:40","2.8","1"
"employee","Finance","8.0","2025-03-07 12:29:11","2","2025-03-06 16:29:11","2.0","1"
"manager","Operations","6.1","2025-03-08 07:22:53","7","2025-03-06 15:22:53","2.5","0"
"employee","Operations","3.9","2025-03-26 00:42:37","10","2025-03-24 10:42:37","1.7","0"
"employee","Operations","4.5","2025-03-01 06:20:19","7","2025-02-28 11:20:19","4.2","0"
"manager","HR","1.4","2025-03-02 12:11:33","6","2025-02-28 20:11:33","2.9","0"
"manager","Finance","0.5","2025-03-28 09:44:45","6","2025-03-28 08:44:45","3.1","0"
"admin","Finance","6.2","2025-03-26 11:13:44","5","2025-03-24 12:13:44","0.5","1"
"admin","Operations","4.0","2025-03-18 10:48:11","7","2025-03-16 17:48:11","2.2","1"
"admin","IT","8.2","2025-03-19 06:36:49","7","2025-03-17 14:36:49","0.3","1"
"employee","IT","2.5","2025-03-12 14:08:21","2","2025-03-11 22:08:21","3.2","1"
"manager","Operations","7.2","2025-03-22 03:52:58","3","2025-03-21 15:52:58","3.5","0"
"manager","Finance","0.3","2025-03-01 12:39:00","8","2025-02-27 18:39:00","4.0","0"
"employee","Finance","1.9","2025-03-18 16:20:06","8","2025-03-18 08:20:06","4.5","0"
"admin","IT","4.2","2025-03-08 02:21:30","1","2025-03-07 05:21:30","4.6","1"
"manager","Operations","1.0","2025-03-05 11:27:28","9","2025-03-03 20:27:28","4.0","0"
"employee","HR","1.2","2025-03-25 10:06:58","7","2025-03-23 16:06:58","1.2","0"
"employee","IT","7.3","2025-03-17 05:06:09","4","2025-03-17 00:06:09","2.7","1"
"admin","Operations","1.7","2025-03-09 05:53:23","7","2025-03-07 22:53:23","4.0","1"
"employee","HR","1.5","2025-03-24 14:32:21","2","2025-03-23 08:32:21","3.7","0"
"employee","IT","7.8","2025-03-06 04:09:58","1","2025-03-05 03:09:58","3.1","1"
"admin","HR","7.1","2025-03-23 07:42:50","8","2025-03-22 07:42:50","4.7","1"
"manager","Operations","8.8","2025-03-26 09:13:58","2","2025-03-25 06:13:58","1.7","1"
"employee","HR","3.1","2025-03-20 10:35:31","2","2025-03-19 16:35:31","3.3","1"
"admin","IT","2.9","2025-03-28 13:23:44","8","2025-03-27 22:23:44","2.5","1"
"employee","Finance","9.5","2025-03-10 05:04:52","9","2025-03-08 11:04:52","4.5","0"
"admin","IT","6.3","2025-03-09 17:31:24","5","2025-03-08 20:31:24","3.5","1"
"manager","Finance","1.8","2025-03-20 11:09:30","4","2025-03-19 18:09:30","3.6","0"
"admin","HR","9.9","2025-03-25 17:37:53","3","2025-03-25 17:37:53","1.5","1"
"manager","HR","5.8","2025-03-11 13:56:07","5","2025-03-09 19:56:07","3.7","0"
"manager","Finance","0.4","2025-03-27 03:56:43","3","2025-03-25 22:56:43","1.6","0"
"employee","Operations","4.1","2025-03-25 10:24:29","7","2025-03-24 00:24:29","1.5","0"
"employee","Operations","0.8","2025-03-18 16:51:47","1","2025-03-16 18:51:47","1.3","1"
"admin","Operations","2.1","2025-03-25 10:30:13","9","2025-03-24 06:30:13","4.7","1"
"employee","Finance","3.4","2025-03-25 06:19:55","1","2025-03-24 11:19:55","4.4","0"
"employee","Finance","9.8","2025-03-12 02:57:26","3","2025-03-10 13:57:26","4.9","0"
"admin","HR","3.2","2025-03-05 14:56:36","7","2025-03-04 04:56:36","0.9","1"
"employee","Finance","4.0","2025-03-07 19:40:42","2","2025-03-05 22:40:42","4.1","0"
"employee","Operations","7.3","2025-03-26 22:01:59","8","2025-03-26 01:01:59","2.4","0"
"employee","HR","1.2","2025-03-12 19:42:31","2","2025-03-11 12:42:31","0.2","0"
"employee","IT","5.5","2025-03-13 02:23:03","10","2025-03-13 02:23:03","3.8","0"
"admin","Finance","9.8","2025-03-11 14:35:54","2","2025-03-10 14:35:54","1.6","1"
"admin","HR","1.0","2025-03-09 05:51:05","8","2025-03-08 04:51:05","4.0","1"
"admin","Finance","2.0","2025-03-20 21:30:45","10","2025-03-19 12:30:45","3.3","1"
"employee","IT","5.4","2025-03-18 22:49:13","4","2025-03-17 10:49:13","3.0","1"
"employee","IT","7.9","2025-03-29 12:04:30","8","2025-03-29 02:04:30","1.9","0"
"manager","Operations","0.8","2025-03-27 17:06:28","1","2025-03-26 14:06:28","2.7","0"
"admin","Finance","0.8","2025-03-12 05:29:45","3","2025-03-11 02:29:45","2.9","1"
"manager","HR","6.8","2025-03-06 19:26:05","7","2025-03-06 19:26:05","4.1","0"
"admin","HR","9.2","2025-03-26 10:45:22","5","2025-03-25 15:45:22","3.5","1"
"manager","Operations","0.7","2025-03-23 13:08:18","3","2025-03-21 20:08:18","4.9","1"
"manager","Finance","9.7","2025-03-04 04:02:33","3","2025-03-03 15:02:33","0.9","0"
"manager","Finance","8.2","2025-03-23 14:14:19","3","2025-03-22 08:14:19","0.6","1"
"admin","Finance","0.8","2025-03-16 13:15:21","8","2025-03-16 02:15:21","3.7","1"
"employee","HR","8.5","2025-03-01 05:16:53","3","2025-02-27 12:16:53","2.2","0"
"admin","IT","8.4","2025-03-04 17:26:10","3","2025-03-03 21:26:10","1.0","1"
"admin","Operations","7.7","2025-03-10 18:31:19","3","2025-03-09 06:31:19","1.9","1"
"admin","Finance","1.0","2025-03-11 05:08:13","8","2025-03-09 09:08:13","0.9","1"
"admin","Operations","8.2","2025-03-05 06:16:37","6","2025-03-04 15:16:37","4.6","1"
"manager","HR","6.7","2025-03-19 19:56:14","4","2025-03-19 15:56:14","3.5","0"
"employee","HR","0.1","2025-03-12 03:13:30","5","2025-03-11 12:13:30","3.2","0"
"admin","Finance","3.0","2025-03-09 08:13:53","8","2025-03-09 04:13:53","4.7","1"
"employee","Operations","1.5","2025-03-19 13:14:26","6","2025-03-18 02:14:26","3.3","0"
"employee","IT","3.5","2025-03-30 11:54:46","1","2025-03-29 12:54:46","1.9","1"
"employee","HR","3.5","2025-03-27 19:23:36","5","2025-03-25 23:23:36","0.4","0"
"employee","Finance","6.1","2025-03-17 14:01:29","4","2025-03-16 16:01:29","3.9","1"
"employee","Finance","2.4","2025-03-15 19:33:21","2","2025-03-15 15:33:21","1.7","0"
"employee","Finance","8.8","2025-03-18 04:28:27","3","2025-03-16 23:28:27","5.0","0"
"employee","Operations","9.5","2025-03-04 03:02:55","3","2025-03-03 14:02:55","4.8","0"
"employee","IT","3.6","2025-03-05 08:48:52","10","2025-03-03 11:48:52","3.9","0"
"manager","IT","5.8","2025-03-01 02:34:27","9","2025-02-27 21:34:27","1.9","0"
"employee","Finance","2.3","2025-03-18 06:56:43","10","2025-03-18 01:56:43","4.7","0"
"manager","Operations","6.8","2025-03-02 09:41:23","5","2025-03-01 13:41:23","4.3","0"
"employee","HR","8.0","2025-03-29 09:02:23","5","2025-03-27 19:02:23","2.8","0"
"employee","HR","4.0","2025-03-08 03:58:30","2","2025-03-06 10:58:30","4.9","0"
"manager","HR","9.2","2025-03-21 09:42:36","2","2025-03-21 01:42:36","4.1","0"
"manager","Operations","5.3","2025-03-04 19:21:56","8","2025-03-03 03:21:56","4.0","0"
"admin","Operations","5.9","2025-03-23 12:34:10","9","2025-03-22 22:34:10","3.5","1"
"employee","Operations","1.4","2025-03-20 10:43:25","7","2025-03-19 17:43:25","2.0","0"
"employee","IT","5.8","2025-03-13 14:22:48","6","2025-03-12 15:22:48","2.5","0"
"employee","HR","4.0","2025-03-02 20:25:16","6","2025-03-02 06:25:16","4.0","0"
"employee","Finance","3.0","2025-03-02 20:40:02","9","2025-03-01 11:40:02","2.7","0"
"manager","HR","9.7","2025-03-05 12:41:18","5","2025-03-03 14:41:18","1.8","0"
"admin","IT","6.5","2025-03-12 04:49:01","10","2025-03-11 17:49:01","2.9","1"
"manager","Finance","1.4","2025-03-04 04:02:45","2","2025-03-02 04:02:45","2.5","0"
"admin","Operations","7.3","2025-03-08 01:07:09","4","2025-03-06 06:07:09","1.2","1"
"manager","IT","7.4","2025-03-25 13:15:20","2","2025-03-25 05:15:20","4.9","1"
"manager","Operations","7.5","2025-03-10 14:54:27","5","2025-03-08 17:54:27","3.2","0"
"employee","Operations","7.7","2025-03-23 18:16:09","2","2025-03-23 07:16:09","3.3","0"
"manager","HR","0.9","2025-03-28 17:09:15","4","2025-03-27 13:09:15","0.6","0"
"employee","Finance","4.7","2025-03-06 22:58:45","7","2025-03-05 23:58:45","0.9","0"
"employee","IT","3.9","2025-03-14 18:10:51","9","2025-03-13 23:10:51","4.0","0"
"admin","Operations","8.5","2025-03-20 16:48:37","7","2025-03-19 00:48:37","3.8","1"
"employee","Finance","0.9","2025-03-04 10:11:22","1","2025-03-04 04:11:22","4.6","0"
"manager","HR","6.8","2025-03-05 23:46:37","3","2025-03-04 08:46:37","1.1","0"
"admin","IT","3.6","2025-03-05 10:02:11","4","2025-03-05 02:02:11","1.9","1"
"admin","Operations","9.0","2025-03-11 15:13:11","1","2025-03-10 05:13:11","2.1","1"
"manager","HR","4.1","2025-03-25 14:31:45","9","2025-03-23 22:31:45","4.1","0"
"manager","Finance","1.9","2025-03-30 11:13:40","1","2025-03-28 21:13:40","4.2","0"
"admin","IT","4.5","2025-03-25 18:18:42","8","2025-03-23 18:18:42","2.8","1"
"employee","HR","0.1","2025-03-17 00:06:15","4","2025-03-16 03:06:15","2.7","0"
"admin","Operations","1.4","2025-03-15 00:04:08","10","2025-03-14 20:04:08","4.3","1"
"employee","Finance","8.3","2025-03-03 02:50:07","6","2025-03-01 17:50:07","0.5","0"
"admin","Operations","9.4","2025-03-01 05:22:16","6","2025-03-01 01:22:16","0.5","1"
"employee","Operations","0.3","2025-03-06 11:08:05","4","2025-03-05 10:08:05","2.8","0"
"admin","IT","4.5","2025-03-12 21:25:26","7","2025-03-11 16:25:26","2.2","1"
"manager","Operations","4.6","2025-03-07 16:39:10","8","2025-03-05 23:39:10","4.2","0"
"manager","IT","1.8","2025-03-14 03:24:07","5","2025-03-12 05:24:07","0.8","0"
"manager","IT","9.0","2025-03-24 07:01:55","6","2025-03-22 08:01:55","2.8","0"
"admin","IT","7.9","2025-03-19 13:05:04","2","2025-03-17 18:05:04","3.7","1"
"admin","IT","0.6","2025-03-05 23:37:09","9","2025-03-03 23:37:09","1.3","1"
"admin","Finance","9.8","2025-03-13 04:33:45","7","2025-03-12 18:33:45","2.0","1"
"employee","IT","8.0","2025-03-22 16:32:23","3","2025-03-21 14:32:23","0.6","1"
"employee","HR","9.8","2025-03-20 10:35:32","4","2025-03-20 09:35:32","0.4","0"
"manager","Operations","6.4","2025-03-17 17:15:26","4","2025-03-16 12:15:26","0.4","0"
"admin","HR","6.9","2025-03-03 23:37:13","8","2025-03-03 12:37:13","2.1","1"
"employee","Operations","0.5","2025-03-28 22:13:31","10","2025-03-28 00:13:31","1.4","0"
"admin","Finance","3.5","2025-03-23 07:28:01","6","2025-03-21 11:28:01","2.3","1"
"manager","IT","8.9","2025-03-18 19:45:28","2","2025-03-18 11:45:28","1.1","1"
"manager","Finance","5.1","2025-03-29 10:41:52","10","2025-03-29 05:41:52","2.8","0"
"admin","HR","7.7","2025-03-17 10:31:47","1","2025-03-17 00:31:47","1.3","1"
"manager","HR","0.9","2025-03-27 11:17:21","10","2025-03-26 22:17:21","0.7","0"
"manager","Finance","1.9","2025-03-26 19:18:34","10","2025-03-24 21:18:34","2.5","0"
"employee","Operations","4.1","2025-03-25 18:26:20","10","2025-03-24 21:26:20","4.9","0"
"manager","Finance","5.8","2025-03-30 09:43:50","5","2025-03-29 15:43:50","1.8","0"
"employee","Finance","8.9","2025-03-18 03:00:42","1","2025-03-17 22:00:42","0.5","0"
"admin","HR","6.1","2025-03-24 20:53:13","1","2025-03-23 08:53:13","0.5","1"
"admin","Operations","2.3","2025-03-18 21:12:39","7","2025-03-17 09:12:39","2.1","1"
"admin","IT","0.6","2025-03-08 10:59:23","1","2025-03-08 07:59:23","0.4","1"
"manager","HR","6.4","2025-03-25 23:07:55","1","2025-03-24 17:07:55","3.1","0"
"manager","Finance","9.8","2025-03-15 08:45:53","1","2025-03-13 10:45:53","0.9","0"
"admin","HR","7.9","2025-03-20 19:05:34","6","2025-03-18 20:05:34","0.9","1"
"employee","IT","6.2","2025-03-06 13:32:36","8","2025-03-06 00:32:36","1.2","0"
"employee","HR","2.7","2025-03-15 00:43:50","6","2025-03-13 05:43:50","4.3","0"
"manager","IT","7.9","2025-03-21 23:36:47","8","2025-03-20 02:36:47","0.8","0"
"admin","HR","7.1","2025-03-09 13:56:26","5","2025-03-08 10:56:26","2.9","1"
"manager","Operations","10.0","2025-03-02 14:19:06","6","2025-03-02 05:19:06","5.0","0"
"admin","IT","6.3","2025-03-08 11:07:18","9","2025-03-07 07:07:18","2.0","1"
"admin","HR","3.0","2025-03-20 12:16:31","1","2025-03-19 19:16:31","3.6","1"
"admin","IT","2.1","2025-03-09 12:46:02","1","2025-03-09 01:46:02","1.4","1"
"employee","IT","1.3","2025-03-06 23:12:46","1","2025-03-06 01:12:46","4.5","0"
"manager","Finance","0.8","2025-03-08 17:42:40","3","2025-03-08 02:42:40","0.4","0"
"admin","Finance","9.3","2025-03-01 03:19:08","9","2025-02-27 07:19:08","3.5","1"
"admin","Operations","10.0","2025-03-26 19:29:54","7","2025-03-26 00:29:54","1.3","1"
"admin","Finance","4.5","2025-03-29 06:54:18","2","2025-03-28 12:54:18","4.1","1"
"employee","IT","5.3","2025-03-17 17:34:21","4","2025-03-17 10:34:21","1.7","1"
"admin","IT","2.8","2025-03-26 09:39:57","8","2025-03-24 21:39:57","4.7","1"
"admin","IT","8.4","2025-03-17 13:55:52","1","2025-03-16 10:55:52","3.4","1"
"admin","Finance","8.9","2025-03-17 21:11:41","7","2025-03-16 04:11:41","2.5","1"
"manager","HR","7.7","2025-03-10 13:19:50","10","2025-03-08 15:19:50","3.5","0"
"manager","Finance","7.3","2025-03-26 05:53:10","8","2025-03-25 21:53:10","1.0","0"
"admin","HR","5.1","2025-03-22 12:43:34","5","2025-03-20 23:43:34","1.7","1"
"admin","Operations","5.0","2025-03-18 06:14:37","5","2025-03-16 09:14:37","4.2","1"
"employee","HR","4.9","2025-03-07 12:37:50","5","2025-03-06 04:37:50","2.2","0"
"manager","Finance","2.9","2025-03-20 02:58:43","1","2025-03-19 18:58:43","3.5","0"
"admin","HR","9.1","2025-03-12 23:09:11","6","2025-03-12 13:09:11","3.9","1"
"manager","HR","8.6","2025-03-21 07:39:27","2","2025-03-20 06:39:27","2.8","0"
"manager","IT","4.9","2025-03-07 10:04:02","1","2025-03-05 12:04:02","2.7","0"
"manager","HR","3.5","2025-03-02 17:42:48","8","2025-03-02 07:42:48","0.2","0"
"admin","HR","8.1","2025-03-04 13:13:01","4","2025-03-03 17:13:01","0.2","1"
"admin","Operations","6.8","2025-03-21 13:09:57","2","2025-03-20 16:09:57","1.8","1"
"admin","Operations","9.7","2025-03-28 06:34:43","9","2025-03-26 06:34:43","0.4","1"
"admin","IT","5.1","2025-03-02 21:00:35","5","2025-03-01 10:00:35","4.3","1"
"admin","Operations","3.3","2025-03-18 22:36:33","1","2025-03-18 16:36:33","2.5","1"
"admin","HR","1.0","2025-03-04 06:29:19","8","2025-03-03 00:29:19","0.4","1"
"employee","Finance","9.1","2025-03-10 14:57:33","5","2025-03-10 01:57:33","1.9","0"
"manager","Operations","9.7","2025-03-06 20:17:37","5","2025-03-06 13:17:37","0.7","0"
"employee","Finance","6.1","2025-03-04 16:12:17","7","2025-03-03 02:12:17","2.7","0"
"manager","IT","0.6","2025-03-03 18:10:35","5","2025-03-01 19:10:35","2.9","0"
"employee","HR","9.1","2025-03-14 19:45:17","10","2025-03-14 01:45:17","1.0","0"
"admin","Operations","0.1","2025-03-14 16:17:32","3","2025-03-14 07:17:32","1.1","1"
"manager","Operations","7.1","2025-03-19 08:59:08","2","2025-03-18 04:59:08","5.0","0"
"manager","HR","8.6","2025-03-06 21:10:02","1","2025-03-06 18:10:02","1.5","0"
"admin","HR","5.1","2025-03-16 02:34:13","3","2025-03-14 06:34:13","2.5","1"
"manager","Finance","3.3","2025-03-08 04:46:10","1","2025-03-08 04:46:10","4.3","0"
"employee","HR","2.4","2025-03-05 20:28:29","9","2025-03-04 20:28:29","2.9","0"
"admin","IT","8.4","2025-03-24 12:23:09","8","2025-03-23 14:23:09","1.1","1"
"employee","HR","3.4","2025-03-19 11:40:13","5","2025-03-18 17:40:13","3.1","0"
"admin","Operations","1.9","2025-03-01 11:09:55","4","2025-02-27 11:09:55","4.2","1"
"admin","Finance","8.2","2025-03-28 16:22:06","6","2025-03-27 08:22:06","2.2","1"
"admin","IT","5.0","2025-03-29 10:52:32","8","2025-03-27 10:52:32","3.5","1"
"manager","HR","6.2","2025-03-13 11:12:15","1","2025-03-12 15:12:15","2.2","0"
"manager","HR","5.4","2025-03-17 06:24:21","9","2025-03-16 21:24:21","1.1","0"
"employee","Finance","7.4","2025-03-12 22:40:20","9","2025-03-11 12:40:20","3.2","0"
"manager","HR","3.1","2025-03-22 13:26:39","10","2025-03-22 03:26:39","2.6","0"
"employee","HR","7.1","2025-03-17 17:07:43","7","2025-03-16 13:07:43","3.8","0"
"employee","IT","2.2","2025-03-10 21:15:27","3","2025-03-10 15:15:27","1.9","0"
"manager","Operations","6.3","2025-03-19 03:19:12","6","2025-03-17 17:19:12","3.8","0"
"manager","Operations","0.2","2025-03-06 16:39:30","5","2025-03-04 22:39:30","0.8","0"
"employee","Operations","8.5","2025-03-03 18:57:17","8","2025-03-02 21:57:17","4.1","0"
"manager","Finance","5.5","2025-03-21 10:11:20","8","2025-03-21 10:11:20","2.2","0"
"admin","Operations","3.3","2025-03-28 07:35:35","4","2025-03-28 07:35:35","3.8","1"
"manager","Finance","3.4","2025-03-04 12:07:29","1","2025-03-03 23:07:29","2.2","1"
"admin","IT","9.6","2025-03-20 18:25:09","6","2025-03-20 06:25:09","2.3","1"
"admin","HR","0.5","2025-03-12 04:18:33","1","2025-03-10 08:18:33","2.8","1"
"employee","Finance","1.8","2025-03-26 15:29:14","10","2025-03-25 09:29:14","3.8","0"
"admin","Operations","5.0","2025-03-04 15:33:41","8","2025-03-04 00:33:41","3.5","1"
"admin","Operations","1.2","2025-03-16 21:40:00","1","2025-03-16 19:40:00","2.3","1"
"manager","Finance","7.8","2025-03-30 09:48:16","10","2025-03-28 19:48:16","0.3","0"
"employee","Operations","1.2","2025-03-28 01:00:40","2","2025-03-26 11:00:40","4.0","0"
"manager","IT","2.4","2025-03-02 22:28:31","2","2025-03-01 12:28:31","4.7","1"
"manager","HR","1.9","2025-03-23 09:13:38","2","2025-03-21 22:13:38","3.6","0"
"admin","Operations","2.0","2025-03-16 05:11:12","2","2025-03-15 22:11:12","2.4","1"
"admin","HR","6.5","2025-03-14 18:43:03","5","2025-03-14 06:43:03","3.9","1"
"admin","Finance","8.8","2025-03-06 04:25:00","7","2025-03-05 20:25:00","1.7","1"
"admin","Finance","0.4","2025-03-10 16:04:29","1","2025-03-08 18:04:29","4.6","1"
"employee","Finance","3.6","2025-03-08 12:01:23","10","2025-03-07 03:01:23","3.1","0"
"employee","Operations","6.8","2025-03-30 19:51:46","6","2025-03-30 05:51:46","2.7","0"
"manager","HR","7.0","2025-03-28 03:34:18","9","2025-03-27 22:34:18","3.0","0"
"manager","HR","4.3","2025-03-30 20:46:59","3","2025-03-29 20:46:59","2.8","0"
"manager","Operations","3.4","2025-03-24 06:59:07","10","2025-03-22 16:59:07","1.2","0"
"employee","Operations","5.6","2025-03-20 15:17:52","6","2025-03-19 10:17:52","2.9","0"
"admin","Operations","5.5","2025-03-25 08:34:04","4","2025-03-24 15:34:04","3.9","1"
"employee","Finance","4.7","2025-03-14 13:36:35","1","2025-03-14 06:36:35","1.7","1"
"employee","HR","4.3","2025-03-02 01:38:56","4","2025-03-01 02:38:56","1.4","0"
"manager","Finance","6.0","2025-03-23 19:19:43","4","2025-03-22 19:19:43","1.0","0"
"employee","IT","7.7","2025-03-06 10:10:49","2","2025-03-05 03:10:49","2.9","1"
"manager","Operations","6.2","2025-03-16 17:23:00","1","2025-03-16 15:23:00","0.9","1"
"manager","HR","7.5","2025-03-10 17:02:30","6","2025-03-09 11:02:30","0.6","0"
"employee","HR","4.3","2025-03-26 12:42:07","9","2025-03-25 02:42:07","1.1","0"
"employee","Finance","7.5","2025-03-30 16:31:59","1","2025-03-30 01:31:59","1.9","1"
"employee","IT","4.2","2025-03-30 17:38:32","7","2025-03-29 01:38:32","1.9","0"
"employee","IT","0.4","2025-03-14 09:09:20","9","2025-03-14 08:09:20","1.9","0"
"manager","Operations","2.4","2025-03-19 20:00:32","8","2025-03-18 09:00:32","2.3","0"
"manager","Finance","3.2","2025-03-07 06:04:30","8","2025-03-06 02:04:30","1.5","0"
"admin","HR","5.8","2025-03-28 09:55:30","7","2025-03-26 20:55:30","1.5","1"
"admin","HR","7.3","2025-03-27 09:22:47","6","2025-03-25 17:22:47","2.9","1"
"admin","HR","4.1","2025-03-30 02:16:34","8","2025-03-28 21:16:34","2.0","1"
"employee","Finance","5.1","2025-03-13 04:49:33","3","2025-03-12 16:49:33","1.3","0"
"admin","Finance","1.0","2025-03-05 02:15:46","6","2025-03-03 05:15:46","0.4","1"
"admin","Finance","6.8","2025-03-21 17:10:00","10","2025-03-21 01:10:00","1.9","1"
"employee","IT","2.4","2025-03-25 18:17:37","5","2025-03-24 21:17:37","0.3","1"
"employee","HR","4.4","2025-03-11 22:35:11","6","2025-03-11 21:35:11","3.6","0"
"manager","Operations","9.1","2025-03-09 18:05:18","1","2025-03-09 10:05:18","1.5","0"
"employee","IT","9.9","2025-03-19 03:42:11","1","2025-03-18 06:42:11","2.2","1"
"manager","HR","6.4","2025-03-03 04:33:48","10","2025-03-02 02:33:48","4.5","0"
"employee","IT","6.4","2025-03-22 05:31:40","10","2025-03-21 23:31:40","2.0","0"
"admin","Finance","8.9","2025-03-27 17:16:35","5","2025-03-26 07:16:35","4.4","1"
"employee","Operations","7.5","2025-03-12 14:24:46","4","2025-03-10 22:24:46","1.7","0"
"manager","HR","8.7","2025-03-14 17:36:29","3","2025-03-14 09:36:29","2.8","0"
"admin","Operations","8.3","2025-03-20 14:23:00","7","2025-03-19 06:23:00","3.4","1"
"manager","Finance","3.8","2025-03-29 15:06:11","10","2025-03-28 18:06:11","2.0","0"
"employee","Operations","6.5","2025-03-15 01:51:41","3","2025-03-13 08:51:41","0.7","0"
"admin","Finance","4.6","2025-03-07 04:46:13","5","2025-03-06 13:46:13","4.8","1"
"employee","HR","3.6","2025-03-16 23:10:46","1","2025-03-15 13:10:46","3.2","0"
"manager","Operations","0.2","2025-03-20 07:43:32","10","2025-03-19 02:43:32","2.5","0"
"employee","Operations","1.2","2025-03-30 07:04:00","2","2025-03-30 01:04:00","2.6","0"
"employee","Finance","9.0","2025-03-24 22:57:08","1","2025-03-23 16:57:08","0.6","0"
"manager","Operations","9.1","2025-03-10 17:17:29","8","2025-03-10 00:17:29","4.4","0"
"admin","Operations","3.2","2025-03-23 03:00:35","2","2025-03-21 09:00:35","5.0","1"
"employee","Operations","7.9","2025-03-21 06:57:56","1","2025-03-20 07:57:56","3.3","0"
"manager","IT","10.0","2025-03-05 15:39:13","9","2025-03-04 10:39:13","4.7","0"
"manager","Operations","0.8","2025-03-13 17:55:27","2","2025-03-12 20:55:27","0.6","1"
"employee","Operations","7.4","2025-03-02 15:00:02","8","2025-03-01 11:00:02","1.8","0"
"admin","Operations","3.7","2025-03-01 17:32:39","2","2025-03-01 02:32:39","3.5","1"
"manager","HR","4.3","2025-03-08 09:44:56","10","2025-03-07 12:44:56","0.9","0"
"admin","IT","0.1","2025-03-10 15:14:19","2","2025-03-09 23:14:19","0.8","1"
"manager","Operations","0.4","2025-03-21 14:20:28","4","2025-03-21 06:20:28","4.7","0"
"admin","IT","4.1","2025-03-18 06:44:12","5","2025-03-16 21:44:12","3.0","1"
"employee","Operations","1.6","2025-03-17 13:17:07","10","2025-03-15 16:17:07","1.7","0"
"admin","Finance","0.7","2025-03-28 15:49:09","4","2025-03-28 02:49:09","1.6","1"
"manager","Finance","3.8","2025-03-23 01:12:43","2","2025-03-21 02:12:43","0.2","0"
"employee","Operations","6.6","2025-03-06 04:14:00","4","2025-03-05 11:14:00","1.3","0"
"admin","HR","1.3","2025-03-12 05:56:18","10","2025-03-10 22:56:18","4.7","1"
"admin","IT","2.6","2025-03-13 19:39:57","9","2025-03-11 23:39:57","3.3","1"
"manager","Operations","7.4","2025-03-08 21:03:36","3","2025-03-07 08:03:36","3.2","0"
"manager","Operations","4.5","2025-03-01 10:00:55","1","2025-02-28 05:00:55","0.6","1"
"admin","HR","9.1","2025-03-14 00:00:37","8","2025-03-12 11:00:37","1.5","1"
"manager","Operations","5.7","2025-03-22 00:33:51","4","2025-03-20 17:33:51","2.2","0"
"employee","IT","7.6","2025-03-08 01:54:51","4","2025-03-07 16:54:51","4.0","1"
"manager","Operations","4.2","2025-03-26 20:51:46","2","2025-03-26 03:51:46","4.6","0"
"manager","IT","7.2","2025-03-10 00:45:11","7","2025-03-08 13:45:11","4.2","0"
"employee","HR","3.5","2025-03-23 01:21:28","2","2025-03-21 15:21:28","0.2","0"
"admin","IT","5.4","2025-03-13 05:01:21","3","2025-03-11 19:01:21","2.3","1"
"admin","IT","5.9","2025-03-30 00:26:47","3","2025-03-28 13:26:47","1.2","1"
"manager","Operations","1.8","2025-03-27 14:34:14","9","2025-03-26 17:34:14","1.9","0"
"admin","Finance","7.1","2025-03-18 15:06:59","7","2025-03-17 23:06:59","4.8","1"
"admin","Finance","1.3","2025-03-11 12:00:05","6","2025-03-10 12:00:05","3.7","1"
"manager","IT","3.3","2025-03-05 02:14:24","5","2025-03-04 23:14:24","4.7","0"
"employee","Operations","6.8","2025-03-04 23:22:30","3","2025-03-03 03:22:30","3.7","0"
"employee","Operations","4.1","2025-03-19 07:19:45","1","2025-03-17 07:19:45","4.1","0"
"manager","HR","0.9","2025-03-14 17:11:49","7","2025-03-14 05:11:49","3.4","0"
"manager","IT","7.0","2025-03-15 05:30:25","2","2025-03-13 15:30:25","0.8","1"
"admin","Finance","5.4","2025-03-30 15:50:30","3","2025-03-29 04:50:30","0.4","1"
"employee","Finance","2.9","2025-03-05 11:01:47","7","2025-03-03 16:01:47","0.1","0"
"employee","Operations","3.8","2025-03-24 01:16:11","8","2025-03-22 05:16:11","1.4","0"
"manager","HR","7.5","2025-03-06 06:04:44","5","2025-03-04 09:04:44","0.5","0"
"admin","Operations","9.8","2025-03-04 07:08:19","8","2025-03-02 21:08:19","2.9","1"
"admin","Operations","9.9","2025-03-13 01:53:48","10","2025-03-11 21:53:48","2.8","1"
"employee","HR","1.8","2025-03-07 08:12:59","3","2025-03-07 07:12:59","0.5","0"
"manager","HR","1.6","2025-03-11 09:13:52","2","2025-03-11 08:13:52","1.2","1"
"manager","Finance","0.7","2025-03-02 12:57:10","3","2025-03-01 05:57:10","0.5","1"
"manager","Operations","4.0","2025-03-06 22:50:10","1","2025-03-05 10:50:10","1.7","0"
"admin","HR","0.9","2025-03-18 19:37:02","9","2025-03-17 13:37:02","2.8","1"
"employee","Finance","2.4","2025-03-20 20:58:06","2","2025-03-20 12:58:06","4.3","0"
"manager","Operations","6.2","2025-03-12 18:20:31","5","2025-03-12 05:20:31","2.8","0"
"manager","HR","7.3","2025-03-12 01:07:13","3","2025-03-11 09:07:13","4.0","0"
"admin","IT","9.6","2025-03-23 10:38:33","9","2025-03-23 06:38:33","1.7","1"
"employee","HR","8.6","2025-03-21 13:04:02","8","2025-03-19 21:04:02","0.6","0"
"admin","IT","2.3","2025-03-23 21:08:34","7","2025-03-22 11:08:34","4.0","1"
"employee","Operations","2.1","2025-03-21 08:17:45","6","2025-03-20 02:17:45","2.3","0"
"manager","Operations","2.9","2025-03-27 01:11:39","4","2025-03-26 21:11:39","4.9","0"
"admin","Operations","8.0","2025-03-20 10:50:06","5","2025-03-19 08:50:06","2.1","1"
"admin","Finance","1.5","2025-03-16 04:00:11","10","2025-03-15 04:00:11","2.7","1"
"admin","IT","6.1","2025-03-12 16:49:07","7","2025-03-11 13:49:07","4.4","1"
"manager","IT","5.6","2025-03-21 20:00:51","6","2025-03-20 18:00:51","3.6","0"
"manager","Finance","8.2","2025-03-26 16:18:39","1","2025-03-25 00:18:39","1.9","1"
"admin","Finance","1.2","2025-03-17 03:32:39","4","2025-03-15 05:32:39","3.4","1"
"manager","HR","7.1","2025-03-26 08:22:59","10","2025-03-25 11:22:59","0.3","0"
"admin","HR","8.6","2025-03-05 21:27:07","9","2025-03-05 21:27:07","2.7","1"
"admin","Operations","4.3","2025-03-23 23:16:24","4","2025-03-23 05:16:24","0.5","1"
"admin","HR","5.3","2025-03-25 02:03:27","4","2025-03-24 21:03:27","2.1","1"
"manager","Finance","0.3","2025-03-08 08:18:31","6","2025-03-06 10:18:31","4.6","0"
"employee","HR","1.2","2025-03-03 07:18:04","3","2025-03-03 04:18:04","2.8","0"
"admin","Finance","5.4","2025-03-22 01:09:52","1","2025-03-20 22:09:52","2.2","1"
"manager","HR","6.5","2025-03-01 17:36:28","10","2025-03-01 14:36:28","1.2","0"
"employee","HR","0.6","2025-03-18 20:09:28","5","2025-03-17 18:09:28","1.3","0"
"admin","Finance","7.5","2025-03-18 12:11:25","2","2025-03-16 20:11:25","1.3","1"
"employee","Finance","1.3","2025-03-28 14:43:50","7","2025-03-28 05:43:50","4.6","0"
"admin","IT","9.6","2025-03-14 08:56:07","7","2025-03-14 07:56:07","2.0","1"
"manager","Finance","1.5","2025-03-08 01:52:55","8","2025-03-07 16:52:55","3.9","0"
"manager","HR","5.6","2025-03-11 00:26:31","1","2025-03-10 03:26:31","2.7","0"
"admin","Finance","0.9","2025-03-01 09:44:27","3","2025-02-27 21:44:27","2.9","1"
"manager","Operations","1.9","2025-03-04 04:11:44","2","2025-03-02 10:11:44","0.3","0"
"admin","IT","1.5","2025-03-25 06:07:05","4","2025-03-25 06:07:05","0.9","1"
"admin","Finance","8.3","2025-03-10 12:07:32","4","2025-03-08 19:07:32","2.6","1"
"admin","HR","4.6","2025-03-28 23:29:44","7","2025-03-27 08:29:44","5.0","1"
"admin","Operations","4.8","2025-03-06 15:56:48","7","2025-03-05 14:56:48","2.0","1"
"manager","Operations","4.1","2025-03-05 13:35:14","3","2025-03-03 13:35:14","2.4","1"
"admin","Operations","5.2","2025-03-16 17:06:54","8","2025-03-14 21:06:54","3.4","1"
"admin","IT","5.5","2025-03-15 07:25:46","3","2025-03-13 23:25:46","1.4","1"
"employee","HR","0.0","2025-03-03 00:13:30","1","2025-03-01 09:13:30","4.8","0"
"admin","HR","6.1","2025-03-07 18:22:40","3","2025-03-06 19:22:40","4.9","1"
"employee","Operations","6.5","2025-03-15 23:45:08","1","2025-03-14 17:45:08","1.8","0"
"employee","IT","6.6","2025-03-07 03:35:42","7","2025-03-05 05:35:42","3.6","0"
"manager","HR","1.0","2025-03-06 01:47:56","2","2025-03-04 23:47:56","3.2","0"
"employee","Operations","8.8","2025-03-13 16:24:06","5","2025-03-12 16:24:06","1.6","0"
"employee","IT","5.3","2025-03-25 01:03:31","4","2025-03-24 07:03:31","2.4","1"
"manager","Finance","1.5","2025-03-06 09:38:46","2","2025-03-05 08:38:46","1.9","1"
"employee","Operations","7.2","2025-03-13 23:43:11","3","2025-03-12 18:43:11","0.8","0"
"manager","Operations","4.9","2025-03-09 11:08:30","8","2025-03-09 11:08:30","2.4","0"
"employee","HR","9.5","2025-03-22 02:24:24","3","2025-03-20 20:24:24","1.4","0"
"admin","Operations","2.3","2025-03-09 02:40:59","4","2025-03-08 22:40:59","0.9","1"
"admin","IT","3.3","2025-03-23 22:03:09","2","2025-03-22 20:03:09","1.0","1"
"admin","Operations","3.3","2025-03-24 03:44:35","9","2025-03-22 18:44:35","2.3","1"
"manager","Finance","8.5","2025-03-12 13:21:24","4","2025-03-12 04:21:24","2.8","1"
"employee","Operations","2.5","2025-03-29 09:28:28","6","2025-03-28 17:28:28","2.9","0"
"employee","Finance","6.2","2025-03-18 20:41:00","3","2025-03-17 19:41:00","3.6","0"
"admin","Operations","1.6","2025-03-11 10:54:18","9","2025-03-10 15:54:18","4.5","1"
"manager","HR","4.3","2025-03-10 09:01:49","10","2025-03-08 12:01:49","2.4","0"
"manager","HR","0.8","2025-03-14 01:38:34","7","2025-03-14 01:38:34","1.3","0"
"employee","Finance","9.4","2025-03-23 02:45:22","9","2025-03-22 22:45:22","0.7","0"
"manager","IT","0.7","2025-03-19 09:24:21","10","2025-03-17 19:24:21","2.2","0"
"manager","Operations","0.9","2025-03-27 13:28:15","7","2025-03-26 20:28:15","2.0","0"
"manager","IT","1.4","2025-03-24 22:23:38","3","2025-03-24 18:23:38","2.6","0"
"admin","Finance","9.9","2025-03-25 11:23:23","2","2025-03-25 06:23:23","4.0","1"
"employee","Operations","2.7","2025-03-03 16:02:01","5","2025-03-02 11:02:01","3.0","0"
"manager","IT","6.8","2025-03-10 18:17:25","6","2025-03-09 22:17:25","1.3","1"
"manager","Operations","3.5","2025-03-25 15:57:28","3","2025-03-25 10:57:28","5.0","1"
"employee","HR","3.1","2025-03-11 12:13:56","3","2025-03-11 02:13:56","2.8","0"
"employee","IT","2.3","2025-03-17 09:43:20","8","2025-03-15 19:43:20","4.2","0"
"admin","Operations","5.6","2025-03-24 09:22:30","8","2025-03-24 03:22:30","3.2","1"
"admin","Finance","6.0","2025-03-01 04:51:42","3","2025-02-28 12:51:42","3.8","1"
"admin","Finance","4.9","2025-03-19 20:37:14","10","2025-03-18 04:37:14","2.0","1"
"admin","Operations","9.3","2025-03-16 19:37:52","5","2025-03-16 05:37:52","2.8","1"
"manager","HR","2.9","2025-03-06 12:23:06","10","2025-03-05 05:23:06","3.3","0"
"admin","Finance","3.0","2025-03-24 20:00:01","3","2025-03-24 20:00:01","0.3","1"
"manager","HR","3.5","2025-03-17 18:04:21","6","2025-03-16 05:04:21","3.2","0"
"admin","HR","2.5","2025-03-05 02:26:38","1","2025-03-04 07:26:38","0.2","1"
"employee","IT","6.8","2025-03-01 17:52:24","3","2025-02-28 19:52:24","0.8","1"
"manager","Finance","1.1","2025-03-16 22:44:24","8","2025-03-15 03:44:24","3.6","0"
"employee","Finance","0.5","2025-03-09 21:53:08","3","2025-03-09 12:53:08","2.6","0"
"admin","IT","8.9","2025-03-15 13:58:30","9","2025-03-15 11:58:30","3.9","1"
"manager","HR","7.8","2025-03-10 21:02:49","9","2025-03-09 00:02:49","0.2","0"
"admin","IT","8.2","2025-03-24 06:35:27","6","2025-03-22 19:35:27","2.8","1"
"manager","Operations","2.0","2025-03-29 13:43:08","10","2025-03-29 13:43:08","0.3","0"
"manager","Finance","5.3","2025-03-27 19:48:53","5","2025-03-27 01:48:53","4.4","0"
"employee","IT","1.0","2025-03-20 15:07:04","5","2025-03-18 17:07:04","0.7","0"
"employee","Operations","7.8","2025-03-15 20:51:05","9","2025-03-14 08:51:05","1.1","0"
"manager","Operations","9.1","2025-03-25 15:31:28","1","2025-03-25 14:31:28","2.3","0"
"admin","Operations","7.5","2025-03-05 02:22:12","10","2025-03-04 20:22:12","2.1","1"
"admin","Operations","2.4","2025-03-15 13:35:56","1","2025-03-13 17:35:56","4.6","1"
"employee","Operations","5.6","2025-03-17 10:49:04","3","2025-03-15 13:49:04","4.4","1"
"employee","HR","1.1","2025-03-10 00:37:13","3","2025-03-09 07:37:13","1.6","0"
"manager","Finance","1.3","2025-03-15 07:28:06","4","2025-03-14 03:28:06","0.8","0"
"manager","IT","1.8","2025-03-27 17:54:36","2","2025-03-27 00:54:36","3.4","0"
"admin","Operations","3.4","2025-03-06 02:56:20","1","2025-03-04 18:56:20","4.3","1"
"manager","HR","7.2","2025-03-14 00:44:39","2","2025-03-13 18:44:39","4.0","0"
"admin","Finance","7.3","2025-03-23 17:16:19","3","2025-03-23 12:16:19","1.3","1"
"manager","Operations","0.6","2025-03-24 08:45:12","10","2025-03-23 23:45:12","4.8","0"
"admin","Finance","6.0","2025-03-30 19:22:19","10","2025-03-28 22:22:19","1.1","1"
"manager","IT","8.8","2025-03-14 23:12:57","1","2025-03-14 12:12:57","3.3","1"
"manager","IT","1.9","2025-03-11 11:13:56","6","2025-03-10 09:13:56","1.9","0"
"admin","Finance","2.4","2025-03-20 23:09:47","9","2025-03-20 14:09:47","4.9","1"
"admin","IT","7.2","2025-03-09 08:33:14","3","2025-03-08 02:33:14","2.9","1"
"employee","Finance","3.6","2025-03-01 11:29:05","3","2025-02-28 10:29:05","3.7","1"
"manager","IT","8.8","2025-03-17 10:41:23","6","2025-03-16 02:41:23","4.8","0"
"manager","IT","9.5","2025-03-16 18:49:07","3","2025-03-16 12:49:07","4.3","1"
"manager","Operations","8.0","2025-03-01 17:23:56","5","2025-02-28 22:23:56","2.0","0"
"admin","HR","2.6","2025-03-22 10:34:12","2","2025-03-20 14:34:12","3.6","1"
"manager","HR","2.8","2025-03-04 18:08:04","2","2025-03-04 11:08:04","1.4","0"
"admin","IT","5.7","2025-03-22 05:23:28","6","2025-03-21 23:23:28","4.2","1"
"employee","Operations","9.6","2025-03-25 08:21:12","1","2025-03-24 11:21:12","4.8","0"
"manager","Operations","1.7","2025-03-24 00:33:37","8","2025-03-23 17:33:37","1.0","0"
"admin","Operations","3.6","2025-03-11 21:36:19","6","2025-03-10 23:36:19","0.8","1"
"manager","Operations","3.3","2025-03-16 16:16:41","6","2025-03-15 20:16:41","1.0","1"
"employee","IT","3.2","2025-03-14 09:20:50","1","2025-03-14 04:20:50","0.2","1"
"admin","IT","5.7","2025-03-24 10:23:57","10","2025-03-24 08:23:57","2.6","1"
"admin","HR","8.7","2025-03-09 18:28:38","1","2025-03-09 18:28:38","4.1","1"
"manager","Operations","7.0","2025-03-17 07:34:33","2","2025-03-16 16:34:33","2.5","0"
"admin","IT","5.8","2025-03-10 17:22:30","10","2025-03-10 09:22:30","0.9","1"
"employee","Finance","3.0","2025-03-30 17:30:27","7","2025-03-30 05:30:27","0.4","0"
"employee","HR","4.5","2025-03-30 13:48:33","6","2025-03-28 16:48:33","1.5","0"
"employee","HR","1.8","2025-03-23 02:21:21","3","2025-03-21 04:21:21","0.6","0"
"employee","IT","2.7","2025-03-13 21:23:08","1","2025-03-13 11:23:08","0.6","1"
"admin","HR","5.8","2025-03-20 23:49:38","9","2025-03-19 11:49:38","3.1","1"
"manager","Finance","8.6","2025-03-21 14:43:32","10","2025-03-21 13:43:32","1.3","0"
"admin","Finance","8.6","2025-03-17 20:54:03","8","2025-03-17 08:54:03","1.3","1"
"manager","Finance","0.3","2025-03-13 06:24:36","9","2025-03-12 12:24:36","2.8","0"
"manager","HR","6.8","2025-03-11 23:50:34","10","2025-03-10 22:50:34","2.1","0"
"employee","HR","0.3","2025-03-29 18:28:16","8","2025-03-29 00:28:16","1.0","0"
"employee","HR","6.5","2025-03-09 08:15:26","10","2025-03-07 18:15:26","3.8","0"
"admin","IT","6.1","2025-03-19 04:23:33","3","2025-03-19 01:23:33","1.8","1"
"admin","Finance","7.1","2025-03-03 03:43:06","6","2025-03-02 21:43:06","2.8","1"
"manager","Finance","1.1","2025-03-29 04:15:40","1","2025-03-27 21:15:40","2.2","0"
"manager","HR","4.2","2025-03-26 05:47:49","3","2025-03-25 23:47:49","0.7","0"
"employee","IT","4.6","2025-03-09 04:11:59","7","2025-03-09 02:11:59","3.8","0"
"manager","HR","3.1","2025-03-07 16:47:26","10","2025-03-05 22:47:26","0.2","0"
"manager","Operations","1.3","2025-03-23 08:41:03","4","2025-03-22 21:41:03","1.6","0"
"admin","IT","3.4","2025-03-03 08:41:49","4","2025-03-01 10:41:49","0.7","1"
"employee","Operations","4.8","2025-03-15 07:43:18","1","2025-03-14 09:43:18","1.1","0"
"admin","Finance","1.0","2025-03-25 21:30:45","7","2025-03-24 01:30:45","4.5","1"
"employee","IT","5.3","2025-03-21 19:22:28","6","2025-03-20 15:22:28","3.7","0"
"admin","Finance","9.8","2025-03-05 21:35:49","7","2025-03-05 07:35:49","4.2","1"
"admin","Finance","8.2","2025-03-13 09:25:40","7","2025-03-12 14:25:40","1.7","1"
"manager","HR","6.4","2025-03-08 04:00:13","10","2025-03-06 19:00:13","1.2","0"
"admin","Operations","6.8","2025-03-05 23:12:52","3","2025-03-04 09:12:52","3.8","1"
"employee","HR","1.8","2025-03-01 04:02:49","10","2025-02-28 09:02:49","2.0","0"
"manager","HR","5.2","2025-03-30 16:23:48","9","2025-03-29 07:23:48","4.3","0"
"manager","HR","3.9","2025-03-23 13:57:28","6","2025-03-22 10:57:28","3.3","0"
"manager","HR","0.8","2025-03-07 12:17:04","5","2025-03-06 11:17:04","1.0","0"
"manager","Operations","7.0","2025-03-15 21:41:12","3","2025-03-15 21:41:12","1.6","0"
"admin","Finance","2.2","2025-03-28 21:00:18","9","2025-03-27 16:00:18","1.3","1"
"employee","IT","9.8","2025-03-06 02:03:27","5","2025-03-04 08:03:27","0.9","0"
"manager","IT","2.7","2025-03-08 22:32:58","4","2025-03-06 22:32:58","3.0","0"
"employee","IT","2.0","2025-03-17 15:22:54","3","2025-03-16 18:22:54","3.4","1"
"admin","Operations","8.9","2025-03-14 13:36:43","9","2025-03-13 17:36:43","1.4","1"
"admin","IT","3.2","2025-03-07 11:13:56","2","2025-03-06 06:13:56","3.0","1"
"manager","Finance","3.5","2025-03-18 22:23:09","3","2025-03-18 19:23:09","4.9","0"
"admin","HR","9.8","2025-03-20 08:53:37","3","2025-03-18 15:53:37","2.2","1"
"manager","IT","4.4","2025-03-08 04:50:06","4","2025-03-07 17:50:06","0.8","0"
"manager","Finance","0.9","2025-03-28 03:19:45","2","2025-03-28 03:19:45","3.0","0"
"admin","HR","6.5","2025-03-22 10:28:29","2","2025-03-21 23:28:29","3.9","1"
"employee","Operations","8.0","2025-03-21 18:31:48","3","2025-03-21 07:31:48","0.5","0"
"admin","Operations","6.4","2025-03-14 02:40:16","1","2025-03-12 22:40:16","1.2","1"
"employee","Operations","6.6","2025-03-29 17:18:27","2","2025-03-28 10:18:27","4.6","1"
"manager","Finance","8.0","2025-03-16 11:12:35","8","2025-03-14 11:12:35","1.1","0"
"admin","Operations","8.1","2025-03-03 13:30:42","4","2025-03-02 00:30:42","0.5","1"
"admin","Finance","1.1","2025-03-09 01:27:23","8","2025-03-07 09:27:23","3.1","1"
"manager","Operations","4.6","2025-03-21 12:56:25","10","2025-03-21 06:56:25","1.3","0"
"employee","Operations","3.8","2025-03-27 04:31:50","7","2025-03-26 13:31:50","2.8","0"
"manager","HR","8.5","2025-03-30 19:18:39","4","2025-03-29 01:18:39","4.7","0"
"employee","IT","3.6","2025-03-03 16:54:12","10","2025-03-02 00:54:12","1.8","0"
"employee","Finance","1.0","2025-03-17 01:18:51","4","2025-03-16 14:18:51","4.2","0"
"employee","HR","6.5","2025-03-18 02:41:23","10","2025-03-17 04:41:23","2.0","0"
"admin","Operations","5.8","2025-03-21 12:11:11","2","2025-03-20 13:11:11","2.4","1"
"employee","Operations","8.0","2025-03-01 00:25:08","3","2025-02-28 10:25:08","3.8","0"
"admin","Operations","8.3","2025-03-15 16:44:28","8","2025-03-15 15:44:28","1.9","1"
"employee","HR","8.1","2025-03-27 15:08:20","8","2025-03-27 06:08:20","0.2","0"
"admin","HR","6.9","2025-03-15 09:44:47","3","2025-03-14 16:44:47","2.8","1"
"admin","IT","8.2","2025-03-07 01:04:39","7","2025-03-06 05:04:39","1.0","1"
"admin","Operations","4.4","2025-03-28 10:27:23","3","2025-03-26 13:27:23","2.3","1"
"manager","IT","5.3","2025-03-20 12:24:28","3","2025-03-19 02:24:28","1.2","1"
"manager","HR","2.5","2025-03-29 14:59:51","3","2025-03-28 07:59:51","3.5","1"
"admin","Finance","6.8","2025-03-07 14:48:50","3","2025-03-06 22:48:50","1.0","1"
"manager","Operations","9.0","2025-03-26 23:13:04","4","2025-03-26 23:13:04","3.0","0"
"manager","Operations","10.0","2025-03-06 11:07:33","10","2025-03-06 06:07:33","1.6","0"
"admin","IT","1.1","2025-03-02 22:40:27","3","2025-03-02 03:40:27","2.9","1"
"admin","IT","2.3","2025-03-23 17:31:14","4","2025-03-22 08:31:14","1.3","1"
"employee","IT","6.8","2025-03-13 04:52:20","5","2025-03-12 10:52:20","0.3","0"
"employee","Operations","4.4","2025-03-01 20:19:31","4","2025-03-01 17:19:31","3.8","0"
"manager","Operations","8.5","2025-03-14 15:50:07","7","2025-03-13 10:50:07","4.6","0"
"employee","Operations","8.7","2025-03-02 06:03:09","5","2025-03-01 17:03:09","3.9","0"
"employee","HR","0.5","2025-03-07 15:44:38","8","2025-03-07 15:44:38","3.5","0"
"admin","HR","8.6","2025-03-25 04:30:37","7","2025-03-23 22:30:37","1.7","1"
"manager","Finance","7.8","2025-03-01 09:40:00","5","2025-02-28 08:40:00","1.9","0"
"manager","IT","9.9","2025-03-06 10:10:37","1","2025-03-05 21:10:37","3.3","1"
"manager","Operations","1.9","2025-03-15 17:03:02","9","2025-03-14 21:03:02","3.3","0"
"manager","Finance","6.4","2025-03-29 07:23:09","7","2025-03-28 11:23:09","2.8","0"
"employee","HR","2.5","2025-03-25 21:46:43","9","2025-03-24 07:46:43","4.5","0"
"employee","Finance","9.1","2025-03-29 13:13:19","2","2025-03-28 23:13:19","4.0","0"
"manager","Operations","6.3","2025-03-28 00:27:36","5","2025-03-26 17:27:36","4.7","0"
"admin","Operations","5.9","2025-03-21 12:07:10","8","2025-03-20 22:07:10","3.7","1"
"manager","IT","3.9","2025-03-19 06:40:07","9","2025-03-17 15:40:07","2.0","0"
"manager","HR","4.6","2025-03-18 06:56:08","7","2025-03-17 22:56:08","4.9","0"
"admin","Finance","1.3","2025-03-05 23:54:35","8","2025-03-04 07:54:35","2.1","1"
"employee","HR","7.2","2025-03-10 22:44:53","6","2025-03-09 06:44:53","2.4","0"
"employee","IT","5.5","2025-03-02 12:34:00","9","2025-03-02 11:34:00","4.2","0"
"admin","Finance","10.0","2025-03-12 01:07:59","8","2025-03-10 13:07:59","5.0","1"
"manager","HR","5.7","2025-03-17 19:49:02","3","2025-03-16 14:49:02","4.7","0"
"employee","Operations","9.5","2025-03-23 08:14:21","6","2025-03-22 22:14:21","0.5","0"
"employee","HR","0.3","2025-03-29 12:30:41","6","2025-03-29 04:30:41","1.4","0"
"admin","Operations","6.4","2025-03-11 16:35:04","5","2025-03-11 13:35:04","2.4","1"
"employee","HR","8.4","2025-03-08 01:59:11","9","2025-03-06 21:59:11","1.8","0"
"manager","Finance","6.1","2025-03-13 03:29:27","7","2025-03-11 12:29:27","1.3","0"
"employee","IT","3.2","2025-03-26 19:36:21","8","2025-03-26 01:36:21","0.6","0"
"admin","Finance","3.5","2025-03-24 02:39:55","1","2025-03-23 19:39:55","1.8","1"
"employee","HR","7.4","2025-03-29 08:06:07","10","2025-03-29 02:06:07","4.3","0"
"manager","HR","2.1","2025-03-17 12:51:06","3","2025-03-15 20:51:06","1.4","1"
"employee","IT","2.6","2025-03-11 22:09:18","4","2025-03-11 12:09:18","4.9","1"
"admin","Operations","2.2","2025-03-12 12:02:21","10","2025-03-11 21:02:21","1.7","1"
"employee","IT","7.4","2025-03-02 15:20:16","4","2025-03-01 04:20:16","1.7","1"
"manager","IT","8.0","2025-03-18 10:51:26","1","2025-03-17 07:51:26","2.7","1"
"employee","HR","4.4","2025-03-23 04:53:23","10","2025-03-22 00:53:23","1.7","0"
"manager","HR","4.2","2025-03-07 12:05:22","7","2025-03-06 20:05:22","4.4","0"
"manager","Operations","3.4","2025-03-23 05:16:27","1","2025-03-21 06:16:27","3.4","0"
"manager","HR","0.4","2025-03-25 19:48:16","7","2025-03-24 00:48:16","3.1","0"
"manager","HR","4.7","2025-03-17 02:56:12","8","2025-03-16 06:56:12","2.4","0"
"manager","Finance","3.9","2025-03-28 14:19:54","5","2025-03-28 08:19:54","0.4","1"
"employee","HR","4.8","2025-03-15 22:02:12","10","2025-03-15 22:02:12","4.4","0"
"manager","Operations","4.7","2025-03-30 22:27:44","8","2025-03-29 02:27:44","0.4","0"
"admin","IT","0.5","2025-03-29 10:52:49","7","2025-03-28 19:52:49","4.3","1"
"admin","Operations","7.2","2025-03-06 01:06:42","3","2025-03-04 10:06:42","2.1","1"
"employee","Finance","8.2","2025-03-14 13:55:58","8","2025-03-12 19:55:58","2.6","0"
"employee","Operations","3.0","2025-03-02 09:57:50","3","2025-03-02 05:57:50","1.2","1"
"admin","Operations","0.5","2025-03-22 07:11:06","7","2025-03-20 21:11:06","3.7","1"
"manager","HR","2.0","2025-03-14 13:07:11","7","2025-03-12 18:07:11","0.1","0"
"manager","Finance","2.2","2025-03-28 04:03:13","10","2025-03-26 07:03:13","1.2","0"
"manager","Operations","2.0","2025-03-27 12:43:55","6","2025-03-27 11:43:55","3.1","0"
"admin","IT","9.0","2025-03-09 04:44:34","5","2025-03-07 21:44:34","0.3","1"
"admin","Operations","5.6","2025-03-18 11:03:27","1","2025-03-17 08:03:27","5.0","1"
"employee","HR","0.4","2025-03-21 02:04:36","5","2025-03-19 08:04:36","0.3","0"
"admin","Operations","4.8","2025-03-09 22:32:09","9","2025-03-08 19:32:09","0.2","1"
"manager","Finance","7.2","2025-03-08 07:01:44","5","2025-03-06 16:01:44","4.9","0"
"manager","Operations","6.5","2025-03-27 06:54:33","8","2025-03-25 19:54:33","0.1","0"
"manager","IT","3.3","2025-03-01 02:56:02","3","2025-02-27 15:56:02","3.3","0"
"manager","Finance","2.6","2025-03-14 17:03:00","3","2025-03-13 12:03:00","0.4","1"
"employee","HR","0.7","2025-03-28 13:07:33","9","2025-03-27 16:07:33","1.7","0"
"manager","Operations","6.7","2025-03-15 14:44:28","10","2025-03-13 19:44:28","3.9","0"
"employee","Operations","8.6","2025-03-28 10:42:12","7","2025-03-26 13:42:12","4.7","0"
"admin","Operations","8.1","2025-03-01 11:40:50","8","2025-03-01 02:40:50","3.0","1"
"admin","Operations","2.7","2025-03-06 10:01:49","6","2025-03-05 11:01:49","2.0","1"
"manager","Finance","4.0","2025-03-02 23:18:52","4","2025-03-01 17:18:52","1.3","0"
"admin","Operations","8.9","2025-03-25 07:12:54","10","2025-03-23 22:12:54","4.1","1"
"manager","IT","6.6","2025-03-16 21:52:29","4","2025-03-15 06:52:29","0.5","1"
"admin","Operations","7.4","2025-03-30 03:58:43","10","2025-03-28 20:58:43","4.7","1"
"employee","HR","4.3","2025-03-09 08:11:05","10","2025-03-08 20:11:05","1.8","0"
"admin","IT","4.6","2025-03-01 02:28:29","4","2025-02-27 15:28:29","2.2","1"
"employee","IT","8.0","2025-03-07 23:55:48","7","2025-03-06 13:55:48","4.2","0"
"manager","IT","7.6","2025-03-04 05:44:24","10","2025-03-03 04:44:24","3.9","0"
"employee","Finance","7.9","2025-03-27 22:21:29","6","2025-03-27 10:21:29","1.0","0"
"employee","HR","4.8","2025-03-15 10:41:14","10","2025-03-14 18:41:14","0.8","0"
"employee","HR","8.5","2025-03-07 13:00:02","1","2025-03-06 06:00:02","4.8","0"
"manager","HR","5.5","2025-03-06 22:38:23","10","2025-03-05 09:38:23","0.2","0"
"manager","HR","5.8","2025-03-27 19:33:13","7","2025-03-27 13:33:13","2.8","0"
"manager","HR","7.5","2025-03-22 17:02:16","9","2025-03-22 03:02:16","0.7","0"
"admin","HR","2.8","2025-03-24 07:08:14","10","2025-03-23 15:08:14","1.1","1"
"admin","IT","7.1","2025-03-03 20:07:44","9","2025-03-02 04:07:44","1.2","1"
"admin","Finance","7.6","2025-03-27 16:45:57","9","2025-03-26 14:45:57","4.9","1"
"employee","Operations","8.3","2025-03-04 22:02:41","8","2025-03-04 19:02:41","2.4","0"
"employee","Operations","0.2","2025-03-16 12:53:02","7","2025-03-14 12:53:02","2.6","0"
"admin","Finance","3.7","2025-03-25 05:50:13","10","2025-03-24 20:50:13","2.1","1"
"manager","Finance","3.2","2025-03-14 03:16:50","8","2025-03-12 13:16:50","2.6","0"
"manager","Finance","3.6","2025-03-29 05:21:46","5","2025-03-28 07:21:46","0.8","0"
"admin","Finance","2.0","2025-03-11 22:46:22","4","2025-03-10 02:46:22","4.0","1"
"employee","IT","9.0","2025-03-27 21:42:54","9","2025-03-26 03:42:54","0.9","0"
"employee","IT","4.4","2025-03-18 16:14:50","4","2025-03-18 00:14:50","0.6","1"
"employee","IT","5.1","2025-03-23 13:17:03","2","2025-03-21 13:17:03","4.6","1"
"manager","HR","0.7","2025-03-18 17:04:00","3","2025-03-17 02:04:00","1.3","1"
"employee","Operations","5.5","2025-03-23 05:44:40","5","2025-03-22 12:44:40","4.9","0"
"employee","HR","2.0","2025-03-29 17:11:58","3","2025-03-28 19:11:58","4.6","0"
"employee","Operations","0.7","2025-03-10 01:27:43","7","2025-03-09 20:27:43","4.8","0"
"admin","Finance","1.6","2025-03-02 11:24:47","7","2025-03-02 07:24:47","4.4","1"
"employee","HR","9.1","2025-03-12 11:44:47","2","2025-03-11 04:44:47","4.6","0"
"admin","HR","0.1","2025-03-15 05:55:33","8","2025-03-14 19:55:33","2.4","1"
"admin","HR","3.6","2025-03-26 02:25:26","8","2025-03-25 17:25:26","1.4","1"
"manager","Operations","6.9","2025-03-04 04:15:54","10","2025-03-02 11:15:54","2.2","0"
"manager","Operations","6.2","2025-03-20 08:16:24","2","2025-03-19 07:16:24","1.1","0"
"employee","Finance","0.8","2025-03-29 13:47:11","6","2025-03-27 21:47:11","3.1","0"
"admin","IT","8.0","2025-03-18 18:32:01","7","2025-03-18 09:32:01","2.2","1"
"admin","IT","4.8","2025-03-21 04:56:01","4","2025-03-20 05:56:01","2.2","1"
"employee","Finance","5.3","2025-03-13 01:50:26","5","2025-03-11 22:50:26","1.9","0"
"manager","HR","5.8","2025-03-08 15:13:54","2","2025-03-08 12:13:54","4.5","0"
"manager","IT","4.4","2025-03-19 21:19:11","9","2025-03-19 05:19:11","1.9","0"
"manager","IT","4.5","2025-03-28 16:02:56","2","2025-03-28 13:02:56","1.2","1"
"admin","IT","6.6","2025-03-01 03:41:51","9","2025-02-28 02:41:51","4.5","1"
"employee","Operations","9.4","2025-03-08 23:06:55","2","2025-03-08 11:06:55","2.3","0"
"admin","IT","4.1","2025-03-06 15:04:17","5","2025-03-06 14:04:17","1.0","1"
"admin","IT","1.4","2025-03-18 16:29:28","2","2025-03-17 21:29:28","2.0","1"
"employee","Operations","9.5","2025-03-29 19:58:55","4","2025-03-28 10:58:55","3.4","0"
"admin","Operations","8.2","2025-03-27 11:43:55","9","2025-03-26 21:43:55","0.4","1"
"manager","IT","6.8","2025-03-27 07:28:21","7","2025-03-26 10:28:21","1.6","0"
"admin","Finance","1.0","2025-03-05 05:51:26","4","2025-03-04 15:51:26","2.3","1"
"employee","Operations","0.7","2025-03-22 19:30:26","7","2025-03-21 23:30:26","0.5","0"
"admin","Operations","8.3","2025-03-25 09:41:42","1","2025-03-24 17:41:42","1.9","1"
"manager","HR","7.4","2025-03-28 00:20:27","9","2025-03-27 13:20:27","2.2","0"
"admin","HR","3.4","2025-03-12 22:40:23","8","2025-03-12 06:40:23","4.7","1"
"admin","Finance","7.7","2025-03-25 23:37:03","6","2025-03-25 05:37:03","2.9","1"
"manager","HR","7.4","2025-03-11 13:28:31","9","2025-03-10 01:28:31","1.1","0"
"admin","IT","5.3","2025-03-25 17:44:53","2","2025-03-24 07:44:53","0.1","1"
"manager","Finance","4.8","2025-03-17 22:43:57","2","2025-03-16 07:43:57","1.4","0"
"admin","Finance","2.6","2025-03-05 03:59:25","4","2025-03-03 07:59:25","3.2","1"
"manager","Operations","2.1","2025-03-25 11:23:02","2","2025-03-25 07:23:02","3.8","0"
"employee","HR","9.3","2025-03-30 12:47:25","4","2025-03-29 21:47:25","0.9","1"
"employee","Operations","3.8","2025-03-19 21:05:52","7","2025-03-19 09:05:52","3.5","0"
"manager","Finance","2.7","2025-03-03 22:53:29","5","2025-03-02 12:53:29","3.6","0"
"manager","HR","0.7","2025-03-24 23:03:07","7","2025-03-24 22:03:07","0.2","0"
"employee","IT","8.9","2025-03-12 16:38:46","1","2025-03-12 11:38:46","2.2","1"
"admin","HR","6.2","2025-03-15 12:07:49","7","2025-03-15 05:07:49","1.1","1"
"manager","Operations","6.3","2025-03-01 18:24:01","1","2025-03-01 06:24:01","3.9","0"
"employee","IT","5.6","2025-03-07 06:24:00","2","2025-03-05 19:24:00","3.5","1"
"admin","HR","5.2","2025-03-08 17:25:49","10","2025-03-06 23:25:49","1.7","1"
"admin","Operations","10.0","2025-03-11 05:04:44","6","2025-03-10 10:04:44","1.5","1"
"manager","Operations","4.9","2025-03-28 11:04:28","2","2025-03-26 17:04:28","0.4","1"
"manager","Operations","4.0","2025-03-07 15:24:41","7","2025-03-06 11:24:41","0.7","0"
"employee","HR","9.7","2025-03-12 12:34:29","6","2025-03-11 18:34:29","0.7","0"
"admin","HR","7.5","2025-03-18 13:27:26","2","2025-03-18 00:27:26","4.2","1"
"admin","Finance","1.6","2025-03-08 23:07:28","5","2025-03-07 20:07:28","1.6","1"
"admin","HR","4.7","2025-03-27 14:19:22","3","2025-03-27 12:19:22","4.5","1"
"admin","HR","2.3","2025-03-10 18:29:19","8","2025-03-10 17:29:19","1.1","1"
"employee","Finance","7.4","2025-03-10 14:01:22","8","2025-03-09 01:01:22","2.2","0"
"admin","IT","5.5","2025-03-29 18:35:53","8","2025-03-29 14:35:53","0.7","1"
"employee","HR","7.1","2025-03-08 00:07:01","3","2025-03-06 18:07:01","4.0","0"
"employee","Operations","2.9","2025-03-23 07:14:25","3","2025-03-22 03:14:25","1.9","0"
"employee","IT","6.2","2025-03-12 09:54:10","1","2025-03-11 17:54:10","0.8","1"
"admin","HR","0.3","2025-03-04 14:22:53","3","2025-03-03 13:22:53","3.0","1"
"manager","HR","8.0","2025-03-05 10:33:46","6","2025-03-04 10:33:46","3.2","0"
"employee","IT","5.9","2025-03-18 01:44:09","7","2025-03-18 01:44:09","0.4","0"
"manager","Operations","9.7","2025-03-17 01:04:40","5","2025-03-15 15:04:40","3.8","0"
"admin","IT","4.8","2025-03-11 18:09:37","6","2025-03-11 07:09:37","2.2","1"
"employee","HR","6.8","2025-03-13 22:38:01","8","2025-03-13 16:38:01","1.2","0"
"employee","HR","7.2","2025-03-27 07:42:45","6","2025-03-26 08:42:45","0.1","0"
"manager","HR","1.5","2025-03-12 11:09:45","2","2025-03-11 03:09:45","3.1","1"
"employee","IT","6.6","2025-03-07 06:07:08","2","2025-03-06 22:07:08","4.5","1"
"manager","Operations","1.3","2025-03-26 11:03:42","7","2025-03-24 16:03:42","0.2","0"
"admin","Operations","2.8","2025-03-12 12:18:01","5","2025-03-11 17:18:01","3.4","1"
"manager","Finance","8.0","2025-03-30 09:38:42","2","2025-03-29 12:38:42","4.8","1"
"manager","IT","1.6","2025-03-04 16:42:30","6","2025-03-04 12:42:30","2.1","1"
"admin","Operations","2.6","2025-03-23 04:18:39","7","2025-03-21 07:18:39","3.4","1"
"employee","Operations","7.6","2025-03-10 03:55:17","9","2025-03-09 01:55:17","1.4","0"
"employee","HR","7.3","2025-03-24 12:09:06","8","2025-03-23 16:09:06","2.4","0"
"admin","HR","1.7","2025-03-09 09:29:27","10","2025-03-07 18:29:27","2.4","1"
"employee","HR","9.7","2025-03-02 14:10:26","2","2025-03-02 10:10:26","4.4","0"
"admin","Finance","0.3","2025-03-09 01:15:36","6","2025-03-08 01:15:36","2.7","1"
"admin","Finance","2.9","2025-03-03 23:02:53","7","2025-03-03 19:02:53","3.1","1"
"manager","Finance","3.9","2025-03-24 19:50:55","9","2025-03-22 23:50:55","3.9","0"
"manager","Finance","6.3","2025-03-30 20:08:36","6","2025-03-29 05:08:36","2.8","0"
"admin","Operations","1.9","2025-03-25 02:44:04","5","2025-03-23 19:44:04","0.2","1"
"manager","Operations","7.2","2025-03-13 01:42:25","8","2025-03-11 10:42:25","2.7","0"
"manager","HR","7.2","2025-03-14 12:24:24","3","2025-03-14 04:24:24","1.0","1"
"employee","Operations","6.7","2025-03-18 03:03:14","8","2025-03-17 20:03:14","2.1","0"
"admin","HR","6.6","2025-03-22 01:19:33","1","2025-03-21 02:19:33","1.4","1"
"admin","IT","1.9","2025-03-09 05:13:18","10","2025-03-08 04:13:18","1.2","1"
"employee","IT","3.6","2025-03-03 09:16:20","7","2025-03-01 20:16:20","2.2","0"
"employee","HR","6.5","2025-03-07 08:36:44","6","2025-03-05 15:36:44","2.2","0"
"admin","Finance","7.3","2025-03-06 15:17:04","5","2025-03-06 06:17:04","4.1","1"
"employee","IT","9.4","2025-03-21 00:39:22","4","2025-03-19 07:39:22","3.1","1"
"admin","HR","8.0","2025-03-12 01:32:01","6","2025-03-10 19:32:01","4.2","1"
"admin","Operations","7.2","2025-03-04 04:59:25","8","2025-03-03 05:59:25","3.5","1"
"employee","HR","6.8","2025-03-22 10:14:35","9","2025-03-22 03:14:35","4.6","0"
"admin","Finance","8.3","2025-03-21 20:16:44","4","2025-03-21 00:16:44","3.6","1"
"manager","Finance","1.8","2025-03-16 11:46:13","8","2025-03-16 06:46:13","3.6","0"
"admin","Finance","7.0","2025-03-29 08:32:38","3","2025-03-28 16:32:38","3.1","1"
"manager","IT","7.1","2025-03-08 07:41:20","8","2025-03-08 00:41:20","0.4","0"
"employee","Finance","5.7","2025-03-26 17:35:14","1","2025-03-25 17:35:14","2.9","0"
"manager","IT","9.7","2025-03-09 22:13:48","1","2025-03-08 07:13:48","2.5","1"
"admin","Operations","3.1","2025-03-07 14:50:43","4","2025-03-07 06:50:43","3.9","1"
"employee","Finance","4.1","2025-03-27 07:28:30","6","2025-03-27 07:28:30","0.4","0"
"manager","Finance","9.7","2025-03-26 02:30:45","3","2025-03-24 16:30:45","4.5","0"
"employee","Finance","2.4","2025-03-13 02:14:42","3","2025-03-11 14:14:42","3.4","0"
"employee","Operations","9.9","2025-03-03 09:18:12","2","2025-03-01 09:18:12","4.1","1"
"employee","IT","0.2","2025-03-23 01:28:42","6","2025-03-22 17:28:42","5.0","0"
"employee","HR","7.7","2025-03-28 17:38:04","9","2025-03-26 19:38:04","3.3","0"
"employee","Operations","2.9","2025-03-03 02:53:05","1","2025-03-01 09:53:05","2.7","0"
"employee","Finance","9.4","2025-03-20 06:18:10","1","2025-03-19 10:18:10","2.3","0"
"employee","Finance","6.4","2025-03-03 11:22:48","7","2025-03-02 12:22:48","1.5","0"
"manager","Operations","8.4","2025-03-20 00:37:39","1","2025-03-18 16:37:39","1.3","0"
"admin","HR","7.5","2025-03-13 04:11:39","10","2025-03-12 23:11:39","2.6","1"
"admin","Operations","1.0","2025-03-28 14:55:39","7","2025-03-27 13:55:39","3.1","1"
"employee","Finance","9.3","2025-03-06 21:38:17","9","2025-03-05 20:38:17","1.0","0"
"employee","Operations","8.5","2025-03-04 01:03:23","5","2025-03-03 09:03:23","1.5","0"
"manager","Operations","5.0","2025-03-05 07:20:34","3","2025-03-04 21:20:34","1.1","0"
"admin","HR","6.5","2025-03-18 19:32:59","4","2025-03-18 09:32:59","0.1","1"
"employee","Finance","4.7","2025-03-27 05:55:39","10","2025-03-26 02:55:39","2.8","0"
"employee","HR","1.0","2025-03-09 08:10:24","2","2025-03-09 08:10:24","4.0","0"
"admin","IT","0.2","2025-03-03 12:18:54","2","2025-03-02 10:18:54","1.6","1"
"manager","Operations","2.8","2025-03-17 02:25:23","4","2025-03-16 06:25:23","3.3","0"
"manager","IT","2.3","2025-03-17 01:11:12","6","2025-03-16 17:11:12","2.8","0"
"admin","IT","0.0","2025-03-15 06:19:43","7","2025-03-15 04:19:43","4.6","1"
"admin","HR","6.2","2025-03-30 16:33:30","10","2025-03-29 22:33:30","0.2","1"
"admin","HR","2.6","2025-03-06 00:05:22","1","2025-03-05 19:05:22","0.5","1"
"manager","IT","7.4","2025-03-28 08:33:17","7","2025-03-27 09:33:17","1.1","0"
"manager","HR","4.1","2025-03-18 05:50:42","9","2025-03-16 16:50:42","0.2","0"
"admin","Operations","1.3","2025-03-11 11:14:31","4","2025-03-10 20:14:31","5.0","1"
"admin","Finance","7.7","2025-03-15 05:29:24","6","2025-03-13 23:29:24","2.6","1"
"manager","HR","4.3","2025-03-26 13:36:53","8","2025-03-25 06:36:53","0.9","0"
"admin","IT","2.1","2025-03-27 03:27:50","3","2025-03-26 13:27:50","2.0","1"
"employee","Finance","3.9","2025-03-25 15:10:14","10","2025-03-25 12:10:14","2.9","0"
"admin","HR","6.8","2025-03-11 04:06:39","6","2025-03-09 08:06:39","4.4","1"
"admin","Operations","9.4","2025-03-17 01:34:32","6","2025-03-17 01:34:32","2.8","1"
"admin","HR","3.8","2025-03-27 22:08:35","2","2025-03-26 10:08:35","4.3","1"
"employee","HR","5.0","2025-03-09 01:24:33","9","2025-03-08 17:24:33","0.2","0"
"employee","HR","5.2","2025-03-03 23:50:36","3","2025-03-03 18:50:36","3.3","0"
"admin","Operations","2.1","2025-03-27 04:46:41","5","2025-03-26 03:46:41","4.6","1"
"employee","Finance","3.7","2025-03-13 14:53:03","8","2025-03-13 11:53:03","3.8","0"
"employee","Operations","2.0","2025-03-13 08:44:23","4","2025-03-11 18:44:23","1.5","0"
"manager","IT","2.0","2025-03-23 12:03:08","5","2025-03-22 21:03:08","1.3","1"
"employee","HR","7.0","2025-03-19 06:09:52","9","2025-03-18 08:09:52","3.4","0"
"manager","Operations","7.4","2025-03-10 17:27:31","8","2025-03-08 22:27:31","0.7","0"
"employee","IT","1.0","2025-03-06 16:38:08","1","2025-03-05 00:38:08","5.0","1"
"admin","Operations","6.1","2025-03-19 23:27:08","5","2025-03-19 18:27:08","3.1","1"
"admin","Operations","4.5","2025-03-19 21:11:54","1","2025-03-19 09:11:54","2.4","1"
"manager","Finance","5.6","2025-03-21 14:07:59","6","2025-03-21 04:07:59","2.1","1"
"employee","Finance","1.4","2025-03-22 11:04:22","8","2025-03-20 14:04:22","1.8","0"
"admin","Operations","0.1","2025-03-26 08:12:49","4","2025-03-25 03:12:49","4.3","1"
"employee","Finance","7.2","2025-03-19 16:33:51","1","2025-03-18 09:33:51","1.5","1"
"admin","Operations","9.6","2025-03-27 09:40:42","4","2025-03-26 01:40:42","4.9","1"
"manager","HR","8.2","2025-03-30 02:41:51","9","2025-03-29 06:41:51","0.9","0"
"employee","Finance","7.8","2025-03-09 17:13:52","1","2025-03-08 21:13:52","2.0","1"
"manager","HR","6.9","2025-03-08 15:59:19","1","2025-03-08 15:59:19","2.4","0"
"manager","Finance","1.8","2025-03-10 13:53:26","10","2025-03-09 13:53:26","2.6","0"
"employee","HR","1.2","2025-03-23 17:09:56","10","2025-03-22 13:09:56","0.2","0"
"employee","Finance","9.8","2025-03-30 15:11:53","9","2025-03-30 14:11:53","3.6","0"
"manager","IT","10.0","2025-03-09 03:33:57","7","2025-03-09 02:33:57","1.7","0"
"manager","Operations","7.8","2025-03-07 07:30:22","1","2025-03-05 09:30:22","3.5","0"
"manager","Finance","7.8","2025-03-19 06:02:56","5","2025-03-17 16:02:56","3.8","0"
"admin","Finance","5.0","2025-03-07 16:02:02","7","2025-03-06 12:02:02","4.5","1"
"employee","Operations","8.7","2025-03-15 11:36:27","2","2025-03-14 07:36:27","3.4","0"
"manager","HR","10.0","2025-03-16 08:40:35","3","2025-03-15 08:40:35","2.3","0"
"admin","IT","8.7","2025-03-08 22:30:06","3","2025-03-07 11:30:06","2.5","1"
"manager","Finance","4.8","2025-03-29 16:16:02","4","2025-03-28 22:16:02","1.4","1"
"employee","HR","9.4","2025-03-24 10:48:06","6","2025-03-24 06:48:06","2.0","0"
"admin","Finance","9.4","2025-03-12 07:54:16","4","2025-03-10 12:54:16","4.6","1"
"manager","Operations","3.9","2025-03-16 16:01:16","3","2025-03-15 08:01:16","2.2","1"
"employee","HR","8.9","2025-03-08 20:43:43","3","2025-03-08 07:43:43","0.4","0"
"admin","HR","9.0","2025-03-09 06:20:16","2","2025-03-08 19:20:16","4.1","1"
"manager","Operations","7.3","2025-03-13 16:12:28","1","2025-03-12 16:12:28","1.8","1"
"manager","IT","5.5","2025-03-12 03:22:33","10","2025-03-10 08:22:33","3.8","0"
"manager","IT","0.5","2025-03-05 14:51:22","3","2025-03-04 09:51:22","1.8","1"
"admin","Operations","5.0","2025-03-28 23:51:38","3","2025-03-28 09:51:38","4.5","1"
"admin","HR","9.4","2025-03-15 13:26:53","3","2025-03-14 20:26:53","0.7","1"
"admin","Finance","9.3","2025-03-15 06:53:18","2","2025-03-14 14:53:18","4.2","1"
"employee","Finance","3.1","2025-03-20 00:15:33","5","2025-03-19 04:15:33","0.9","0"
"manager","Finance","7.8","2025-03-09 17:01:00","7","2025-03-08 18:01:00","3.6","0"
"admin","Operations","2.6","2025-03-30 09:49:42","2","2025-03-28 21:49:42","1.2","1"
"admin","IT","2.0","2025-03-27 21:30:18","9","2025-03-26 06:30:18","0.7","1"
"employee","IT","1.7","2025-03-19 01:23:07","3","2025-03-17 15:23:07","4.2","0"
"admin","Finance","9.2","2025-03-25 13:13:02","5","2025-03-23 17:13:02","2.5","1"
"manager","IT","7.8","2025-03-04 17:16:15","1","2025-03-04 12:16:15","2.3","1"
"manager","IT","6.3","2025-03-08 21:43:17","9","2025-03-07 13:43:17","0.3","0"
"admin","HR","3.8","2025-03-17 16:23:25","3","2025-03-16 11:23:25","3.3","1"
"manager","Finance","9.5","2025-03-08 07:44:28","2","2025-03-07 19:44:28","2.0","0"
"admin","Operations","6.6","2025-03-27 01:50:45","3","2025-03-27 01:50:45","2.5","1"
"admin","Finance","0.7","2025-03-01 06:26:49","7","2025-02-27 13:26:49","0.2","1"
"admin","HR","2.2","2025-03-15 15:09:09","6","2025-03-15 15:09:09","3.6","1"
"admin","Operations","6.7","2025-03-02 07:51:54","1","2025-02-28 15:51:54","1.2","1"
"admin","HR","5.8","2025-03-10 13:43:38","6","2025-03-10 06:43:38","0.2","1"
"manager","Operations","6.2","2025-03-07 13:45:28","1","2025-03-05 23:45:28","2.3","0"
"manager","IT","6.1","2025-03-18 13:59:11","4","2025-03-17 03:59:11","3.5","1"
"admin","Finance","6.2","2025-03-22 23:59:21","9","2025-03-22 16:59:21","0.4","1"
"employee","Operations","0.1","2025-03-04 05:17:51","8","2025-03-04 04:17:51","3.1","0"
"manager","HR","7.6","2025-03-28 04:03:12","2","2025-03-28 04:03:12","2.4","0"
"manager","Operations","4.6","2025-03-25 00:04:46","1","2025-03-23 12:04:46","1.2","0"
"admin","IT","5.1","2025-03-18 06:09:44","5","2025-03-16 18:09:44","4.0","1"
"employee","IT","6.7","2025-03-03 16:32:59","1","2025-03-03 00:32:59","4.8","1"
"admin","IT","1.6","2025-03-03 09:48:37","7","2025-03-01 23:48:37","0.8","1"
"manager","IT","2.2","2025-03-22 11:14:10","3","2025-03-22 02:14:10","4.8","1"
"manager","IT","0.9","2025-03-01 10:45:37","8","2025-02-28 14:45:37","0.5","0"
"manager","Operations","5.7","2025-03-09 19:50:36","1","2025-03-08 15:50:36","1.4","0"
"employee","Operations","6.0","2025-03-21 17:43:26","2","2025-03-19 22:43:26","2.9","1"
"manager","HR","2.4","2025-03-10 05:35:38","10","2025-03-08 20:35:38","2.7","0"
"manager","HR","2.8","2025-03-16 10:38:15","6","2025-03-15 13:38:15","1.0","0"
"employee","Operations","5.2","2025-03-05 23:24:25","6","2025-03-05 22:24:25","1.2","0"
"employee","HR","4.4","2025-03-03 15:20:50","3","2025-03-02 06:20:50","0.6","1"
"manager","HR","2.2","2025-03-26 02:53:20","9","2025-03-24 08:53:20","1.2","0"
"admin","Operations","5.9","2025-03-19 19:39:04","5","2025-03-18 05:39:04","0.3","1"
"admin","HR","5.4","2025-03-26 17:08:13","9","2025-03-26 05:08:13","1.9","1"
"employee","HR","2.3","2025-03-26 10:39:28","9","2025-03-24 23:39:28","1.4","0"
"admin","HR","3.7","2025-03-27 11:27:58","5","2025-03-25 13:27:58","0.2","1"
"admin","Operations","9.3","2025-03-06 04:27:37","5","2025-03-05 07:27:37","5.0","1"
"manager","IT","8.0","2025-03-22 19:06:15","2","2025-03-22 08:06:15","0.4","1"
"manager","HR","3.1","2025-03-29 12:36:35","1","2025-03-28 17:36:35","1.8","1"
"admin","IT","4.5","2025-03-28 05:57:14","1","2025-03-27 05:57:14","4.7","1"
"admin","Operations","9.1","2025-03-12 00:03:42","6","2025-03-10 13:03:42","3.0","1"
"manager","IT","4.8","2025-03-10 19:00:20","6","2025-03-10 07:00:20","4.6","0"
"admin","Finance","4.3","2025-03-28 23:23:25","9","2025-03-28 07:23:25","5.0","1"
"employee","HR","1.4","2025-03-12 02:48:51","4","2025-03-10 09:48:51","0.3","0"
"employee","Operations","8.3","2025-03-01 20:54:11","8","2025-03-01 07:54:11","0.9","0"
"manager","Operations","2.7","2025-03-22 11:25:03","10","2025-03-21 09:25:03","3.4","0"
"employee","Finance","0.3","2025-03-24 11:39:11","3","2025-03-22 15:39:11","3.1","0"
"employee","HR","1.5","2025-03-03 22:40:24","10","2025-03-02 16:40:24","3.4","0"
"admin","HR","8.1","2025-03-05 08:23:16","1","2025-03-04 07:23:16","4.4","1"
"admin","IT","3.1","2025-03-14 18:25:57","9","2025-03-12 23:25:57","0.4","1"
"manager","IT","0.7","2025-03-20 13:31:39","2","2025-03-20 03:31:39","2.8","0"
"admin","HR","8.6","2025-03-20 21:38:52","5","2025-03-19 20:38:52","1.0","1"
"admin","Operations","6.0","2025-03-20 17:36:20","9","2025-03-19 09:36:20","5.0","1"
"manager","HR","4.2","2025-03-19 09:39:52","4","2025-03-18 10:39:52","0.8","0"
"employee","Operations","1.4","2025-03-05 12:12:14","7","2025-03-03 17:12:14","4.9","0"
"admin","HR","3.2","2025-03-15 15:07:17","9","2025-03-13 17:07:17","4.4","1"
"employee","IT","9.4","2025-03-12 11:21:52","4","2025-03-11 19:21:52","1.3","1"
"admin","Operations","6.8","2025-03-29 15:52:40","1","2025-03-27 23:52:40","0.6","1"
"admin","IT","3.7","2025-03-22 07:27:42","5","2025-03-21 02:27:42","3.8","1"
"employee","Operations","5.4","2025-03-11 16:41:09","4","2025-03-10 20:41:09","2.6","1"
"manager","IT","4.6","2025-03-11 04:01:14","2","2025-03-10 00:01:14","1.8","0"
"admin","Operations","9.8","2025-03-07 16:35:33","1","2025-03-06 01:35:33","3.6","1"
"employee","HR","0.0","2025-03-22 15:26:54","8","2025-03-22 07:26:54","2.5","0"
"manager","Operations","8.3","2025-03-25 09:35:46","1","2025-03-23 21:35:46","2.3","1"
"manager","Finance","7.3","2025-03-30 22:10:04","6","2025-03-29 21:10:04","3.5","0"
"admin","IT","5.8","2025-03-23 21:01:10","8","2025-03-22 14:01:10","4.0","1"
"employee","HR","5.0","2025-03-27 05:42:25","9","2025-03-26 17:42:25","1.1","0"
"employee","Operations","2.9","2025-03-11 11:27:11","9","2025-03-10 08:27:11","3.9","0"
"employee","Finance","3.6","2025-03-06 20:23:34","1","2025-03-06 20:23:34","2.9","0"
"employee","Finance","1.9","2025-03-12 22:49:17","6","2025-03-11 17:49:17","4.8","0"
"employee","HR","2.4","2025-03-24 21:39:29","5","2025-03-24 07:39:29","0.3","0"
"manager","Finance","6.9","2025-03-20 10:58:28","5","2025-03-18 16:58:28","1.7","0"
"admin","Finance","0.9","2025-03-23 03:56:08","1","2025-03-22 19:56:08","2.5","1"
"employee","Finance","1.9","2025-03-29 02:46:16","2","2025-03-28 23:46:16","3.7","0"
"admin","Finance","5.7","2025-03-29 20:39:16","1","2025-03-28 13:39:16","2.6","1"
"manager","HR","3.7","2025-03-07 02:57:17","10","2025-03-07 02:57:17","3.6","0"
"manager","HR","2.9","2025-03-19 20:20:46","10","2025-03-18 10:20:46","0.1","0"
"admin","Finance","3.1","2025-03-22 04:39:17","10","2025-03-20 13:39:17","1.8","1"
"employee","IT","8.7","2025-03-03 21:08:12","9","2025-03-02 22:08:12","2.9","0"
"manager","Operations","8.5","2025-03-05 16:34:52","8","2025-03-04 01:34:52","4.2","0"
"employee","HR","7.0","2025-03-06 17:55:02","10","2025-03-05 14:55:02","1.2","0"
"manager","Finance","8.1","2025-03-06 16:15:41","4","2025-03-05 19:15:41","4.4","1"
"admin","IT","7.0","2025-03-11 14:24:05","8","2025-03-09 15:24:05","4.0","1"
"employee","Operations","5.3","2025-03-26 04:46:11","7","2025-03-25 20:46:11","0.5","0"
"admin","Operations","3.3","2025-03-15 10:55:29","2","2025-03-15 06:55:29","1.1","1"
"manager","HR","4.5","2025-03-07 01:44:30","6","2025-03-05 02:44:30","4.5","0"
"manager","Finance","4.7","2025-03-24 15:00:42","6","2025-03-23 21:00:42","2.3","1"
"admin","HR","0.0","2025-03-28 17:50:14","7","2025-03-28 14:50:14","2.7","1"
"admin","Finance","9.6","2025-03-13 17:05:38","1","2025-03-12 06:05:38","2.1","1"
"manager","HR","0.6","2025-03-27 20:18:45","5","2025-03-27 01:18:45","0.7","0"
"employee","Operations","6.4","2025-03-01 08:04:15","1","2025-02-28 19:04:15","2.3","0"
"manager","Finance","9.6","2025-03-05 19:04:15","1","2025-03-05 07:04:15","3.2","0"
"manager","Finance","2.6","2025-03-09 14:46:55","9","2025-03-08 18:46:55","2.9","0"
"admin","HR","8.2","2025-03-30 19:24:29","6","2025-03-30 12:24:29","3.5","1"
"employee","IT","9.7","2025-03-29 00:28:14","8","2025-03-27 14:28:14","4.3","0"
"manager","HR","9.8","2025-03-21 15:02:13","9","2025-03-19 17:02:13","3.2","0"
"manager","Operations","2.0","2025-03-10 10:04:26","9","2025-03-08 17:04:26","2.1","0"
"manager","Operations","0.7","2025-03-25 05:57:13","7","2025-03-23 05:57:13","0.7","0"
"manager","Finance","9.1","2025-03-29 09:33:29","7","2025-03-29 07:33:29","0.3","0"
"admin","IT","8.3","2025-03-05 10:44:57","6","2025-03-04 09:44:57","4.3","1"
"manager","IT","8.7","2025-03-04 05:28:52","4","2025-03-03 23:28:52","2.6","1"
"admin","IT","0.1","2025-03-07 12:25:05","4","2025-03-05 17:25:05","1.9","1"
"manager","Finance","6.6","2025-03-09 01:38:58","2","2025-03-09 01:38:58","1.9","0"
"employee","HR","1.4","2025-03-08 07:53:22","3","2025-03-08 05:53:22","4.1","0"
"manager","Operations","5.2","2025-03-02 07:42:24","2","2025-03-01 16:42:24","3.1","0"
"admin","HR","4.6","2025-03-05 05:05:08","7","2025-03-04 18:05:08","2.3","1"
"admin","IT","2.6","2025-03-30 01:56:19","8","2025-03-29 08:56:19","4.8","1"
"manager","HR","6.7","2025-03-04 21:41:40","3","2025-03-04 14:41:40","3.4","0"
"manager","Operations","7.6","2025-03-02 03:57:47","1","2025-02-28 09:57:47","1.4","0"
"manager","Finance","4.5","2025-03-12 06:24:03","9","2025-03-10 17:24:03","4.8","0"
"admin","HR","7.3","2025-03-24 08:32:09","9","2025-03-23 16:32:09","3.9","1"
"employee","Operations","2.8","2025-03-24 15:36:04","5","2025-03-24 03:36:04","1.6","1"
"admin","Operations","3.7","2025-03-01 07:36:38","3","2025-02-28 10:36:38","3.3","1"
"employee","Finance","8.9","2025-03-29 09:56:13","5","2025-03-28 05:56:13","2.4","0"
"manager","HR","5.1","2025-03-21 12:50:35","6","2025-03-19 18:50:35","1.6","0"
"manager","Operations","6.8","2025-03-24 20:17:33","6","2025-03-24 08:17:33","4.7","0"
"manager","HR","2.6","2025-03-03 01:09:36","2","2025-03-01 16:09:36","2.1","0"
"admin","Operations","2.4","2025-03-12 09:17:20","2","2025-03-12 07:17:20","3.3","1"
"employee","Operations","1.6","2025-03-07 14:35:26","5","2025-03-05 23:35:26","0.7","0"
"manager","Finance","6.6","2025-03-21 19:51:17","3","2025-03-21 19:51:17","1.0","0"
"employee","HR","2.4","2025-03-28 19:16:35","10","2025-03-28 15:16:35","3.8","0"
"employee","IT","3.6","2025-03-13 14:16:59","6","2025-03-13 09:16:59","0.1","1"
"admin","Operations","3.3","2025-03-10 21:52:23","6","2025-03-10 16:52:23","1.3","1"
"admin","HR","6.8","2025-03-22 17:41:23","7","2025-03-22 06:41:23","3.8","1"
"admin","IT","4.5","2025-03-27 09:16:30","2","2025-03-25 15:16:30","3.2","1"
"admin","IT","3.7","2025-03-02 22:00:25","5","2025-03-01 07:00:25","4.0","1"
"employee","IT","4.4","2025-03-25 18:00:32","8","2025-03-25 16:00:32","4.5","0"
"manager","IT","0.2","2025-03-08 16:30:36","9","2025-03-07 02:30:36","1.9","0"
"manager","IT","8.4","2025-03-21 15:31:25","3","2025-03-21 10:31:25","3.8","1"
"manager","HR","6.5","2025-03-04 08:56:03","2","2025-03-04 05:56:03","2.1","0"
"employee","HR","2.6","2025-03-29 01:04:04","7","2025-03-28 11:04:04","4.4","0"
"admin","HR","5.5","2025-03-04 21:32:20","7","2025-03-04 08:32:20","4.9","1"
"employee","IT","2.1","2025-03-04 15:47:25","4","2025-03-03 18:47:25","1.5","1"
"admin","Finance","2.0","2025-03-13 20:04:27","5","2025-03-12 10:04:27","0.6","1"
"admin","Finance","2.7","2025-03-07 05:07:31","10","2025-03-05 17:07:31","2.9","1"
"admin","Finance","4.0","2025-03-26 05:58:27","1","2025-03-24 06:58:27","4.7","1"
"admin","HR","1.3","2025-03-14 17:05:45","3","2025-03-14 07:05:45","3.1","1"
"manager","Operations","8.4","2025-03-10 18:45:28","8","2025-03-10 06:45:28","0.7","0"
"admin","IT","2.7","2025-03-09 07:08:12","9","2025-03-07 21:08:12","2.8","1"
"admin","HR","8.2","2025-03-11 09:43:38","10","2025-03-11 08:43:38","4.1","1"
"admin","Operations","1.8","2025-03-11 12:51:39","5","2025-03-11 12:51:39","2.0","1"
"employee","IT","8.2","2025-03-05 19:01:50","6","2025-03-04 01:01:50","3.0","0"
"admin","HR","2.9","2025-03-05 22:13:24","10","2025-03-04 06:13:24","4.0","1"
"employee","Finance","7.2","2025-03-05 04:49:34","4","2025-03-04 11:49:34","3.6","0"
"admin","Operations","7.6","2025-03-13 07:52:24","6","2025-03-11 14:52:24","1.2","1"
"manager","Finance","9.7","2025-03-11 18:24:55","3","2025-03-10 18:24:55","1.2","0"
"manager","HR","7.5","2025-03-08 17:56:34","9","2025-03-07 06:56:34","3.9","0"
"manager","IT","0.9","2025-03-09 03:12:14","6","2025-03-09 01:12:14","1.4","0"
"employee","HR","1.3","2025-03-14 07:29:30","4","2025-03-12 14:29:30","4.9","0"
"employee","Operations","9.3","2025-03-21 00:06:12","2","2025-03-20 16:06:12","4.5","0"
"admin","Finance","9.5","2025-03-14 21:30:57","4","2025-03-13 20:30:57","2.6","1"
"manager","IT","0.0","2025-03-17 13:17:58","2","2025-03-15 21:17:58","3.7","1"
"admin","HR","2.0","2025-03-30 14:44:10","5","2025-03-29 17:44:10","4.3","1"
"manager","Operations","0.6","2025-03-03 12:15:16","9","2025-03-01 18:15:16","2.8","0"
"employee","Finance","8.1","2025-03-04 02:58:23","3","2025-03-02 09:58:23","4.3","0"
"employee","Finance","8.4","2025-03-28 05:43:24","8","2025-03-26 05:43:24","0.4","0"
"admin","Operations","4.7","2025-03-04 10:25:52","5","2025-03-04 06:25:52","1.7","1"
"manager","Operations","6.6","2025-03-24 06:07:10","7","2025-03-23 05:07:10","2.8","0"
"admin","Finance","3.4","2025-03-01 21:52:50","1","2025-02-27 23:52:50","4.6","1"
"admin","HR","7.1","2025-03-30 04:33:11","9","2025-03-29 17:33:11","2.6","1"
"manager","IT","8.3","2025-03-07 08:35:05","2","2025-03-05 18:35:05","2.0","1"
"manager","Finance","7.0","2025-03-29 10:01:47","6","2025-03-27 15:01:47","1.2","0"
"admin","Operations","4.4","2025-03-28 08:47:24","4","2025-03-28 00:47:24","4.3","1"
"employee","HR","1.9","2025-03-11 20:11:33","5","2025-03-10 20:11:33","3.3","0"
"manager","HR","9.9","2025-03-27 11:23:03","9","2025-03-26 18:23:03","3.3","0"
"admin","Operations","8.4","2025-03-24 14:36:28","2","2025-03-24 14:36:28","2.6","1"
"manager","Operations","3.9","2025-03-03 09:27:15","10","2025-03-03 06:27:15","0.3","0"
"employee","Finance","0.9","2025-03-11 12:41:07","1","2025-03-09 20:41:07","1.2","1"
"admin","Finance","5.3","2025-03-14 15:31:57","8","2025-03-13 21:31:57","3.3","1"
"employee","HR","0.8","2025-03-30 18:02:22","1","2025-03-30 03:02:22","4.8","0"
"manager","IT","2.9","2025-03-17 05:13:48","5","2025-03-15 14:13:48","3.1","0"
"employee","HR","3.0","2025-03-22 18:53:08","2","2025-03-21 21:53:08","1.2","0"
"manager","Operations","7.1","2025-03-09 13:18:26","9","2025-03-07 17:18:26","0.4","0"
"manager","Finance","7.5","2025-03-13 21:19:14","5","2025-03-12 22:19:14","4.6","0"
"admin","Finance","1.6","2025-03-19 12:23:00","2","2025-03-17 12:23:00","1.3","1"
"manager","HR","1.2","2025-03-25 18:46:59","8","2025-03-23 19:46:59","3.4","0"
"manager","IT","5.8","2025-03-09 15:08:56","8","2025-03-08 08:08:56","1.7","0"
"employee","IT","8.7","2025-03-11 17:04:56","4","2025-03-10 12:04:56","2.9","1"
"manager","Operations","9.5","2025-03-06 00:52:48","9","2025-03-05 19:52:48","1.7","0"
"manager","HR","0.9","2025-03-24 17:02:03","3","2025-03-24 04:02:03","5.0","0"
"manager","Finance","5.0","2025-03-17 07:11:48","6","2025-03-15 08:11:48","0.7","0"
"employee","IT","9.0","2025-03-23 01:36:42","5","2025-03-22 03:36:42","2.2","0"
"employee","Finance","2.6","2025-03-16 17:41:37","9","2025-03-15 12:41:37","4.1","0"
"manager","Finance","4.4","2025-03-12 18:07:44","5","2025-03-11 18:07:44","1.8","0"
"admin","Finance","4.2","2025-03-09 04:16:52","2","2025-03-08 23:16:52","4.3","1"
"admin","IT","4.3","2025-03-28 03:06:11","9","2025-03-27 18:06:11","1.4","1"
"employee","Finance","1.6","2025-03-29 01:20:07","4","2025-03-28 05:20:07","0.8","0"
"manager","IT","2.9","2025-03-04 00:42:54","3","2025-03-03 09:42:54","1.6","0"
"manager","Operations","9.5","2025-03-03 23:14:20","4","2025-03-02 16:14:20","4.1","0"
"admin","Operations","4.1","2025-03-17 17:33:29","4","2025-03-16 15:33:29","2.2","1"
"admin","HR","0.7","2025-03-26 20:53:56","5","2025-03-26 20:53:56","2.7","1"
"manager","Operations","4.7","2025-03-25 20:00:18","10","2025-03-25 18:00:18","4.4","0"
"employee","Finance","4.0","2025-03-16 00:36:30","1","2025-03-14 13:36:30","0.3","0"
"admin","Operations","2.1","2025-03-20 14:13:21","8","2025-03-20 04:13:21","0.7","1"
"employee","HR","5.4","2025-03-12 18:34:19","1","2025-03-10 22:34:19","2.4","0"
"admin","Finance","6.3","2025-03-04 11:55:02","3","2025-03-03 20:55:02","0.8","1"
"admin","HR","8.7","2025-03-09 06:55:45","5","2025-03-08 11:55:45","4.0","1"
"employee","Operations","4.7","2025-03-02 17:30:01","10","2025-03-02 15:30:01","4.4","0"
"admin","HR","6.4","2025-03-26 03:18:19","1","2025-03-25 19:18:19","2.9","1"
"manager","IT","0.6","2025-03-14 05:21:07","10","2025-03-13 20:21:07","1.8","0"
"admin","Operations","6.4","2025-03-29 22:55:36","5","2025-03-28 15:55:36","1.7","1"
"admin","Operations","8.6","2025-03-06 00:20:30","10","2025-03-04 12:20:30","4.8","1"
"manager","Finance","3.2","2025-03-23 14:59:04","10","2025-03-22 08:59:04","3.2","0"
"employee","Operations","5.4","2025-03-23 07:32:08","8","2025-03-22 19:32:08","1.0","0"
"manager","IT","2.6","2025-03-29 07:07:03","1","2025-03-27 18:07:03","0.3","0"
"admin","IT","1.0","2025-03-15 21:54:29","6","2025-03-15 11:54:29","2.6","1"
"employee","Finance","1.8","2025-03-22 21:03:05","6","2025-03-22 14:03:05","2.0","0"
"employee","HR","2.0","2025-03-24 16:51:26","5","2025-03-23 00:51:26","3.4","0"
"admin","Operations","4.5","2025-03-21 02:55:28","9","2025-03-20 02:55:28","1.6","1"
"employee","IT","9.2","2025-03-22 15:22:54","4","2025-03-20 16:22:54","3.9","1"
"admin","Operations","8.4","2025-03-05 07:35:27","9","2025-03-04 07:35:27","1.2","1"
"admin","IT","6.6","2025-03-12 13:15:26","5","2025-03-11 00:15:26","4.5","1"
"manager","Finance","9.6","2025-03-07 12:00:12","7","2025-03-07 05:00:12","0.4","0"
"employee","IT","7.1","2025-03-17 21:12:24","10","2025-03-17 07:12:24","4.6","0"
"employee","Finance","5.9","2025-03-26 00:58:27","9","2025-03-25 03:58:27","2.0","0"
"manager","HR","9.7","2025-03-08 18:07:26","9","2025-03-07 13:07:26","1.6","0"
"admin","Operations","7.2","2025-03-26 16:14:07","7","2025-03-24 20:14:07","2.6","1"
"admin","Finance","3.6","2025-03-01 19:09:03","9","2025-03-01 19:09:03","2.5","1"
"admin","IT","5.9","2025-03-10 07:24:44","3","2025-03-08 10:24:44","4.9","1"
"admin","IT","1.5","2025-03-16 00:01:42","1","2025-03-15 09:01:42","2.5","1"
"manager","Operations","9.8","2025-03-20 20:00:44","3","2025-03-18 20:00:44","2.8","0"
"manager","IT","7.1","2025-03-13 05:23:38","6","2025-03-12 05:23:38","3.7","0"
"manager","HR","9.6","2025-03-01 00:03:32","9","2025-02-27 18:03:32","3.6","0"
"employee","Finance","0.8","2025-03-29 12:50:51","6","2025-03-27 18:50:51","1.5","0"
"employee","Finance","7.4","2025-03-30 00:29:06","5","2025-03-29 17:29:06","1.7","0"
"employee","IT","5.7","2025-03-11 15:30:26","9","2025-03-09 15:30:26","4.7","0"
"employee","Finance","6.6","2025-03-11 16:16:06","1","2025-03-10 21:16:06","1.0","1"
"admin","Operations","3.8","2025-03-07 04:58:32","6","2025-03-06 01:58:32","2.3","1"
"admin","IT","0.6","2025-03-08 17:01:57","5","2025-03-06 22:01:57","2.2","1"
"employee","Finance","8.8","2025-03-25 06:58:56","4","2025-03-24 21:58:56","1.6","0"
"admin","Finance","2.1","2025-03-21 11:43:30","3","2025-03-20 04:43:30","4.6","1"
"employee","Finance","0.6","2025-03-11 15:11:26","2","2025-03-10 09:11:26","2.6","0"
"admin","IT","7.3","2025-03-08 20:09:32","9","2025-03-08 07:09:32","1.7","1"
"manager","HR","4.2","2025-03-23 22:46:47","7","2025-03-22 14:46:47","2.3","0"
"admin","Finance","2.2","2025-03-13 05:55:03","10","2025-03-12 03:55:03","4.3","1"
"employee","Finance","8.5","2025-03-25 19:49:25","1","2025-03-24 14:49:25","2.9","0"
"admin","IT","2.7","2025-03-02 00:01:59","7","2025-02-28 17:01:59","3.4","1"
"admin","IT","2.8","2025-03-15 03:52:00","3","2025-03-14 20:52:00","2.5","1"
"manager","Operations","0.5","2025-03-06 02:58:23","1","2025-03-04 03:58:23","1.8","0"
"admin","Finance","4.3","2025-03-22 18:48:21","10","2025-03-22 03:48:21","3.5","1"
"employee","Finance","4.1","2025-03-24 11:23:41","8","2025-03-22 16:23:41","2.2","0"
"employee","HR","7.9","2025-03-13 00:38:47","10","2025-03-12 18:38:47","4.1","0"
"manager","Operations","7.8","2025-03-15 14:29:44","3","2025-03-15 07:29:44","3.6","1"
"manager","IT","7.1","2025-03-14 14:57:55","5","2025-03-13 21:57:55","0.5","0"
"manager","HR","3.7","2025-03-07 18:14:51","2","2025-03-06 19:14:51","2.0","0"
"admin","Operations","2.0","2025-03-20 19:16:31","4","2025-03-19 01:16:31","3.7","1"
"manager","Operations","8.4","2025-03-29 11:59:33","10","2025-03-27 18:59:33","2.2","0"
"employee","Finance","3.7","2025-03-05 01:04:21","3","2025-03-04 18:04:21","1.4","0"
"manager","Operations","9.2","2025-03-11 11:28:52","3","2025-03-10 11:28:52","4.6","0"
"employee","HR","5.8","2025-03-07 16:09:12","4","2025-03-06 14:09:12","1.7","0"
"employee","Finance","9.3","2025-03-14 17:57:16","6","2025-03-14 17:57:16","4.8","0"
"employee","Operations","2.2","2025-03-29 12:40:50","4","2025-03-29 05:40:50","3.3","1"
"admin","Finance","8.0","2025-03-18 14:44:10","4","2025-03-17 16:44:10","3.4","1"
"admin","Operations","7.1","2025-03-27 18:07:08","6","2025-03-26 20:07:08","2.7","1"
"employee","Finance","4.5","2025-03-23 02:08:02","4","2025-03-22 22:08:02","3.7","0"
"manager","Finance","0.5","2025-03-18 17:23:04","10","2025-03-16 18:23:04","3.0","0"
"admin","HR","1.0","2025-03-23 18:16:01","1","2025-03-23 13:16:01","0.8","1"
"admin","Finance","4.3","2025-03-10 02:38:32","4","2025-03-09 04:38:32","1.8","1"
"manager","Finance","2.5","2025-03-19 23:14:03","4","2025-03-18 10:14:03","1.8","0"
"admin","IT","8.9","2025-03-23 17:03:55","3","2025-03-21 20:03:55","2.3","1"
"employee","Operations","9.2","2025-03-07 10:34:49","2","2025-03-07 02:34:49","2.5","0"
"admin","Operations","7.7","2025-03-05 07:29:34","6","2025-03-04 14:29:34","2.5","1"
"admin","IT","9.4","2025-03-11 23:22:45","2","2025-03-10 16:22:45","0.9","1"
"employee","Finance","6.7","2025-03-24 13:19:17","9","2025-03-23 07:19:17","0.8","0"
"employee","IT","2.0","2025-03-17 06:54:10","2","2025-03-16 22:54:10","4.1","0"
"admin","HR","2.6","2025-03-18 05:36:02","2","2025-03-17 16:36:02","1.6","1"
"manager","HR","9.5","2025-03-30 23:43:36","10","2025-03-30 00:43:36","2.3","0"
"admin","HR","2.3","2025-03-12 01:12:50","6","2025-03-11 05:12:50","1.2","1"
"manager","Finance","4.9","2025-03-08 19:59:50","5","2025-03-08 07:59:50","3.1","0"
"manager","IT","1.8","2025-03-25 23:49:10","6","2025-03-25 16:49:10","0.4","0"
"manager","IT","7.1","2025-03-23 13:33:17","2","2025-03-22 11:33:17","2.8","1"
"admin","Operations","7.9","2025-03-13 16:20:08","1","2025-03-12 19:20:08","2.0","1"
"employee","IT","1.1","2025-03-29 11:45:10","2","2025-03-29 02:45:10","0.3","0"
"manager","Operations","9.0","2025-03-05 07:27:22","4","2025-03-03 11:27:22","0.9","0"
"admin","Operations","3.1","2025-03-16 05:58:04","3","2025-03-15 04:58:04","3.0","1"
"employee","IT","4.4","2025-03-07 04:46:23","1","2025-03-07 01:46:23","2.9","0"
"manager","IT","8.2","2025-03-07 14:45:12","8","2025-03-07 09:45:12","2.3","0"
"employee","Operations","2.7","2025-03-20 06:05:26","1","2025-03-18 14:05:26","1.0","0"
"employee","IT","3.3","2025-03-25 11:27:43","3","2025-03-25 04:27:43","4.0","0"
"employee","IT","9.8","2025-03-16 09:10:36","3","2025-03-15 16:10:36","3.1","1"
"employee","Finance","8.6","2025-03-01 20:12:44","2","2025-03-01 20:12:44","2.9","0"
"manager","Finance","2.1","2025-03-22 15:00:09","7","2025-03-21 15:00:09","0.6","0"
"employee","HR","1.2","2025-03-25 13:05:37","9","2025-03-24 06:05:37","3.4","0"
"admin","Operations","4.9","2025-03-25 10:41:47","4","2025-03-24 16:41:47","2.4","1"
"manager","HR","9.7","2025-03-21 19:47:15","4","2025-03-21 14:47:15","2.7","0"
"employee","Finance","4.2","2025-03-22 04:33:56","7","2025-03-21 21:33:56","4.8","0"
"manager","IT","8.7","2025-03-07 07:37:23","9","2025-03-07 04:37:23","4.3","0"
"employee","Finance","7.0","2025-03-03 05:00:33","10","2025-03-01 06:00:33","2.2","0"
"manager","Operations","1.7","2025-03-14 04:48:51","1","2025-03-13 06:48:51","0.7","0"
"manager","HR","2.2","2025-03-14 08:04:05","9","2025-03-13 13:04:05","1.4","0"
"employee","IT","8.0","2025-03-09 01:30:40","7","2025-03-07 10:30:40","2.2","0"
"admin","Operations","6.2","2025-03-13 09:44:15","1","2025-03-12 15:44:15","3.0","1"
"employee","Finance","7.6","2025-03-02 20:40:13","9","2025-03-02 18:40:13","2.8","0"
"admin","IT","7.3","2025-03-14 16:21:33","3","2025-03-13 03:21:33","3.0","1"
"manager","IT","5.3","2025-03-27 12:19:59","1","2025-03-25 23:19:59","4.7","1"
"admin","HR","0.3","2025-03-08 01:14:02","3","2025-03-07 23:14:02","0.4","1"
"manager","Operations","7.0","2025-03-08 16:12:11","4","2025-03-06 18:12:11","2.2","0"
"manager","HR","9.1","2025-03-05 09:18:30","5","2025-03-03 10:18:30","0.9","0"
"employee","Finance","8.3","2025-03-30 15:16:44","9","2025-03-30 07:16:44","0.2","0"
"admin","IT","9.9","2025-03-16 14:04:13","6","2025-03-16 12:04:13","4.2","1"
"manager","Operations","3.7","2025-03-05 04:54:39","1","2025-03-04 07:54:39","4.6","0"
"admin","Operations","7.2","2025-03-19 01:36:12","8","2025-03-18 08:36:12","3.9","1"
"admin","HR","8.8","2025-03-24 15:34:52","8","2025-03-24 07:34:52","1.3","1"
"employee","Finance","5.8","2025-03-05 19:34:11","3","2025-03-05 08:34:11","1.7","0"
"admin","Operations","4.5","2025-03-01 16:54:04","3","2025-02-28 08:54:04","0.3","1"
"manager","Operations","7.3","2025-03-06 02:27:11","2","2025-03-04 02:27:11","2.6","0"
"manager","IT","2.6","2025-03-18 01:28:00","1","2025-03-16 23:28:00","4.6","0"
"manager","Operations","0.0","2025-03-16 22:08:54","4","2025-03-16 15:08:54","2.0","0"
"employee","Finance","5.2","2025-03-28 08:54:42","7","2025-03-27 16:54:42","0.6","0"
"employee","HR","3.0","2025-03-29 17:10:49","9","2025-03-27 19:10:49","1.2","0"
"manager","HR","7.2","2025-03-11 02:35:58","2","2025-03-10 05:35:58","4.4","0"
"admin","Finance","2.7","2025-03-26 10:33:11","5","2025-03-26 08:33:11","4.1","1"
"employee","Finance","4.9","2025-03-27 18:08:27","2","2025-03-26 08:08:27","1.4","0"
"manager","Operations","8.9","2025-03-21 18:18:23","6","2025-03-21 10:18:23","0.6","0"
"admin","Operations","3.1","2025-03-11 14:25:38","4","2025-03-10 01:25:38","1.6","1"
"employee","Finance","8.2","2025-03-10 00:39:34","1","2025-03-08 06:39:34","3.5","0"
"admin","HR","9.2","2025-03-21 19:28:41","4","2025-03-21 05:28:41","1.7","1"
"employee","IT","3.3","2025-03-02 07:02:00","6","2025-03-02 06:02:00","4.2","0"
"manager","Operations","5.4","2025-03-03 14:18:14","10","2025-03-02 01:18:14","0.5","0"
"employee","Operations","0.9","2025-03-26 04:53:54","4","2025-03-24 19:53:54","2.0","0"
"employee","Finance","8.2","2025-03-18 07:31:20","1","2025-03-17 19:31:20","2.0","0"
"admin","Finance","1.9","2025-03-13 06:44:22","7","2025-03-12 04:44:22","0.7","1"
"admin","HR","3.9","2025-03-25 00:21:11","4","2025-03-23 13:21:11","2.0","1"
"admin","Finance","0.9","2025-03-06 17:53:11","8","2025-03-06 15:53:11","2.7","1"
"employee","HR","7.8","2025-03-17 09:11:26","5","2025-03-16 17:11:26","0.6","1"
"admin","Operations","2.9","2025-03-15 05:00:45","9","2025-03-13 12:00:45","4.0","1"
"admin","HR","0.5","2025-03-01 00:13:17","3","2025-02-28 13:13:17","4.9","1"
"employee","HR","3.5","2025-03-03 21:40:05","9","2025-03-02 02:40:05","4.9","0"
"manager","Operations","3.9","2025-03-10 12:47:54","10","2025-03-08 17:47:54","0.8","0"
"employee","HR","7.2","2025-03-13 00:13:14","7","2025-03-12 18:13:14","3.2","0"
"employee","Finance","4.9","2025-03-09 05:50:03","2","2025-03-08 09:50:03","4.6","0"
"employee","Finance","6.4","2025-03-11 20:03:45","2","2025-03-10 17:03:45","4.6","0"
"manager","HR","1.9","2025-03-24 15:42:30","6","2025-03-22 19:42:30","4.7","0"
"employee","Finance","4.0","2025-03-17 23:29:37","7","2025-03-16 19:29:37","3.5","0"
"employee","Operations","8.0","2025-03-18 17:32:11","2","2025-03-18 12:32:11","3.2","1"
"admin","IT","9.1","2025-03-26 05:27:17","8","2025-03-24 08:27:17","3.6","1"
"employee","IT","8.3","2025-03-23 23:02:15","8","2025-03-22 14:02:15","1.1","0"
"manager","Operations","7.0","2025-03-12 14:19:22","1","2025-03-11 06:19:22","2.6","0"
"manager","Operations","9.2","2025-03-13 19:07:31","3","2025-03-13 06:07:31","4.7","0"
"employee","Finance","7.4","2025-03-16 15:00:01","6","2025-03-16 08:00:01","0.1","0"
"manager","HR","9.8","2025-03-25 17:17:30","2","2025-03-24 08:17:30","1.2","1"
"admin","Finance","8.4","2025-03-20 11:21:52","6","2025-03-19 04:21:52","3.4","1"
"manager","Operations","5.3","2025-03-09 23:24:51","2","2025-03-09 05:24:51","4.4","0"
"manager","IT","4.3","2025-03-15 22:01:09","10","2025-03-15 00:01:09","2.7","0"
"admin","HR","1.2","2025-03-23 19:16:34","5","2025-03-23 19:16:34","4.3","1"
"admin","Operations","2.9","2025-03-23 11:09:24","9","2025-03-22 05:09:24","1.6","1"
"employee","Operations","0.9","2025-03-07 13:02:33","1","2025-03-07 03:02:33","2.6","1"
"employee","Operations","9.7","2025-03-01 16:51:05","6","2025-02-28 16:51:05","4.8","0"
"employee","IT","4.3","2025-03-19 19:37:49","3","2025-03-19 04:37:49","1.5","1"
"admin","Finance","7.8","2025-03-02 03:56:54","5","2025-03-01 20:56:54","0.9","1"
"manager","IT","2.2","2025-03-26 18:15:59","2","2025-03-25 09:15:59","2.2","0"
"manager","Finance","7.1","2025-03-04 17:30:07","3","2025-03-04 16:30:07","1.5","1"
"admin","HR","4.9","2025-03-10 06:55:39","7","2025-03-09 22:55:39","1.6","1"
"manager","Finance","2.6","2025-03-11 01:14:06","10","2025-03-10 06:14:06","1.6","0"
"admin","IT","9.2","2025-03-22 01:17:46","5","2025-03-21 20:17:46","4.4","1"
"admin","HR","8.3","2025-03-20 14:07:37","7","2025-03-19 19:07:37","1.8","1"
"manager","Finance","10.0","2025-03-25 18:52:53","7","2025-03-25 00:52:53","3.4","0"
"employee","IT","9.2","2025-03-01 01:31:19","3","2025-02-28 09:31:19","1.6","1"
"admin","Operations","9.5","2025-03-05 02:11:26","8","2025-03-03 11:11:26","2.6","1"
"admin","HR","3.4","2025-03-19 10:47:17","9","2025-03-18 19:47:17","2.7","1"
"manager","IT","8.8","2025-03-06 13:36:02","1","2025-03-06 09:36:02","2.7","1"
"admin","Operations","7.2","2025-03-29 06:32:49","10","2025-03-27 22:32:49","1.5","1"
"admin","Operations","0.6","2025-03-23 11:42:10","2","2025-03-22 03:42:10","3.5","1"
"employee","HR","1.4","2025-03-18 04:29:38","7","2025-03-17 12:29:38","4.2","0"
"admin","Operations","4.2","2025-03-18 19:01:29","6","2025-03-18 08:01:29","3.2","1"
"manager","HR","1.8","2025-03-30 01:39:34","5","2025-03-28 21:39:34","2.5","0"
"manager","Operations","9.7","2025-03-11 18:35:30","6","2025-03-10 09:35:30","2.4","0"
"employee","Operations","0.2","2025-03-22 08:50:14","9","2025-03-21 23:50:14","2.8","0"
"admin","HR","0.8","2025-03-13 18:34:14","2","2025-03-13 03:34:14","3.1","1"
"manager","HR","5.4","2025-03-30 15:22:20","7","2025-03-28 19:22:20","4.7","0"
"manager","Operations","2.0","2025-03-08 17:51:23","4","2025-03-08 04:51:23","0.2","0"
"manager","IT","3.1","2025-03-20 06:29:27","2","2025-03-18 07:29:27","0.5","0"
"manager","HR","8.4","2025-03-05 00:26:39","5","2025-03-03 18:26:39","3.3","0"
"employee","Operations","0.7","2025-03-10 20:50:23","3","2025-03-10 07:50:23","4.1","0"
"employee","HR","4.8","2025-03-02 13:23:15","9","2025-03-02 07:23:15","3.9","0"
"admin","HR","0.5","2025-03-10 20:35:58","2","2025-03-09 04:35:58","1.3","1"
"admin","Finance","1.7","2025-03-13 10:29:00","8","2025-03-13 01:29:00","4.5","1"
"employee","HR","8.1","2025-03-12 01:32:16","8","2025-03-10 04:32:16","5.0","0"
"employee","HR","5.7","2025-03-08 10:38:31","8","2025-03-06 21:38:31","0.5","0"
"manager","IT","2.6","2025-03-24 19:33:10","6","2025-03-24 03:33:10","3.2","0"
"employee","HR","8.1","2025-03-17 05:27:41","8","2025-03-16 06:27:41","3.3","0"
"employee","Operations","1.4","2025-03-05 08:03:30","8","2025-03-04 04:03:30","0.9","0"
"employee","Finance","8.5","2025-03-19 15:19:53","8","2025-03-18 07:19:53","1.4","0"
"employee","HR","6.8","2025-03-11 21:26:00","4","2025-03-10 13:26:00","3.5","0"
"admin","HR","8.6","2025-03-14 13:21:07","4","2025-03-14 01:21:07","0.4","1"
"employee","Operations","9.5","2025-03-21 01:17:28","7","2025-03-20 02:17:28","2.8","0"
"admin","Finance","8.5","2025-03-15 04:07:09","10","2025-03-14 11:07:09","1.2","1"
"employee","Operations","0.3","2025-03-20 10:50:29","10","2025-03-20 02:50:29","2.4","0"
"employee","Operations","7.3","2025-03-30 03:51:00","3","2025-03-28 04:51:00","1.1","0"
"employee","IT","3.0","2025-03-05 08:58:01","9","2025-03-04 18:58:01","4.4","0"
"admin","Operations","4.8","2025-03-22 07:33:01","1","2025-03-21 20:33:01","4.7","1"
"employee","Finance","7.8","2025-03-08 18:17:45","1","2025-03-06 23:17:45","2.3","0"
"employee","Operations","6.6","2025-03-23 08:57:52","8","2025-03-23 04:57:52","3.3","0"
"manager","HR","7.5","2025-03-14 11:06:19","7","2025-03-12 14:06:19","2.0","0"
"manager","Finance","6.2","2025-03-14 01:40:57","8","2025-03-13 06:40:57","2.3","0"
"manager","Operations","1.5","2025-03-17 15:45:53","3","2025-03-17 12:45:53","4.0","1"
"employee","IT","3.7","2025-03-13 19:38:33","6","2025-03-12 16:38:33","0.4","0"
"manager","HR","6.8","2025-03-22 02:23:54","6","2025-03-20 11:23:54","2.2","0"
"admin","HR","9.4","2025-03-05 16:27:45","4","2025-03-04 01:27:45","2.2","1"
"admin","HR","5.7","2025-03-07 04:37:13","4","2025-03-05 12:37:13","3.0","1"
"manager","IT","3.2","2025-03-14 13:52:06","6","2025-03-14 01:52:06","3.5","0"
"admin","Finance","3.5","2025-03-02 23:31:08","1","2025-03-02 14:31:08","1.6","1"
"manager","HR","8.0","2025-03-19 04:21:07","8","2025-03-17 22:21:07","4.8","0"
"employee","IT","6.0","2025-03-03 02:24:01","2","2025-03-01 04:24:01","1.5","1"
"admin","Finance","3.9","2025-03-04 16:35:11","9","2025-03-03 06:35:11","0.7","1"
"employee","Finance","4.8","2025-03-25 19:36:28","3","2025-03-25 14:36:28","1.7","0"
"employee","Operations","8.6","2025-03-09 09:29:27","8","2025-03-08 05:29:27","4.1","0"
"employee","Operations","6.5","2025-03-13 20:04:41","6","2025-03-12 16:04:41","0.3","0"
"admin","Finance","2.4","2025-03-12 22:09:33","4","2025-03-11 03:09:33","2.8","1"
"manager","HR","7.5","2025-03-09 13:35:51","9","2025-03-07 14:35:51","2.9","0"
"manager","IT","1.5","2025-03-08 15:12:33","6","2025-03-06 16:12:33","0.4","0"
"employee","HR","5.8","2025-03-24 11:05:58","10","2025-03-23 07:05:58","2.8","0"
"manager","Operations","3.3","2025-03-27 12:11:50","5","2025-03-27 05:11:50","4.5","0"
"employee","IT","3.2","2025-03-26 10:33:31","4","2025-03-26 04:33:31","0.6","1"
"manager","Finance","2.5","2025-03-25 10:54:12","7","2025-03-25 10:54:12","1.9","0"
"employee","HR","6.1","2025-03-05 05:51:42","7","2025-03-04 17:51:42","4.6","0"
"admin","Operations","2.6","2025-03-17 17:46:54","1","2025-03-16 18:46:54","0.8","1"
"admin","Operations","3.7","2025-03-28 12:09:49","10","2025-03-26 19:09:49","4.0","1"
"admin","Operations","7.8","2025-03-27 22:26:21","4","2025-03-27 05:26:21","0.3","1"
"admin","HR","9.8","2025-03-28 01:43:00","4","2025-03-27 23:43:00","4.8","1"
"manager","HR","7.5","2025-03-13 17:13:01","3","2025-03-12 05:13:01","0.4","1"
"employee","IT","6.6","2025-03-12 06:59:59","7","2025-03-12 04:59:59","3.2","0"
"manager","IT","6.9","2025-03-06 04:07:03","2","2025-03-04 18:07:03","0.8","1"
"manager","IT","2.8","2025-03-06 19:55:33","3","2025-03-05 19:55:33","2.6","1"
"manager","IT","0.8","2025-03-25 06:24:00","9","2025-03-24 18:24:00","2.7","0"
"employee","IT","4.6","2025-03-27 18:09:54","6","2025-03-26 07:09:54","2.3","0"
"employee","IT","9.3","2025-03-22 04:42:49","10","2025-03-22 00:42:49","0.4","0"
"employee","HR","0.5","2025-03-23 09:46:10","6","2025-03-21 19:46:10","4.7","0"
"admin","Operations","1.6","2025-03-24 19:46:03","3","2025-03-23 12:46:03","1.6","1"
"manager","IT","5.4","2025-03-04 12:48:57","8","2025-03-03 11:48:57","1.4","0"
"employee","Finance","6.0","2025-03-27 03:39:53","5","2025-03-25 20:39:53","3.2","0"
"employee","HR","1.4","2025-03-08 22:39:40","1","2025-03-07 01:39:40","0.4","0"
"admin","IT","2.9","2025-03-29 21:31:41","5","2025-03-29 04:31:41","2.2","1"
"employee","Finance","3.6","2025-03-17 19:00:58","8","2025-03-17 05:00:58","4.1","0"
"admin","Finance","2.4","2025-03-04 01:17:55","1","2025-03-03 12:17:55","3.2","1"
"employee","Finance","5.5","2025-03-02 01:37:44","10","2025-03-01 20:37:44","4.5","0"
"manager","Finance","9.4","2025-03-02 17:57:08","4","2025-03-02 13:57:08","1.9","0"
"admin","Finance","9.9","2025-03-16 05:28:14","3","2025-03-14 11:28:14","0.4","1"
"employee","Finance","7.0","2025-03-24 16:26:37","4","2025-03-23 06:26:37","4.4","0"
"admin","IT","7.4","2025-03-06 18:18:15","8","2025-03-04 22:18:15","5.0","1"
"admin","Finance","8.8","2025-03-05 11:50:08","4","2025-03-05 10:50:08","1.1","1"
"manager","HR","3.6","2025-03-24 02:11:52","7","2025-03-23 23:11:52","0.5","0"
"admin","HR","2.9","2025-03-17 15:58:02","1","2025-03-16 15:58:02","1.0","1"
"employee","Operations","8.5","2025-03-16 12:53:34","6","2025-03-15 15:53:34","1.5","0"
"manager","IT","7.0","2025-03-30 18:59:53","7","2025-03-29 22:59:53","2.0","0"
"manager","Operations","9.2","2025-03-17 02:51:53","6","2025-03-15 09:51:53","4.5","0"
"employee","Operations","7.6","2025-03-15 14:07:58","3","2025-03-14 00:07:58","0.1","0"
"employee","Operations","9.9","2025-03-23 08:55:41","5","2025-03-21 20:55:41","1.8","0"
"employee","IT","4.0","2025-03-15 09:40:58","1","2025-03-14 11:40:58","0.5","1"
"employee","Operations","1.0","2025-03-11 00:30:40","3","2025-03-09 09:30:40","0.5","0"
"admin","Operations","9.7","2025-03-21 01:38:27","5","2025-03-20 22:38:27","3.1","1"
"employee","Finance","1.8","2025-03-15 03:03:12","8","2025-03-14 21:03:12","1.3","0"
"employee","Finance","8.4","2025-03-06 07:50:12","9","2025-03-04 16:50:12","4.4","0"
"manager","Finance","8.9","2025-03-20 03:38:04","2","2025-03-18 09:38:04","0.2","0"
"admin","HR","5.8","2025-03-09 02:28:36","10","2025-03-08 11:28:36","1.0","1"
"manager","IT","7.2","2025-03-06 02:07:21","4","2025-03-06 02:07:21","1.5","1"
"admin","Operations","2.4","2025-03-24 07:17:06","5","2025-03-24 02:17:06","0.2","1"
"manager","IT","7.1","2025-03-15 14:07:23","2","2025-03-15 01:07:23","0.5","1"
"employee","IT","8.5","2025-03-28 15:51:24","9","2025-03-27 09:51:24","2.4","0"
"employee","IT","1.8","2025-03-10 13:50:07","10","2025-03-10 04:50:07","3.4","0"
"admin","IT","2.2","2025-03-15 23:11:20","3","2025-03-14 03:11:20","3.7","1"
"admin","Finance","8.2","2025-03-11 00:44:02","3","2025-03-09 22:44:02","4.4","1"
"manager","HR","8.6","2025-03-02 15:12:59","8","2025-03-02 12:12:59","4.1","0"
"manager","HR","2.1","2025-03-30 03:05:29","5","2025-03-29 14:05:29","1.6","0"
"manager","IT","0.6","2025-03-25 23:58:43","4","2025-03-24 03:58:43","2.7","0"
"employee","Finance","7.7","2025-03-16 15:21:12","10","2025-03-15 17:21:12","4.0","0"
"admin","Operations","5.3","2025-03-20 03:07:03","9","2025-03-19 11:07:03","0.1","1"
"admin","Operations","1.0","2025-03-13 09:05:15","9","2025-03-11 23:05:15","0.6","1"
"manager","Operations","7.5","2025-03-04 04:57:57","2","2025-03-02 09:57:57","3.6","0"
"admin","IT","2.4","2025-03-11 00:51:08","6","2025-03-09 10:51:08","2.3","1"
"manager","Finance","5.7","2025-03-27 00:00:57","6","2025-03-25 07:00:57","3.6","0"
"admin","Operations","9.9","2025-03-25 16:52:56","1","2025-03-23 23:52:56","3.9","1"
"admin","Operations","4.0","2025-03-15 17:22:48","8","2025-03-15 03:22:48","2.3","1"
"employee","Operations","2.9","2025-03-19 10:03:14","5","2025-03-18 20:03:14","3.6","0"
"admin","Finance","6.4","2025-03-05 23:58:58","2","2025-03-05 19:58:58","1.3","1"
"manager","Finance","2.9","2025-03-04 08:15:49","4","2025-03-04 00:15:49","3.7","0"
"admin","HR","2.7","2025-03-02 07:23:43","5","2025-02-28 09:23:43","0.7","1"
"admin","Finance","0.8","2025-03-01 14:45:22","1","2025-02-28 07:45:22","3.9","1"
"employee","HR","3.3","2025-03-02 08:57:26","1","2025-02-28 20:57:26","2.8","0"
"admin","HR","8.5","2025-03-01 21:46:11","8","2025-02-28 17:46:11","3.6","1"
"employee","IT","5.3","2025-03-16 08:39:51","6","2025-03-15 23:39:51","1.8","0"
"admin","Finance","0.7","2025-03-18 19:29:51","6","2025-03-16 20:29:51","0.6","1"
"manager","IT","2.8","2025-03-30 16:50:35","2","2025-03-30 01:50:35","1.9","1"
"employee","Operations","7.3","2025-03-14 04:45:11","7","2025-03-13 02:45:11","2.5","0"
"employee","HR","6.0","2025-03-23 22:59:24","5","2025-03-23 10:59:24","4.6","0"
"admin","HR","2.7","2025-03-07 03:52:29","2","2025-03-06 16:52:29","4.8","1"
"employee","IT","6.6","2025-03-12 17:29:30","4","2025-03-12 08:29:30","3.1","1"
"manager","Operations","2.2","2025-03-15 04:21:27","3","2025-03-14 01:21:27","1.1","0"
"manager","HR","6.7","2025-03-20 15:10:39","1","2025-03-20 13:10:39","1.8","1"
"admin","Operations","8.0","2025-03-24 11:02:47","7","2025-03-23 11:02:47","0.3","1"
"admin","HR","0.6","2025-03-15 18:44:53","7","2025-03-14 11:44:53","3.2","1"
"admin","HR","1.4","2025-03-29 00:30:12","6","2025-03-27 11:30:12","1.0","1"
"admin","IT","6.6","2025-03-19 14:46:29","1","2025-03-18 17:46:29","3.7","1"
"admin","Operations","8.7","2025-03-02 00:03:21","3","2025-03-01 01:03:21","3.4","1"
"admin","IT","0.7","2025-03-16 00:38:03","8","2025-03-15 10:38:03","1.6","1"
"manager","IT","8.4","2025-03-02 15:19:15","6","2025-03-01 13:19:15","4.5","0"
"admin","HR","7.4","2025-03-26 12:47:32","6","2025-03-25 06:47:32","0.8","1"
"manager","Operations","5.2","2025-03-28 11:01:32","4","2025-03-28 06:01:32","4.2","0"
"admin","IT","0.5","2025-03-19 23:57:33","6","2025-03-18 23:57:33","4.4","1"
"admin","Finance","9.9","2025-03-08 09:39:26","3","2025-03-08 05:39:26","4.2","1"
"manager","Operations","2.2","2025-03-26 15:30:00","1","2025-03-25 05:30:00","4.4","1"
"manager","IT","0.2","2025-03-14 09:55:58","2","2025-03-13 09:55:58","1.6","1"
"employee","Finance","0.3","2025-03-20 12:57:23","8","2025-03-19 10:57:23","3.0","0"
"employee","Operations","3.5","2025-03-26 15:16:24","6","2025-03-24 21:16:24","4.0","0"
"admin","Finance","2.0","2025-03-15 16:55:55","6","2025-03-14 08:55:55","2.5","1"
"manager","IT","3.9","2025-03-24 15:57:23","5","2025-03-23 12:57:23","3.9","0"
"manager","Finance","1.6","2025-03-15 03:21:56","3","2025-03-14 19:21:56","3.8","0"
"admin","Finance","7.3","2025-03-19 15:06:29","10","2025-03-18 08:06:29","3.6","1"
"admin","HR","2.5","2025-03-04 17:49:32","9","2025-03-03 06:49:32","0.9","1"
"admin","HR","2.5","2025-03-01 17:26:07","7","2025-03-01 13:26:07","0.8","1"
"manager","IT","8.4","2025-03-23 12:02:14","6","2025-03-21 13:02:14","3.1","0"
"manager","Operations","1.6","2025-03-09 17:13:35","4","2025-03-08 18:13:35","1.0","1"
"admin","Finance","2.6","2025-03-27 09:04:07","8","2025-03-25 19:04:07","1.1","1"
"manager","HR","5.7","2025-03-01 14:22:06","10","2025-02-28 04:22:06","1.4","0"
"manager","IT","8.5","2025-03-04 07:01:54","2","2025-03-03 12:01:54","3.5","1"
"manager","Finance","1.2","2025-03-22 10:08:24","10","2025-03-20 11:08:24","0.8","0"
"employee","HR","8.9","2025-03-26 14:37:02","3","2025-03-24 19:37:02","2.0","1"
"employee","Finance","6.4","2025-03-14 01:49:21","3","2025-03-13 21:49:21","1.1","0"
"admin","Finance","1.0","2025-03-05 07:11:16","2","2025-03-04 12:11:16","1.6","1"
"admin","IT","3.5","2025-03-09 02:30:42","4","2025-03-08 11:30:42","0.3","1"
"employee","Operations","4.1","2025-03-28 23:51:27","5","2025-03-27 15:51:27","3.3","0"
"admin","HR","5.3","2025-03-14 17:33:24","9","2025-03-13 23:33:24","2.1","1"
"employee","HR","6.8","2025-03-24 21:28:56","8","2025-03-24 13:28:56","0.8","0"
"employee","Finance","0.7","2025-03-28 01:07:02","4","2025-03-26 07:07:02","1.5","0"
"manager","IT","9.8","2025-03-21 08:53:48","1","2025-03-20 12:53:48","4.6","1"
"admin","IT","0.7","2025-03-30 08:08:57","6","2025-03-28 20:08:57","1.0","1"
"admin","IT","6.7","2025-03-01 17:26:24","8","2025-02-27 18:26:24","4.6","1"
"manager","HR","8.6","2025-03-02 09:04:39","6","2025-02-28 09:04:39","4.6","0"
"manager","IT","0.1","2025-03-16 11:59:49","3","2025-03-15 09:59:49","1.6","1"
"admin","IT","9.4","2025-03-01 16:42:33","3","2025-02-28 12:42:33","3.5","1"
"employee","Operations","1.3","2025-03-02 05:28:34","4","2025-02-28 17:28:34","4.3","0"
"manager","Finance","1.6","2025-03-25 23:11:59","8","2025-03-24 18:11:59","5.0","0"
"admin","IT","8.1","2025-03-10 18:11:47","4","2025-03-10 04:11:47","1.3","1"
"manager","Finance","8.8","2025-03-20 22:15:19","2","2025-03-19 04:15:19","4.0","0"
"manager","Finance","6.8","2025-03-29 12:48:16","10","2025-03-28 06:48:16","4.7","0"
"employee","HR","1.7","2025-03-05 03:24:39","1","2025-03-05 01:24:39","2.5","0"
"employee","IT","9.8","2025-03-25 23:53:55","8","2025-03-24 00:53:55","3.6","0"
"admin","Finance","1.4","2025-03-27 19:42:03","5","2025-03-27 00:42:03","3.7","1"
"employee","HR","9.3","2025-03-13 11:09:52","2","2025-03-13 01:09:52","4.4","0"
"admin","Finance","1.5","2025-03-07 18:11:36","1","2025-03-07 13:11:36","4.5","1"
"admin","Operations","0.8","2025-03-22 08:18:30","1","2025-03-21 18:18:30","0.3","1"
"employee","HR","1.2","2025-03-11 22:11:01","6","2025-03-11 12:11:01","1.8","0"
"employee","Operations","0.0","2025-03-30 00:38:36","1","2025-03-29 15:38:36","0.1","0"
"manager","IT","7.9","2025-03-13 05:43:26","10","2025-03-12 01:43:26","3.0","0"
"manager","HR","1.8","2025-03-19 08:53:57","3","2025-03-18 21:53:57","2.3","0"
"employee","Operations","7.6","2025-03-10 05:41:36","10","2025-03-09 10:41:36","2.3","0"
"manager","Finance","0.6","2025-03-10 19:30:30","5","2025-03-08 22:30:30","4.0","0"
"employee","Finance","3.5","2025-03-23 17:24:49","4","2025-03-21 17:24:49","1.9","0"
"manager","HR","6.9","2025-03-04 18:33:51","3","2025-03-04 01:33:51","3.5","0"
"manager","Finance","5.0","2025-03-29 19:37:00","2","2025-03-29 17:37:00","3.6","0"
"employee","Operations","3.4","2025-03-29 07:29:05","8","2025-03-29 03:29:05","4.3","0"
"manager","Operations","3.2","2025-03-15 09:20:58","4","2025-03-13 09:20:58","2.5","0"
"employee","Operations","4.6","2025-03-24 03:04:15","7","2025-03-22 11:04:15","4.7","0"
"employee","Operations","1.3","2025-03-17 22:12:28","8","2025-03-17 13:12:28","3.8","0"
"manager","HR","5.0","2025-03-27 14:14:17","6","2025-03-26 20:14:17","4.7","0"
"employee","Operations","8.6","2025-03-10 20:38:18","5","2025-03-09 18:38:18","1.4","0"
"admin","Operations","5.2","2025-03-06 23:36:38","5","2025-03-06 00:36:38","4.8","1"
"employee","Finance","3.5","2025-03-26 18:47:20","2","2025-03-26 13:47:20","0.4","0"
"manager","IT","7.4","2025-03-02 00:55:31","2","2025-02-28 23:55:31","4.3","1"
"admin","Operations","6.7","2025-03-02 06:09:42","8","2025-03-02 00:09:42","3.3","1"
"manager","HR","1.5","2025-03-28 01:01:34","3","2025-03-27 03:01:34","4.2","0"
"employee","HR","2.1","2025-03-08 01:59:17","10","2025-03-06 21:59:17","4.1","0"
"manager","HR","9.2","2025-03-11 16:24:50","10","2025-03-10 10:24:50","4.0","0"
"admin","Finance","0.4","2025-03-30 15:53:55","3","2025-03-29 23:53:55","4.3","1"
"admin","Finance","1.2","2025-03-11 06:16:31","5","2025-03-09 08:16:31","2.2","1"
"employee","IT","0.6","2025-03-26 15:34:10","2","2025-03-26 13:34:10","1.6","1"
"admin","Finance","9.4","2025-03-04 21:46:16","6","2025-03-04 10:46:16","2.9","1"
"manager","HR","2.2","2025-03-18 15:02:55","4","2025-03-16 17:02:55","0.8","0"
"manager","HR","7.7","2025-03-04 23:00:35","8","2025-03-03 06:00:35","0.4","0"
"admin","IT","1.8","2025-03-26 13:36:26","5","2025-03-25 02:36:26","1.6","1"
"employee","Operations","8.1","2025-03-05 07:43:53","10","2025-03-05 07:43:53","4.6","0"
"manager","HR","2.8","2025-03-05 12:19:31","9","2025-03-05 12:19:31","0.2","0"
"manager","HR","2.4","2025-03-15 13:04:06","10","2025-03-13 20:04:06","4.9","0"
"manager","HR","4.2","2025-03-20 21:47:02","3","2025-03-20 06:47:02","3.3","0"
"admin","Operations","5.4","2025-03-16 15:16:28","6","2025-03-14 17:16:28","3.6","1"
"admin","Finance","9.2","2025-03-26 03:30:06","1","2025-03-25 07:30:06","3.2","1"
"manager","Operations","1.5","2025-03-07 00:58:42","3","2025-03-06 01:58:42","3.4","0"
"manager","IT","9.3","2025-03-26 01:05:47","2","2025-03-25 19:05:47","1.0","1"
"admin","IT","7.1","2025-03-29 22:49:59","1","2025-03-29 10:49:59","0.7","1"
"admin","HR","0.3","2025-03-23 12:39:45","5","2025-03-21 17:39:45","0.2","1"
"admin","Finance","3.0","2025-03-24 12:54:36","2","2025-03-22 15:54:36","3.0","1"
"admin","HR","0.2","2025-03-04 23:32:31","5","2025-03-04 00:32:31","1.2","1"
"employee","IT","0.1","2025-03-29 22:22:15","6","2025-03-29 03:22:15","4.5","0"
"employee","Finance","6.8","2025-03-29 17:36:42","10","2025-03-29 16:36:42","1.5","0"
"manager","Finance","5.3","2025-03-21 22:40:03","6","2025-03-21 05:40:03","0.9","0"
"employee","HR","0.3","2025-03-28 08:30:34","10","2025-03-27 05:30:34","0.6","0"
"employee","IT","1.8","2025-03-24 00:39:23","4","2025-03-22 11:39:23","4.2","0"
"manager","Operations","7.7","2025-03-29 13:26:11","2","2025-03-29 11:26:11","4.9","1"
"employee","IT","5.3","2025-03-29 14:22:31","3","2025-03-29 08:22:31","1.7","1"
"employee","Finance","3.9","2025-03-27 08:02:09","7","2025-03-25 22:02:09","1.7","0"
"manager","IT","0.8","2025-03-07 22:26:29","1","2025-03-05 23:26:29","1.2","1"
"admin","Operations","4.2","2025-03-29 03:34:51","1","2025-03-27 07:34:51","2.3","1"
"admin","Operations","2.5","2025-03-21 04:09:33","2","2025-03-19 15:09:33","3.9","1"
"employee","HR","2.2","2025-03-07 11:16:54","6","2025-03-06 04:16:54","3.1","0"
"manager","IT","0.3","2025-03-27 02:32:31","8","2025-03-25 13:32:31","0.6","0"
"employee","Finance","9.9","2025-03-11 14:52:29","4","2025-03-10 18:52:29","0.2","1"
"employee","Finance","4.0","2025-03-17 08:18:44","9","2025-03-17 00:18:44","2.5","0"
"manager","HR","1.1","2025-03-15 14:05:48","3","2025-03-15 00:05:48","0.4","1"
"admin","IT","8.9","2025-03-04 20:59:47","5","2025-03-03 13:59:47","4.7","1"
"manager","HR","1.8","2025-03-09 03:13:35","5","2025-03-07 03:13:35","4.2","0"
"employee","Operations","8.3","2025-03-15 22:15:41","3","2025-03-14 04:15:41","1.9","0"
"manager","Finance","3.4","2025-03-10 13:44:51","10","2025-03-09 11:44:51","0.9","0"
"admin","HR","1.1","2025-03-30 13:22:36","7","2025-03-30 02:22:36","4.9","1"
"employee","IT","6.5","2025-03-18 20:35:10","10","2025-03-17 06:35:10","1.6","0"
"manager","HR","3.6","2025-03-06 18:08:48","6","2025-03-06 05:08:48","3.2","0"
"employee","Finance","8.3","2025-03-01 02:48:19","8","2025-02-27 03:48:19","4.1","0"
"employee","Finance","3.8","2025-03-27 14:05:17","9","2025-03-26 19:05:17","3.1","0"
"employee","IT","5.3","2025-03-19 21:45:03","7","2025-03-18 14:45:03","1.4","0"
"admin","HR","5.5","2025-03-30 00:49:36","2","2025-03-29 15:49:36","4.1","1"
"manager","Finance","2.1","2025-03-07 22:29:19","4","2025-03-06 09:29:19","4.9","0"
"admin","Finance","3.1","2025-03-25 02:32:34","7","2025-03-23 05:32:34","2.1","1"
"manager","IT","0.5","2025-03-15 13:49:34","5","2025-03-14 10:49:34","3.5","0"
"employee","IT","4.8","2025-03-09 20:10:25","2","2025-03-09 04:10:25","1.1","0"
"manager","Operations","3.2","2025-03-21 01:09:24","5","2025-03-20 14:09:24","1.4","0"
"manager","HR","3.2","2025-03-19 08:03:25","2","2025-03-18 20:03:25","2.3","0"
"employee","HR","1.3","2025-03-21 17:13:14","7","2025-03-20 21:13:14","3.4","0"
"admin","Operations","5.1","2025-03-10 07:30:51","6","2025-03-10 05:30:51","4.1","1"
"manager","Operations","6.9","2025-03-27 02:53:30","6","2025-03-26 00:53:30","1.0","0"
"admin","HR","7.7","2025-03-12 03:36:52","10","2025-03-10 18:36:52","0.1","1"
"employee","Operations","4.3","2025-03-18 11:54:04","5","2025-03-16 14:54:04","3.8","0"
"admin","IT","9.5","2025-03-07 02:26:27","10","2025-03-06 11:26:27","4.7","1"
"manager","Finance","3.0","2025-03-30 11:05:45","4","2025-03-28 22:05:45","0.9","0"
"employee","HR","2.4","2025-03-03 19:25:24","5","2025-03-02 01:25:24","3.4","0"
"employee","HR","9.0","2025-03-24 08:39:26","9","2025-03-23 14:39:26","3.5","0"
"manager","Operations","8.0","2025-03-10 14:24:16","4","2025-03-08 14:24:16","0.6","0"
"admin","HR","7.3","2025-03-03 13:50:58","8","2025-03-02 19:50:58","0.7","1"
"manager","IT","4.4","2025-03-08 19:40:52","8","2025-03-08 12:40:52","2.0","0"
"employee","IT","5.5","2025-03-17 06:22:44","3","2025-03-15 20:22:44","3.8","1"
"employee","Finance","5.5","2025-03-01 01:11:00","2","2025-02-28 04:11:00","4.8","0"
"manager","HR","4.9","2025-03-30 15:06:25","1","2025-03-30 11:06:25","0.9","1"
"manager","IT","4.2","2025-03-04 10:22:53","6","2025-03-03 02:22:53","4.9","0"
"admin","HR","0.1","2025-03-02 18:23:40","1","2025-03-01 13:23:40","1.6","1"
"admin","Operations","5.1","2025-03-25 14:55:54","1","2025-03-24 14:55:54","1.2","1"
"employee","HR","0.1","2025-03-05 23:38:50","9","2025-03-05 20:38:50","3.6","0"
"employee","IT","8.0","2025-03-12 21:29:39","9","2025-03-12 16:29:39","0.6","0"
"admin","Operations","8.8","2025-03-01 17:01:51","4","2025-02-28 21:01:51","0.6","1"
"manager","Finance","3.9","2025-03-21 15:44:50","7","2025-03-20 02:44:50","1.5","0"
"employee","Finance","3.3","2025-03-03 18:40:38","8","2025-03-02 14:40:38","4.1","0"
"manager","Finance","4.7","2025-03-14 22:43:57","5","2025-03-12 22:43:57","2.8","0"
"manager","Operations","4.0","2025-03-27 19:45:24","5","2025-03-26 21:45:24","3.7","0"
"employee","Operations","2.8","2025-03-23 16:55:37","1","2025-03-21 20:55:37","4.2","1"
"admin","Operations","7.5","2025-03-06 14:02:40","7","2025-03-06 07:02:40","4.4","1"
"admin","Operations","7.2","2025-03-27 14:24:44","1","2025-03-26 23:24:44","3.4","1"
"employee","Finance","8.3","2025-03-20 11:02:22","2","2025-03-20 07:02:22","3.1","1"
"admin","IT","1.7","2025-03-10 22:57:11","4","2025-03-09 04:57:11","0.6","1"
"employee","IT","2.6","2025-03-23 00:19:08","10","2025-03-21 05:19:08","1.7","0"
"employee","Operations","8.1","2025-03-27 12:31:04","5","2025-03-26 10:31:04","3.9","0"
"admin","IT","7.8","2025-03-12 12:43:09","1","2025-03-11 23:43:09","1.7","1"
"employee","HR","1.5","2025-03-21 12:23:27","2","2025-03-20 16:23:27","4.2","1"
"manager","Operations","0.8","2025-03-20 12:31:17","2","2025-03-19 05:31:17","4.1","0"
"admin","HR","2.4","2025-03-20 20:41:20","1","2025-03-20 10:41:20","3.1","1"
"employee","HR","8.7","2025-03-19 13:34:06","8","2025-03-17 18:34:06","3.6","0"
"admin","IT","8.2","2025-03-15 22:09:20","7","2025-03-15 04:09:20","0.1","1"
"admin","HR","6.5","2025-03-06 23:30:01","3","2025-03-05 02:30:01","2.5","1"
"employee","IT","9.4","2025-03-23 06:25:27","1","2025-03-22 19:25:27","0.6","1"
"manager","HR","5.9","2025-03-25 13:15:19","6","2025-03-25 08:15:19","4.4","0"
"employee","Finance","7.0","2025-03-11 05:08:15","8","2025-03-10 15:08:15","3.4","0"
"admin","HR","6.2","2025-03-25 21:15:17","7","2025-03-24 06:15:17","2.3","1"
"admin","HR","6.3","2025-03-05 21:32:27","9","2025-03-05 21:32:27","0.3","1"
"manager","Operations","4.3","2025-03-15 20:12:17","7","2025-03-14 16:12:17","4.8","0"
"employee","Finance","7.0","2025-03-27 04:08:33","6","2025-03-26 16:08:33","1.2","0"
"manager","IT","7.9","2025-03-20 10:20:44","1","2025-03-18 12:20:44","4.0","1"
"manager","Finance","2.0","2025-03-17 10:47:05","8","2025-03-16 08:47:05","3.1","0"
"manager","IT","3.3","2025-03-05 18:41:26","10","2025-03-04 14:41:26","3.4","0"
"employee","HR","7.2","2025-03-20 06:59:43","4","2025-03-19 04:59:43","1.5","0"
"admin","Finance","1.7","2025-03-13 17:46:39","8","2025-03-13 00:46:39","3.5","1"
"admin","Operations","2.3","2025-03-13 12:24:14","5","2025-03-12 09:24:14","1.2","1"
"employee","Finance","9.0","2025-03-19 21:56:51","5","2025-03-18 19:56:51","3.1","0"
"admin","Operations","3.4","2025-03-09 01:13:33","6","2025-03-08 18:13:33","1.6","1"
"admin","IT","7.3","2025-03-24 02:24:26","4","2025-03-22 10:24:26","1.5","1"
"employee","Operations","9.9","2025-03-18 14:42:15","8","2025-03-17 11:42:15","1.3","0"
"admin","IT","6.2","2025-03-25 08:25:00","4","2025-03-23 18:25:00","4.0","1"
"manager","IT","9.5","2025-03-08 18:55:14","1","2025-03-06 20:55:14","0.6","1"
"admin","IT","5.3","2025-03-03 02:32:33","4","2025-03-02 18:32:33","1.5","1"
"employee","Finance","2.9","2025-03-09 21:55:39","6","2025-03-09 01:55:39","4.1","0"
"manager","HR","0.2","2025-03-25 15:54:33","5","2025-03-24 07:54:33","0.2","0"
"manager","HR","0.4","2025-03-12 04:15:12","10","2025-03-11 10:15:12","1.2","0"
"employee","Operations","6.1","2025-03-13 08:23:35","9","2025-03-11 19:23:35","4.3","0"
"admin","IT","8.4","2025-03-11 05:11:57","9","2025-03-09 05:11:57","1.6","1"
"admin","IT","0.6","2025-03-13 01:22:35","5","2025-03-12 14:22:35","0.1","1"
"admin","Operations","2.8","2025-03-23 14:08:59","8","2025-03-22 04:08:59","0.3","1"
"admin","Finance","8.4","2025-03-15 08:19:23","6","2025-03-14 23:19:23","1.4","1"
"manager","HR","5.7","2025-03-14 18:54:34","1","2025-03-14 04:54:34","0.9","0"
"employee","HR","3.2","2025-03-19 13:21:00","4","2025-03-18 06:21:00","4.5","0"
"manager","HR","0.6","2025-03-13 15:57:28","5","2025-03-13 04:57:28","3.1","0"
"employee","Operations","2.6","2025-03-09 19:29:16","5","2025-03-09 01:29:16","0.9","0"
"employee","Operations","7.3","2025-03-14 01:23:13","2","2025-03-12 01:23:13","2.3","0"
"manager","Finance","8.4","2025-03-01 18:41:14","4","2025-03-01 11:41:14","1.7","0"
"manager","Finance","2.7","2025-03-28 04:36:43","3","2025-03-26 13:36:43","3.7","0"
"admin","Finance","5.3","2025-03-16 21:29:56","1","2025-03-16 10:29:56","4.7","1"
"manager","Finance","0.6","2025-03-06 06:20:42","2","2025-03-04 16:20:42","4.9","0"
"employee","HR","8.1","2025-03-08 16:20:50","2","2025-03-07 14:20:50","0.3","0"
"employee","Finance","1.7","2025-03-16 15:10:48","7","2025-03-16 10:10:48","4.9","0"
"employee","Finance","6.0","2025-03-30 22:56:50","3","2025-03-30 08:56:50","3.9","0"
"employee","HR","7.6","2025-03-13 03:14:06","7","2025-03-11 17:14:06","3.1","0"
"admin","IT","8.8","2025-03-15 08:58:14","7","2025-03-13 20:58:14","3.5","1"
"admin","IT","7.9","2025-03-24 06:26:25","8","2025-03-22 07:26:25","1.4","1"
"manager","Finance","6.4","2025-03-03 17:16:28","8","2025-03-02 20:16:28","4.1","0"
"employee","HR","7.7","2025-03-26 20:57:55","1","2025-03-26 11:57:55","3.1","0"
"admin","IT","3.6","2025-03-20 05:28:46","8","2025-03-20 01:28:46","2.4","1"
"manager","Operations","1.6","2025-03-03 23:30:51","3","2025-03-03 22:30:51","0.9","0"
"manager","HR","7.7","2025-03-15 03:17:46","5","2025-03-14 23:17:46","2.0","0"
"employee","HR","3.6","2025-03-01 10:29:09","2","2025-02-28 07:29:09","3.7","0"
"employee","Finance","9.5","2025-03-16 00:08:31","9","2025-03-14 01:08:31","4.3","0"
"employee","Finance","0.7","2025-03-16 02:55:45","6","2025-03-15 16:55:45","0.7","0"
"employee","IT","5.1","2025-03-28 04:11:31","2","2025-03-28 04:11:31","3.1","1"
"admin","Operations","1.6","2025-03-28 02:44:20","7","2025-03-27 08:44:20","3.7","1"
"employee","Finance","3.9","2025-03-07 17:01:33","3","2025-03-07 12:01:33","4.3","1"
"employee","Finance","8.7","2025-03-03 15:44:05","9","2025-03-02 02:44:05","4.1","0"
"admin","IT","0.1","2025-03-10 13:15:56","1","2025-03-09 11:15:56","2.3","1"
"admin","Finance","3.8","2025-03-03 10:27:51","7","2025-03-02 17:27:51","0.8","1"
"employee","Operations","5.3","2025-03-30 02:07:14","4","2025-03-28 11:07:14","3.4","0"
"manager","Operations","4.7","2025-03-25 15:29:32","10","2025-03-24 11:29:32","2.4","0"
"manager","HR","1.8","2025-03-14 15:18:13","4","2025-03-13 07:18:13","1.7","0"
"admin","Operations","1.9","2025-03-24 16:06:57","4","2025-03-24 12:06:57","3.9","1"
"manager","IT","6.9","2025-03-14 17:43:11","4","2025-03-14 13:43:11","1.3","1"
"manager","HR","9.1","2025-03-12 12:05:20","1","2025-03-11 16:05:20","0.4","1"
"admin","Finance","8.8","2025-03-11 20:51:28","10","2025-03-10 12:51:28","0.7","1"
"manager","IT","4.9","2025-03-24 06:49:24","10","2025-03-23 09:49:24","3.7","0"
"admin","HR","5.4","2025-03-10 06:11:11","9","2025-03-08 08:11:11","4.6","1"
"employee","Operations","1.8","2025-03-04 23:19:06","2","2025-03-03 05:19:06","1.2","0"
"manager","IT","1.5","2025-03-29 13:11:34","4","2025-03-29 02:11:34","3.7","1"
"employee","IT","2.3","2025-03-06 03:42:21","10","2025-03-05 00:42:21","2.3","0"
"employee","Finance","0.4","2025-03-30 10:47:40","10","2025-03-28 16:47:40","3.5","0"
"admin","Finance","1.8","2025-03-29 20:54:18","2","2025-03-29 16:54:18","1.9","1"
"manager","Finance","3.1","2025-03-16 11:17:58","10","2025-03-15 17:17:58","3.9","0"
"manager","Operations","3.2","2025-03-20 00:46:41","10","2025-03-18 02:46:41","1.9","0"
"employee","Operations","1.9","2025-03-05 04:10:51","10","2025-03-03 05:10:51","1.9","0"
"employee","Operations","6.3","2025-03-26 23:27:53","8","2025-03-26 13:27:53","3.8","0"
"admin","IT","4.8","2025-03-08 20:43:18","5","2025-03-07 05:43:18","1.7","1"
"manager","IT","0.9","2025-03-13 03:14:54","1","2025-03-11 12:14:54","1.3","0"
"admin","Operations","4.6","2025-03-22 15:05:07","4","2025-03-22 13:05:07","3.6","1"
"admin","Operations","1.8","2025-03-07 13:25:57","5","2025-03-06 09:25:57","2.8","1"
"employee","Finance","6.9","2025-03-15 13:28:56","4","2025-03-14 12:28:56","4.1","0"
"admin","IT","1.2","2025-03-18 08:38:25","7","2025-03-16 09:38:25","2.4","1"
"manager","IT","8.9","2025-03-23 10:33:18","7","2025-03-22 18:33:18","3.9","0"
"manager","IT","5.2","2025-03-16 16:08:49","5","2025-03-15 00:08:49","0.8","0"
"employee","Finance","6.1","2025-03-10 17:45:54","6","2025-03-09 20:45:54","1.3","1"
"admin","Finance","1.5","2025-03-25 05:11:59","1","2025-03-23 20:11:59","2.7","1"
"manager","Finance","6.4","2025-03-25 06:53:05","4","2025-03-23 14:53:05","2.7","0"
"admin","IT","7.0","2025-03-23 11:44:24","8","2025-03-23 11:44:24","4.3","1"
"employee","HR","4.6","2025-03-09 04:28:35","8","2025-03-08 11:28:35","2.2","0"
"manager","IT","3.9","2025-03-14 03:11:09","1","2025-03-13 17:11:09","2.7","0"
"employee","Operations","2.3","2025-03-03 00:42:20","6","2025-03-02 08:42:20","2.3","0"
"admin","Finance","8.9","2025-03-07 09:53:12","3","2025-03-05 15:53:12","2.3","1"
"admin","Finance","4.7","2025-03-10 08:45:37","3","2025-03-09 17:45:37","3.8","1"
"admin","HR","8.1","2025-03-28 09:09:22","4","2025-03-28 09:09:22","3.9","1"
"admin","Operations","1.0","2025-03-06 03:28:15","8","2025-03-04 18:28:15","4.6","1"
"employee","Finance","5.3","2025-03-30 16:26:26","7","2025-03-29 16:26:26","0.9","0"
"admin","IT","9.2","2025-03-08 04:45:21","10","2025-03-06 12:45:21","1.9","1"
"employee","IT","4.9","2025-03-04 13:27:52","2","2025-03-02 19:27:52","1.7","1"
"admin","Operations","8.7","2025-03-22 07:45:49","9","2025-03-21 04:45:49","1.7","1"
"manager","HR","6.8","2025-03-04 16:33:52","10","2025-03-03 08:33:52","1.7","0"
"admin","IT","9.0","2025-03-22 10:43:26","4","2025-03-22 09:43:26","1.7","1"
"manager","Finance","0.1","2025-03-19 01:31:10","9","2025-03-17 18:31:10","3.3","0"
"employee","Operations","9.1","2025-03-14 17:20:08","10","2025-03-14 00:20:08","0.8","0"
"employee","HR","4.7","2025-03-16 13:58:47","7","2025-03-15 22:58:47","0.3","0"
"admin","Operations","7.4","2025-03-20 04:54:20","4","2025-03-18 15:54:20","1.7","1"
"manager","Operations","1.8","2025-03-18 22:16:34","7","2025-03-17 16:16:34","3.4","0"
"employee","Finance","6.2","2025-03-12 04:32:24","5","2025-03-10 11:32:24","4.0","0"
"employee","IT","6.0","2025-03-22 14:44:55","6","2025-03-20 22:44:55","1.8","0"
"manager","HR","3.3","2025-03-13 04:03:25","5","2025-03-11 18:03:25","1.8","0"
"employee","IT","3.7","2025-03-23 16:13:52","4","2025-03-22 02:13:52","0.6","0"
"employee","Finance","8.0","2025-03-18 12:53:45","4","2025-03-18 05:53:45","4.2","0"
"employee","Finance","7.8","2025-03-01 06:04:24","2","2025-02-28 04:04:24","3.0","0"
"manager","Operations","8.5","2025-03-21 01:01:55","3","2025-03-19 22:01:55","2.8","0"
"employee","IT","5.2","2025-03-04 04:57:59","5","2025-03-02 05:57:59","0.5","0"
"admin","Operations","3.8","2025-03-16 06:23:13","3","2025-03-14 15:23:13","1.8","1"
"admin","Operations","9.3","2025-03-28 05:10:41","2","2025-03-27 22:10:41","0.4","1"
"manager","HR","3.9","2025-03-24 12:15:06","7","2025-03-23 10:15:06","1.0","0"
"employee","HR","8.8","2025-03-21 15:48:42","2","2025-03-19 18:48:42","3.8","0"
"manager","IT","8.2","2025-03-24 04:48:37","8","2025-03-23 15:48:37","3.9","0"
"employee","Operations","9.6","2025-03-14 10:07:03","5","2025-03-12 19:07:03","4.0","0"
"admin","IT","4.1","2025-03-07 15:58:46","6","2025-03-06 14:58:46","4.7","1"
"admin","HR","3.1","2025-03-05 19:47:05","1","2025-03-05 19:47:05","3.1","1"
"manager","Operations","0.3","2025-03-25 13:44:48","8","2025-03-24 20:44:48","1.4","0"
"admin","IT","5.8","2025-03-08 02:39:39","9","2025-03-07 21:39:39","3.3","1"
"admin","Operations","2.0","2025-03-29 15:38:37","9","2025-03-28 00:38:37","0.6","1"
"manager","HR","9.8","2025-03-17 08:37:18","7","2025-03-15 21:37:18","4.5","0"
"employee","IT","6.1","2025-03-28 17:06:13","2","2025-03-27 19:06:13","4.6","1"
"employee","Finance","4.5","2025-03-09 16:31:39","7","2025-03-09 15:31:39","0.9","0"
"manager","Operations","2.8","2025-03-13 18:47:50","1","2025-03-13 18:47:50","3.3","0"
"employee","Operations","5.4","2025-03-08 11:13:41","5","2025-03-06 14:13:41","2.7","0"
"employee","Operations","6.3","2025-03-19 17:36:03","7","2025-03-17 19:36:03","3.7","0"
"employee","IT","7.9","2025-03-20 20:51:25","6","2025-03-19 14:51:25","3.5","0"
"employee","HR","0.6","2025-03-02 18:31:18","8","2025-03-01 06:31:18","2.8","0"
"manager","IT","7.3","2025-03-08 00:34:35","2","2025-03-07 12:34:35","1.9","1"
"employee","IT","2.0","2025-03-27 06:02:06","10","2025-03-25 15:02:06","4.6","0"
"admin","HR","1.5","2025-03-06 06:01:33","7","2025-03-04 20:01:33","0.5","1"
"manager","Operations","7.8","2025-03-10 16:06:53","8","2025-03-09 14:06:53","4.8","0"
"admin","Finance","1.1","2025-03-15 10:47:49","9","2025-03-15 03:47:49","1.8","1"
"admin","HR","1.7","2025-03-08 05:40:21","9","2025-03-07 11:40:21","2.3","1"
"employee","Operations","8.2","2025-03-05 01:15:56","3","2025-03-04 18:15:56","1.3","0"
"employee","IT","8.5","2025-03-01 16:04:10","10","2025-03-01 12:04:10","3.1","0"
"admin","IT","8.6","2025-03-10 14:40:35","9","2025-03-10 07:40:35","0.3","1"
"admin","Finance","6.8","2025-03-07 12:05:58","7","2025-03-05 15:05:58","2.2","1"
"manager","Finance","4.0","2025-03-26 02:09:08","6","2025-03-25 12:09:08","2.1","0"
"admin","Operations","2.4","2025-03-23 04:55:12","10","2025-03-23 03:55:12","4.9","1"
"employee","Operations","7.7","2025-03-20 17:59:21","3","2025-03-19 06:59:21","1.0","1"
"manager","Operations","5.4","2025-03-18 14:28:10","8","2025-03-17 04:28:10","4.8","0"
"admin","IT","1.3","2025-03-02 20:18:42","3","2025-03-02 13:18:42","0.6","1"
"admin","IT","1.7","2025-03-26 09:08:05","4","2025-03-25 06:08:05","2.8","1"
"manager","HR","9.5","2025-03-28 18:52:51","2","2025-03-27 12:52:51","4.6","0"
"admin","Operations","9.2","2025-03-17 14:37:10","9","2025-03-17 08:37:10","2.0","1"
"admin","IT","0.2","2025-03-27 07:42:53","9","2025-03-25 16:42:53","1.1","1"
"manager","Finance","4.3","2025-03-23 14:34:40","4","2025-03-22 02:34:40","4.7","0"
"manager","IT","6.8","2025-03-19 14:02:36","2","2025-03-19 04:02:36","2.1","1"
"admin","Operations","1.4","2025-03-01 07:38:04","1","2025-02-28 04:38:04","4.0","1"
"employee","Finance","1.0","2025-03-12 02:10:34","4","2025-03-10 04:10:34","2.1","0"
"employee","Finance","6.5","2025-03-20 03:14:08","4","2025-03-18 22:14:08","2.0","0"
"manager","Operations","3.5","2025-03-29 09:01:58","1","2025-03-28 12:01:58","4.4","1"
"admin","HR","7.8","2025-03-07 11:11:54","10","2025-03-06 15:11:54","1.3","1"
"admin","Finance","5.1","2025-03-15 13:41:32","4","2025-03-15 01:41:32","2.6","1"
"employee","IT","9.7","2025-03-06 20:06:34","2","2025-03-04 22:06:34","2.2","1"
"employee","Operations","5.4","2025-03-30 10:55:48","2","2025-03-30 09:55:48","3.6","1"
"manager","Finance","2.9","2025-03-28 14:34:57","3","2025-03-28 03:34:57","0.4","0"
"manager","Operations","4.1","2025-03-19 23:14:12","8","2025-03-19 12:14:12","2.2","0"
"employee","Operations","2.6","2025-03-13 06:30:09","7","2025-03-13 06:30:09","2.9","0"
"manager","IT","9.1","2025-03-03 09:55:23","7","2025-03-01 19:55:23","1.3","0"
"manager","HR","9.3","2025-03-14 15:16:52","7","2025-03-13 11:16:52","2.3","0"
"manager","HR","6.5","2025-03-15 02:18:06","1","2025-03-14 07:18:06","0.6","0"
"manager","Operations","4.9","2025-03-02 07:13:05","9","2025-03-02 02:13:05","1.5","0"
"manager","IT","7.3","2025-03-05 23:28:27","3","2025-03-04 02:28:27","0.2","1"
"manager","Operations","9.2","2025-03-29 16:05:31","8","2025-03-29 11:05:31","0.4","0"
"admin","Finance","7.3","2025-03-20 07:46:10","3","2025-03-19 19:46:10","3.3","1"
"employee","Finance","4.3","2025-03-26 21:44:46","5","2025-03-26 10:44:46","4.3","0"
"employee","IT","8.5","2025-03-08 08:57:08","7","2025-03-06 11:57:08","2.6","0"
"admin","IT","1.3","2025-03-30 21:38:11","10","2025-03-29 19:38:11","3.1","1"
"admin","IT","6.6","2025-03-29 23:16:33","2","2025-03-29 06:16:33","0.9","1"
"employee","Finance","7.2","2025-03-20 21:30:39","5","2025-03-20 16:30:39","2.5","0"
"admin","IT","5.1","2025-03-29 00:20:09","4","2025-03-28 10:20:09","1.2","1"
"admin","Finance","2.4","2025-03-18 06:04:22","9","2025-03-17 09:04:22","2.5","1"
"employee","HR","0.8","2025-03-30 07:29:20","1","2025-03-29 13:29:20","4.0","0"
"manager","Finance","3.8","2025-03-06 14:45:53","4","2025-03-05 03:45:53","0.2","0"
"employee","Operations","5.9","2025-03-18 19:15:32","1","2025-03-17 15:15:32","1.4","0"
"employee","IT","2.8","2025-03-01 15:11:23","2","2025-02-28 21:11:23","4.6","1"
"employee","IT","8.4","2025-03-19 15:20:10","8","2025-03-17 16:20:10","0.2","0"
"employee","HR","9.5","2025-03-25 11:10:03","5","2025-03-24 09:10:03","3.4","0"
"employee","IT","6.7","2025-03-17 20:55:58","2","2025-03-16 08:55:58","2.0","1"
"manager","Operations","0.2","2025-03-01 04:15:59","7","2025-02-27 22:15:59","1.4","0"
"manager","HR","5.3","2025-03-26 15:37:12","8","2025-03-25 09:37:12","2.9","0"
"employee","Finance","1.6","2025-03-09 17:01:17","9","2025-03-09 17:01:17","4.6","0"
"employee","Finance","1.0","2025-03-28 18:42:31","10","2025-03-26 22:42:31","4.6","0"
"employee","IT","8.3","2025-03-04 06:58:34","1","2025-03-03 21:58:34","2.3","1"
"employee","Finance","2.4","2025-03-02 20:31:51","8","2025-03-01 16:31:51","1.3","0"
"admin","Finance","6.7","2025-03-22 08:04:39","5","2025-03-21 15:04:39","1.4","1"
"admin","Operations","8.4","2025-03-17 20:51:44","7","2025-03-17 16:51:44","2.1","1"
"employee","HR","7.9","2025-03-30 08:58:49","6","2025-03-28 13:58:49","1.5","0"
"manager","IT","4.1","2025-03-23 02:42:08","1","2025-03-21 03:42:08","1.0","0"
"manager","IT","2.1","2025-03-09 22:18:02","6","2025-03-08 10:18:02","0.1","0"
"admin","IT","0.7","2025-03-02 02:01:07","4","2025-02-28 19:01:07","1.6","1"
"employee","HR","7.1","2025-03-19 07:28:09","9","2025-03-17 14:28:09","4.4","0"
"admin","HR","8.7","2025-03-06 23:28:35","3","2025-03-05 19:28:35","2.4","1"
"admin","HR","1.9","2025-03-18 05:40:54","8","2025-03-17 08:40:54","1.6","1"
"manager","IT","6.5","2025-03-16 21:20:21","9","2025-03-16 12:20:21","1.2","0"
"employee","HR","7.8","2025-03-15 14:26:20","8","2025-03-15 06:26:20","4.6","0"
"manager","HR","3.3","2025-03-16 02:03:14","1","2025-03-15 16:03:14","1.5","0"
"employee","HR","8.0","2025-03-24 12:30:09","7","2025-03-24 12:30:09","4.8","0"
"manager","IT","7.8","2025-03-21 03:33:41","8","2025-03-19 10:33:41","3.0","0"
"admin","Operations","9.6","2025-03-02 16:03:52","10","2025-03-01 13:03:52","4.7","1"
"manager","HR","3.9","2025-03-02 03:30:19","3","2025-03-01 08:30:19","1.6","0"
"employee","IT","4.3","2025-03-11 18:47:28","5","2025-03-10 06:47:28","4.1","0"
"employee","HR","1.4","2025-03-13 03:36:42","1","2025-03-12 07:36:42","2.1","0"
"admin","Finance","0.5","2025-03-25 18:32:28","9","2025-03-24 01:32:28","4.1","1"
"admin","Finance","1.3","2025-03-28 06:57:24","10","2025-03-27 19:57:24","3.4","1"
"admin","Finance","6.6","2025-03-14 07:02:36","9","2025-03-12 10:02:36","4.5","1"
"admin","IT","0.4","2025-03-11 13:39:23","9","2025-03-11 07:39:23","0.3","1"
"admin","IT","4.8","2025-03-16 22:41:23","6","2025-03-16 16:41:23","3.9","1"
"employee","HR","1.1","2025-03-28 13:58:52","1","2025-03-27 22:58:52","3.5","0"
"manager","IT","2.4","2025-03-12 09:51:17","3","2025-03-11 18:51:17","3.0","1"
"admin","HR","6.0","2025-03-26 20:42:28","5","2025-03-26 12:42:28","0.2","1"
"employee","Operations","9.2","2025-03-02 22:07:42","3","2025-03-02 15:07:42","3.5","0"
"employee","Operations","5.9","2025-03-14 08:55:38","1","2025-03-12 18:55:38","1.2","0"
"manager","Finance","3.9","2025-03-21 05:23:07","6","2025-03-19 10:23:07","2.2","0"
"manager","HR","7.8","2025-03-29 04:40:39","4","2025-03-28 03:40:39","0.8","0"
"employee","Finance","1.3","2025-03-10 21:52:45","7","2025-03-10 08:52:45","2.7","0"
"admin","Operations","5.1","2025-03-17 01:48:01","8","2025-03-16 06:48:01","1.0","1"
"employee","IT","4.2","2025-03-30 03:44:28","7","2025-03-28 08:44:28","2.9","0"
"admin","HR","2.4","2025-03-17 05:21:50","1","2025-03-15 11:21:50","4.2","1"
"admin","IT","1.4","2025-03-23 22:29:42","5","2025-03-22 22:29:42","2.2","1"
"employee","Operations","2.7","2025-03-16 23:55:15","8","2025-03-16 01:55:15","0.6","0"
"employee","IT","4.2","2025-03-03 20:20:17","3","2025-03-03 07:20:17","0.7","1"
"admin","IT","5.3","2025-03-24 08:58:39","1","2025-03-22 19:58:39","3.4","1"
"admin","Finance","0.4","2025-03-12 17:36:09","7","2025-03-12 05:36:09","2.5","1"
"admin","HR","6.4","2025-03-01 08:27:21","6","2025-02-28 05:27:21","4.2","1"
"manager","Finance","9.5","2025-03-18 21:34:02","6","2025-03-18 19:34:02","1.8","0"
"employee","IT","0.3","2025-03-08 21:00:53","9","2025-03-07 23:00:53","4.8","0"
"manager","HR","2.2","2025-03-27 06:11:53","9","2025-03-27 01:11:53","2.3","0"
"admin","Finance","1.1","2025-03-24 17:30:57","1","2025-03-23 12:30:57","0.7","1"
"manager","HR","5.4","2025-03-17 01:39:27","2","2025-03-15 06:39:27","2.9","0"
"admin","Operations","0.7","2025-03-10 02:22:53","4","2025-03-08 21:22:53","4.2","1"
"employee","IT","6.6","2025-03-13 12:07:02","3","2025-03-11 19:07:02","4.6","1"
"employee","Finance","8.9","2025-03-15 11:09:38","6","2025-03-14 05:09:38","2.6","0"
"manager","HR","6.7","2025-03-16 21:51:53","1","2025-03-16 15:51:53","4.0","0"
"admin","Finance","5.5","2025-03-14 10:38:37","1","2025-03-13 01:38:37","4.8","1"
"manager","Finance","3.1","2025-03-10 12:24:16","10","2025-03-09 18:24:16","4.0","0"
"manager","Finance","0.3","2025-03-20 21:09:29","7","2025-03-19 13:09:29","0.3","0"
"admin","HR","6.6","2025-03-08 03:37:17","4","2025-03-06 13:37:17","4.4","1"
"admin","IT","3.7","2025-03-15 07:55:48","2","2025-03-13 13:55:48","1.2","1"
"admin","Finance","3.2","2025-03-29 06:54:13","7","2025-03-27 17:54:13","2.9","1"
"admin","IT","6.3","2025-03-21 15:29:43","8","2025-03-20 16:29:43","4.7","1"
"employee","HR","9.1","2025-03-06 12:26:40","9","2025-03-05 09:26:40","0.9","0"
"employee","IT","0.7","2025-03-16 08:10:33","3","2025-03-15 21:10:33","4.5","0"
"manager","Operations","2.2","2025-03-07 06:55:18","3","2025-03-06 14:55:18","2.7","0"
"manager","HR","5.5","2025-03-02 12:49:47","8","2025-03-01 05:49:47","0.8","0"
"manager","IT","9.8","2025-03-04 01:56:28","1","2025-03-03 04:56:28","4.8","1"
"admin","Finance","3.7","2025-03-19 18:15:19","8","2025-03-17 19:15:19","2.1","1"
"manager","Finance","2.1","2025-03-14 02:24:15","7","2025-03-12 16:24:15","0.9","0"
"employee","Finance","3.7","2025-03-29 04:50:29","4","2025-03-28 09:50:29","4.3","0"
"manager","Finance","9.3","2025-03-10 11:59:30","6","2025-03-08 13:59:30","0.4","0"
"employee","Finance","0.5","2025-03-06 17:04:41","1","2025-03-06 00:04:41","4.4","0"
"manager","HR","4.6","2025-03-14 05:58:31","1","2025-03-13 04:58:31","0.2","0"
"admin","HR","7.6","2025-03-10 16:51:41","1","2025-03-08 20:51:41","2.0","1"
"employee","Operations","5.9","2025-03-26 20:35:18","6","2025-03-24 20:35:18","2.0","0"
"manager","HR","7.5","2025-03-02 09:52:31","3","2025-03-01 03:52:31","4.7","1"
"admin","Operations","2.9","2025-03-02 18:25:26","10","2025-02-28 23:25:26","2.3","1"
"admin","Operations","7.4","2025-03-20 08:01:08","8","2025-03-18 18:01:08","0.9","1"
"employee","Finance","1.8","2025-03-02 02:15:36","3","2025-02-28 18:15:36","4.4","0"
"employee","Operations","1.6","2025-03-06 10:25:35","6","2025-03-05 07:25:35","2.7","0"
"employee","IT","0.3","2025-03-09 11:56:11","5","2025-03-09 03:56:11","0.7","1"
"employee","Finance","2.5","2025-03-18 00:03:21","9","2025-03-16 08:03:21","5.0","0"
"employee","Finance","3.8","2025-03-19 17:53:53","10","2025-03-18 08:53:53","0.4","0"
"manager","Finance","2.4","2025-03-15 10:49:37","9","2025-03-13 21:49:37","2.4","0"
"manager","IT","4.3","2025-03-28 05:30:33","1","2025-03-27 04:30:33","3.4","0"
"employee","Operations","7.0","2025-03-02 16:13:08","2","2025-03-01 13:13:08","1.6","1"
"employee","IT","3.5","2025-03-28 21:04:04","8","2025-03-27 17:04:04","0.8","0"
"employee","IT","9.3","2025-03-14 02:36:52","7","2025-03-13 10:36:52","1.1","0"
"admin","Finance","8.4","2025-03-22 08:05:09","2","2025-03-20 22:05:09","2.4","1"
"manager","IT","6.1","2025-03-11 16:35:41","8","2025-03-10 11:35:41","4.5","0"
"employee","Operations","5.2","2025-03-17 11:09:30","7","2025-03-16 17:09:30","4.1","0"
"admin","HR","2.9","2025-03-07 22:55:06","5","2025-03-06 23:55:06","1.5","1"
"admin","Finance","3.4","2025-03-10 09:11:36","2","2025-03-09 21:11:36","2.0","1"
"employee","IT","3.1","2025-03-29 00:37:10","7","2025-03-27 09:37:10","3.2","0"
"manager","HR","7.1","2025-03-06 08:59:09","2","2025-03-04 17:59:09","2.5","0"
"admin","HR","3.7","2025-03-10 22:41:48","3","2025-03-10 17:41:48","3.8","1"
"admin","IT","0.6","2025-03-15 03:56:41","10","2025-03-14 21:56:41","0.9","1"
"admin","Finance","9.6","2025-03-20 11:08:10","3","2025-03-19 13:08:10","4.5","1"
"employee","HR","5.8","2025-03-18 09:07:15","4","2025-03-17 15:07:15","3.0","1"
"employee","IT","4.2","2025-03-09 13:08:27","2","2025-03-09 01:08:27","4.4","1"
"admin","HR","2.0","2025-03-28 05:16:33","6","2025-03-27 05:16:33","0.6","1"
"employee","Operations","5.9","2025-03-27 11:34:42","6","2025-03-27 11:34:42","4.8","0"
"employee","Finance","8.9","2025-03-01 06:25:18","1","2025-02-28 01:25:18","4.0","0"
"manager","IT","4.1","2025-03-20 00:38:22","2","2025-03-18 08:38:22","2.8","0"
"manager","HR","7.3","2025-03-05 10:46:21","2","2025-03-05 00:46:21","0.3","0"
"employee","HR","3.9","2025-03-05 19:19:11","4","2025-03-05 19:19:11","3.4","0"
"admin","Finance","3.1","2025-03-20 21:49:02","8","2025-03-20 03:49:02","1.0","1"
"admin","HR","0.6","2025-03-24 12:47:50","9","2025-03-23 07:47:50","3.3","1"
"admin","Finance","8.9","2025-03-15 05:23:13","4","2025-03-13 08:23:13","0.2","1"
"manager","Finance","0.2","2025-03-06 04:13:08","5","2025-03-05 21:13:08","4.7","0"
"manager","IT","0.2","2025-03-09 04:50:05","7","2025-03-07 19:50:05","2.2","0"
"employee","Operations","6.0","2025-03-13 21:23:39","1","2025-03-13 08:23:39","1.7","0"
"manager","IT","7.4","2025-03-24 12:08:04","5","2025-03-23 16:08:04","1.5","1"
"employee","HR","4.0","2025-03-07 08:35:56","3","2025-03-06 20:35:56","3.3","0"
"admin","IT","0.0","2025-03-05 18:32:04","6","2025-03-04 10:32:04","3.4","1"
"manager","Operations","9.7","2025-03-01 12:32:09","6","2025-02-28 07:32:09","1.3","0"
"admin","HR","3.7","2025-03-03 12:39:01","5","2025-03-01 18:39:01","4.0","1"
"admin","IT","2.2","2025-03-25 20:19:44","5","2025-03-24 14:19:44","0.7","1"
"manager","Operations","0.4","2025-03-09 02:19:03","8","2025-03-07 04:19:03","0.6","0"
"admin","Operations","7.6","2025-03-13 05:00:04","3","2025-03-11 16:00:04","2.4","1"
"employee","HR","7.5","2025-03-25 22:26:31","8","2025-03-24 12:26:31","2.7","0"
"manager","HR","7.7","2025-03-05 12:20:52","1","2025-03-04 02:20:52","3.2","1"
"admin","HR","0.2","2025-03-05 19:32:03","1","2025-03-05 00:32:03","3.2","1"
"manager","Operations","8.5","2025-03-01 04:54:21","2","2025-02-27 16:54:21","0.5","0"
"manager","IT","7.1","2025-03-25 22:49:39","9","2025-03-24 05:49:39","0.1","0"
"manager","Operations","2.2","2025-03-04 12:46:35","3","2025-03-04 00:46:35","1.1","1"
"admin","Finance","2.1","2025-03-11 15:34:04","10","2025-03-09 22:34:04","4.1","1"
"admin","HR","6.3","2025-03-12 13:20:57","2","2025-03-11 18:20:57","2.7","1"
"manager","HR","7.4","2025-03-11 19:24:09","5","2025-03-11 07:24:09","3.2","0"
"manager","HR","9.7","2025-03-25 06:32:44","4","2025-03-24 14:32:44","3.1","0"
"manager","IT","1.6","2025-03-12 10:20:18","7","2025-03-10 21:20:18","0.2","0"
"admin","Finance","6.9","2025-03-06 20:51:13","4","2025-03-06 13:51:13","5.0","1"
"manager","HR","9.1","2025-03-06 03:08:50","6","2025-03-05 10:08:50","4.7","0"
"manager","Operations","7.7","2025-03-04 04:32:47","6","2025-03-02 06:32:47","0.8","0"
"admin","Operations","4.7","2025-03-15 13:54:05","10","2025-03-15 11:54:05","4.0","1"
"manager","Finance","8.2","2025-03-28 16:16:26","10","2025-03-27 03:16:26","2.0","0"
"employee","IT","4.6","2025-03-05 03:43:11","2","2025-03-03 08:43:11","2.4","0"
"manager","HR","1.0","2025-03-02 05:34:27","8","2025-02-28 18:34:27","2.4","0"
"employee","IT","0.5","2025-03-05 02:58:19","7","2025-03-03 21:58:19","1.0","0"
"manager","IT","0.8","2025-03-09 06:10:13","6","2025-03-09 04:10:13","2.5","0"
"employee","IT","9.7","2025-03-07 16:23:57","4","2025-03-07 01:23:57","4.3","1"
"employee","Operations","9.3","2025-03-02 03:19:28","7","2025-02-28 17:19:28","3.9","0"
"employee","IT","2.4","2025-03-23 02:03:53","1","2025-03-21 07:03:53","1.7","0"
"employee","IT","7.9","2025-03-17 10:06:14","4","2025-03-16 03:06:14","1.8","1"
"employee","Finance","1.5","2025-03-14 03:33:23","3","2025-03-13 09:33:23","4.6","0"
"admin","Operations","1.8","2025-03-01 13:48:47","9","2025-02-28 19:48:47","4.1","1"
"manager","Operations","5.0","2025-03-25 15:50:47","9","2025-03-24 05:50:47","5.0","0"
"admin","Operations","2.6","2025-03-01 13:45:57","3","2025-03-01 03:45:57","0.1","1"
"admin","IT","9.8","2025-03-08 03:26:07","2","2025-03-06 03:26:07","4.7","1"
"employee","IT","2.2","2025-03-27 14:53:42","8","2025-03-25 21:53:42","2.8","0"
"manager","HR","3.2","2025-03-11 00:47:44","6","2025-03-10 01:47:44","3.8","0"
"admin","Finance","7.7","2025-03-05 19:33:36","5","2025-03-04 17:33:36","3.2","1"
"manager","Finance","4.0","2025-03-14 07:29:51","10","2025-03-13 02:29:51","1.3","0"
"manager","Operations","3.1","2025-03-18 15:30:10","5","2025-03-17 05:30:10","3.6","0"
"admin","Finance","2.8","2025-03-26 16:46:21","10","2025-03-25 16:46:21","3.1","1"
"admin","Finance","5.3","2025-03-05 15:34:46","1","2025-03-05 05:34:46","0.2","1"
"employee","IT","6.2","2025-03-05 03:56:03","10","2025-03-04 06:56:03","1.6","0"
"admin","Finance","5.0","2025-03-17 04:38:31","8","2025-03-17 01:38:31","3.9","1"
"manager","Finance","2.4","2025-03-19 13:17:58","2","2025-03-19 06:17:58","2.8","0"
"manager","IT","7.9","2025-03-04 16:35:03","8","2025-03-03 11:35:03","3.4","0"
"employee","HR","2.4","2025-03-01 02:51:23","7","2025-02-27 05:51:23","0.2","0"
"manager","Finance","8.7","2025-03-10 01:20:26","8","2025-03-09 09:20:26","1.6","0"
"manager","Finance","5.8","2025-03-13 13:45:50","9","2025-03-13 01:45:50","4.9","0"
"manager","HR","2.0","2025-03-11 19:14:05","5","2025-03-10 14:14:05","2.6","0"
"manager","Finance","7.7","2025-03-07 12:20:29","5","2025-03-05 12:20:29","4.8","0"
"admin","HR","3.0","2025-03-29 15:51:15","5","2025-03-28 23:51:15","3.5","1"
"admin","Operations","0.5","2025-03-22 09:44:34","3","2025-03-22 04:44:34","4.9","1"
"employee","HR","2.4","2025-03-07 17:03:10","8","2025-03-06 15:03:10","4.6","0"
"admin","Finance","6.8","2025-03-05 01:29:38","3","2025-03-04 18:29:38","3.8","1"
"manager","HR","0.2","2025-03-17 09:13:45","1","2025-03-15 21:13:45","1.1","1"
"employee","HR","1.6","2025-03-02 01:14:42","1","2025-03-02 00:14:42","0.3","0"
"manager","Operations","3.1","2025-03-05 16:30:04","6","2025-03-03 16:30:04","1.8","0"
"admin","IT","0.2","2025-03-16 19:17:33","1","2025-03-16 05:17:33","3.0","1"
"admin","Operations","6.8","2025-03-01 00:05:49","3","2025-02-28 03:05:49","1.2","1"
"manager","Finance","2.7","2025-03-08 16:24:31","3","2025-03-07 15:24:31","1.6","1"
"manager","IT","0.1","2025-03-16 10:45:42","1","2025-03-14 12:45:42","2.1","1"
"employee","Finance","9.6","2025-03-14 16:15:32","4","2025-03-14 04:15:32","3.3","0"
"employee","IT","7.9","2025-03-04 14:10:08","1","2025-03-03 22:10:08","3.0","1"
"admin","Finance","2.0","2025-03-20 10:14:14","6","2025-03-18 21:14:14","3.2","1"
"admin","Operations","7.9","2025-03-05 17:09:18","4","2025-03-04 16:09:18","2.7","1"
"admin","IT","6.4","2025-03-08 08:55:13","9","2025-03-06 08:55:13","1.1","1"
"employee","IT","7.7","2025-03-30 14:48:46","1","2025-03-29 02:48:46","0.5","1"
"employee","Operations","8.3","2025-03-30 11:26:59","4","2025-03-30 10:26:59","1.6","1"
"employee","IT","4.4","2025-03-16 12:34:41","7","2025-03-14 20:34:41","3.0","0"
"manager","Finance","6.2","2025-03-18 03:07:54","10","2025-03-16 04:07:54","1.9","0"
"admin","IT","4.3","2025-03-25 07:38:34","9","2025-03-23 10:38:34","0.4","1"
"admin","Finance","3.1","2025-03-08 17:48:51","1","2025-03-07 20:48:51","4.2","1"
"manager","HR","5.9","2025-03-21 23:07:47","7","2025-03-20 07:07:47","4.3","0"
"admin","HR","8.9","2025-03-24 13:10:38","8","2025-03-22 20:10:38","2.7","1"
"employee","Operations","2.2","2025-03-04 05:04:35","5","2025-03-02 10:04:35","0.4","0"
"employee","Finance","9.4","2025-03-19 14:01:46","4","2025-03-18 22:01:46","4.0","1"
"manager","Operations","9.5","2025-03-13 10:02:59","3","2025-03-12 13:02:59","3.9","0"
"employee","HR","9.6","2025-03-04 09:02:41","7","2025-03-02 21:02:41","3.2","0"
"admin","Finance","3.5","2025-03-27 23:02:43","8","2025-03-26 00:02:43","2.1","1"
"manager","IT","9.5","2025-03-06 01:50:31","10","2025-03-04 16:50:31","3.9","0"
"admin","Operations","1.8","2025-03-25 00:02:35","10","2025-03-23 01:02:35","0.8","1"
"employee","HR","8.7","2025-03-27 00:13:29","6","2025-03-26 06:13:29","5.0","0"
"admin","Finance","1.3","2025-03-29 07:34:16","2","2025-03-28 16:34:16","1.9","1"
"employee","HR","8.9","2025-03-22 01:13:16","9","2025-03-21 11:13:16","3.3","0"
"admin","IT","10.0","2025-03-21 11:59:41","10","2025-03-21 05:59:41","4.1","1"
"employee","Operations","3.9","2025-03-16 05:03:31","7","2025-03-14 08:03:31","2.1","0"
"employee","Finance","2.0","2025-03-27 20:06:01","1","2025-03-26 10:06:01","3.8","0"
"admin","Operations","9.2","2025-03-05 01:45:23","8","2025-03-03 11:45:23","3.3","1"
"admin","Operations","9.5","2025-03-21 20:02:14","5","2025-03-21 06:02:14","2.8","1"
"admin","IT","7.2","2025-03-08 07:18:45","7","2025-03-07 09:18:45","1.5","1"
"admin","Operations","9.9","2025-03-18 15:57:03","1","2025-03-17 03:57:03","2.5","1"
"employee","Operations","3.3","2025-03-06 10:22:40","7","2025-03-05 14:22:40","2.5","0"
"admin","HR","5.9","2025-03-03 11:10:50","4","2025-03-02 09:10:50","2.5","1"
"admin","Finance","6.4","2025-03-27 02:19:39","4","2025-03-25 18:19:39","4.7","1"
"employee","Operations","2.3","2025-03-07 05:54:54","1","2025-03-06 20:54:54","2.7","0"
"admin","HR","9.4","2025-03-16 17:04:32","2","2025-03-15 14:04:32","0.8","1"
"employee","Finance","5.5","2025-03-12 13:49:38","3","2025-03-10 18:49:38","0.2","1"
"admin","IT","0.8","2025-03-16 04:17:20","6","2025-03-14 21:17:20","1.2","1"
"admin","HR","8.0","2025-03-01 00:22:04","4","2025-02-28 15:22:04","3.0","1"
"employee","HR","9.0","2025-03-30 23:17:37","7","2025-03-29 01:17:37","1.9","0"
"manager","IT","1.3","2025-03-09 20:04:25","6","2025-03-09 06:04:25","1.5","1"
"admin","IT","1.0","2025-03-04 21:23:39","8","2025-03-04 11:23:39","4.5","1"
"manager","IT","4.4","2025-03-25 17:06:14","10","2025-03-24 07:06:14","1.9","0"
"employee","Finance","4.9","2025-03-17 04:48:45","3","2025-03-16 13:48:45","0.9","0"
"admin","Operations","4.3","2025-03-26 00:08:59","8","2025-03-24 22:08:59","1.7","1"
"manager","IT","4.6","2025-03-09 04:08:48","5","2025-03-08 23:08:48","0.2","0"
"employee","HR","1.7","2025-03-18 05:29:54","6","2025-03-18 02:29:54","2.7","0"
"employee","IT","2.7","2025-03-04 09:20:48","5","2025-03-04 08:20:48","1.3","0"
"employee","Operations","9.7","2025-03-29 03:33:39","7","2025-03-28 18:33:39","1.1","0"
"manager","Finance","7.4","2025-03-08 18:18:42","9","2025-03-08 07:18:42","4.7","0"
"manager","Finance","0.5","2025-03-03 00:48:57","2","2025-03-01 03:48:57","2.0","0"
"admin","Operations","2.5","2025-03-25 23:15:16","5","2025-03-24 16:15:16","0.5","1"
"employee","IT","2.7","2025-03-23 13:43:13","3","2025-03-22 18:43:13","1.8","1"
"admin","Operations","6.2","2025-03-20 22:38:16","1","2025-03-19 18:38:16","3.6","1"
"manager","Finance","6.8","2025-03-09 19:24:47","7","2025-03-08 22:24:47","3.0","0"
"admin","IT","1.5","2025-03-23 13:48:36","1","2025-03-21 16:48:36","0.6","1"
"admin","HR","2.7","2025-03-11 02:22:13","4","2025-03-10 08:22:13","2.6","1"
"employee","HR","7.5","2025-03-18 18:07:23","5","2025-03-17 03:07:23","5.0","0"
"admin","Finance","2.2","2025-03-20 18:09:44","5","2025-03-19 02:09:44","0.6","1"
"employee","IT","7.6","2025-03-11 05:02:53","8","2025-03-09 21:02:53","4.0","0"
"manager","IT","1.1","2025-03-14 03:09:48","9","2025-03-12 05:09:48","3.8","0"
"employee","IT","3.7","2025-03-12 18:42:08","6","2025-03-12 11:42:08","3.1","0"
"admin","Operations","5.1","2025-03-23 12:48:32","6","2025-03-22 02:48:32","0.6","1"
"admin","Operations","9.2","2025-03-27 01:38:31","9","2025-03-26 03:38:31","1.1","1"
"admin","Finance","7.3","2025-03-27 16:01:52","9","2025-03-26 09:01:52","4.5","1"
"employee","IT","0.6","2025-03-09 23:10:57","9","2025-03-09 02:10:57","3.2","0"
"manager","Finance","1.4","2025-03-23 22:24:59","4","2025-03-23 06:24:59","2.1","0"
"manager","IT","2.4","2025-03-14 07:10:27","3","2025-03-12 22:10:27","1.6","0"
"employee","IT","4.9","2025-03-15 08:57:56","4","2025-03-15 07:57:56","3.4","0"
"admin","Operations","6.7","2025-03-27 17:25:43","8","2025-03-25 23:25:43","3.9","1"
"manager","Operations","5.9","2025-03-02 04:24:42","10","2025-03-01 07:24:42","2.0","0"
"employee","Operations","0.0","2025-03-10 16:35:19","6","2025-03-09 18:35:19","3.3","0"
"employee","Finance","2.6","2025-03-01 07:10:06","2","2025-02-27 09:10:06","5.0","0"
"manager","HR","4.8","2025-03-07 23:41:23","2","2025-03-06 15:41:23","2.0","0"
"admin","HR","3.7","2025-03-28 09:12:41","1","2025-03-27 11:12:41","0.4","1"
"manager","IT","2.2","2025-03-02 19:50:57","2","2025-03-01 19:50:57","3.2","0"
"admin","IT","2.7","2025-03-16 08:37:53","5","2025-03-15 05:37:53","2.0","1"
"admin","Finance","2.9","2025-03-18 10:24:05","4","2025-03-17 00:24:05","3.7","1"
"manager","Operations","6.1","2025-03-30 02:04:50","3","2025-03-29 01:04:50","1.7","0"
"admin","IT","7.5","2025-03-26 18:12:57","2","2025-03-26 00:12:57","4.7","1"
"manager","HR","4.1","2025-03-07 22:30:41","2","2025-03-06 05:30:41","0.5","0"
"employee","Operations","5.2","2025-03-05 21:46:52","9","2025-03-05 16:46:52","3.5","0"
"employee","IT","5.8","2025-03-06 05:05:56","5","2025-03-05 13:05:56","2.1","0"
"manager","IT","1.0","2025-03-12 11:47:40","4","2025-03-11 16:47:40","4.7","1"
"employee","HR","5.5","2025-03-22 22:34:56","1","2025-03-21 03:34:56","1.3","0"
"employee","Finance","8.8","2025-03-26 11:26:36","10","2025-03-26 06:26:36","1.9","0"
"manager","Finance","9.0","2025-03-05 20:12:13","4","2025-03-04 02:12:13","0.3","0"
"admin","HR","5.6","2025-03-20 14:21:57","4","2025-03-18 19:21:57","4.8","1"
"manager","Finance","1.4","2025-03-24 11:46:57","2","2025-03-23 12:46:57","0.8","1"
"manager","IT","5.4","2025-03-26 23:10:28","6","2025-03-26 04:10:28","3.5","0"
"manager","IT","2.7","2025-03-10 17:36:27","2","2025-03-09 00:36:27","4.5","1"
"manager","HR","4.0","2025-03-15 09:40:19","6","2025-03-14 01:40:19","0.7","0"
"manager","Finance","2.6","2025-03-07 03:45:25","5","2025-03-05 14:45:25","4.7","0"
"admin","HR","7.1","2025-03-24 20:19:19","9","2025-03-24 13:19:19","3.5","1"
"employee","IT","5.1","2025-03-28 14:10:10","4","2025-03-28 05:10:10","3.9","1"
"manager","IT","6.8","2025-03-07 16:03:28","1","2025-03-06 13:03:28","4.3","1"
"manager","IT","1.1","2025-03-15 07:59:50","2","2025-03-13 15:59:50","1.4","0"
"employee","Operations","3.0","2025-03-26 17:26:22","5","2025-03-25 21:26:22","2.0","1"
"employee","Finance","7.4","2025-03-22 20:27:45","4","2025-03-21 12:27:45","2.7","0"
"manager","HR","1.8","2025-03-08 12:44:14","8","2025-03-07 21:44:14","4.9","0"
"employee","HR","9.4","2025-03-02 01:30:38","4","2025-02-28 07:30:38","4.2","0"
"employee","IT","7.5","2025-03-24 11:08:50","2","2025-03-23 13:08:50","0.4","1"
"admin","HR","3.9","2025-03-05 16:10:25","5","2025-03-04 04:10:25","4.8","1"
"admin","Finance","2.8","2025-03-12 09:55:01","10","2025-03-12 07:55:01","2.9","1"
"manager","Operations","1.7","2025-03-02 13:05:03","5","2025-03-01 07:05:03","3.2","0"
"admin","Operations","8.6","2025-03-02 02:29:30","7","2025-03-02 02:29:30","0.5","1"
"employee","Finance","2.6","2025-03-13 08:47:08","6","2025-03-13 04:47:08","1.9","0"
"admin","IT","5.5","2025-03-01 05:31:35","8","2025-02-28 13:31:35","4.3","1"
"employee","IT","4.3","2025-03-28 16:38:17","4","2025-03-26 21:38:17","3.8","0"
"employee","Operations","0.6","2025-03-25 16:14:01","5","2025-03-23 20:14:01","2.1","0"
"admin","HR","3.5","2025-03-08 13:31:13","10","2025-03-07 12:31:13","3.9","1"
"admin","IT","6.1","2025-03-30 06:50:35","1","2025-03-29 10:50:35","1.3","1"
"employee","Operations","2.7","2025-03-15 16:11:06","8","2025-03-14 04:11:06","0.6","0"
"admin","Finance","1.9","2025-03-01 02:32:56","2","2025-02-28 18:32:56","3.4","1"
"manager","IT","0.7","2025-03-22 11:31:03","5","2025-03-20 12:31:03","3.0","0"
"manager","Finance","0.9","2025-03-14 00:24:22","9","2025-03-13 09:24:22","2.9","0"
"employee","Operations","0.4","2025-03-14 15:25:57","9","2025-03-13 14:25:57","0.3","0"
"employee","Finance","6.6","2025-03-02 01:41:19","6","2025-03-01 23:41:19","4.6","0"
"manager","Finance","8.0","2025-03-14 08:15:17","5","2025-03-13 15:15:17","3.8","0"
"manager","Finance","1.3","2025-03-15 22:14:00","7","2025-03-14 07:14:00","2.9","0"
"employee","HR","0.6","2025-03-10 11:28:40","4","2025-03-09 14:28:40","1.7","0"
"employee","HR","6.5","2025-03-07 14:48:40","6","2025-03-05 23:48:40","0.5","0"
"admin","Finance","5.0","2025-03-12 08:43:01","5","2025-03-10 09:43:01","3.6","1"
"manager","HR","9.0","2025-03-15 20:34:28","9","2025-03-14 20:34:28","5.0","0"
"admin","Finance","8.1","2025-03-08 10:14:39","9","2025-03-08 03:14:39","0.8","1"
"admin","HR","6.1","2025-03-14 05:51:41","3","2025-03-12 22:51:41","4.2","1"
"admin","Operations","8.0","2025-03-25 20:06:16","9","2025-03-25 19:06:16","3.4","1"
"manager","IT","6.2","2025-03-04 16:53:37","9","2025-03-02 23:53:37","2.7","0"
"admin","Finance","8.3","2025-03-08 04:28:07","9","2025-03-07 13:28:07","1.4","1"
"manager","Operations","5.0","2025-03-27 03:57:01","6","2025-03-26 18:57:01","1.7","0"
"admin","Finance","4.8","2025-03-14 04:11:00","8","2025-03-12 12:11:00","0.6","1"
"manager","IT","2.0","2025-03-09 17:16:07","1","2025-03-08 10:16:07","4.6","1"
"employee","HR","6.0","2025-03-20 20:15:47","10","2025-03-19 04:15:47","3.7","0"
"employee","IT","7.6","2025-03-23 18:26:45","8","2025-03-22 00:26:45","1.4","0"
"manager","Finance","2.0","2025-03-19 15:24:30","6","2025-03-19 15:24:30","4.7","0"
"employee","HR","7.9","2025-03-26 11:08:47","10","2025-03-25 23:08:47","0.4","0"
"admin","Finance","5.6","2025-03-03 07:35:58","8","2025-03-01 16:35:58","4.4","1"
"manager","Operations","3.8","2025-03-25 19:52:10","4","2025-03-23 21:52:10","3.8","0"
"admin","HR","2.2","2025-03-22 14:03:04","9","2025-03-21 06:03:04","3.2","1"
"admin","Finance","0.7","2025-03-02 09:32:44","3","2025-03-01 02:32:44","0.3","1"
"manager","HR","7.0","2025-03-19 02:40:45","7","2025-03-18 15:40:45","0.3","0"
"admin","Operations","6.4","2025-03-18 12:33:58","7","2025-03-18 10:33:58","3.5","1"
"manager","HR","9.2","2025-03-20 04:51:26","6","2025-03-19 00:51:26","4.9","0"
"employee","HR","5.2","2025-03-16 02:58:20","8","2025-03-15 13:58:20","1.7","0"
"admin","Finance","1.1","2025-03-25 12:05:04","8","2025-03-24 09:05:04","4.8","1"
"admin","Operations","9.9","2025-03-05 05:22:25","5","2025-03-04 03:22:25","4.3","1"
"manager","Finance","6.7","2025-03-22 09:44:38","3","2025-03-21 04:44:38","4.7","0"
"manager","IT","5.3","2025-03-14 14:49:39","3","2025-03-13 06:49:39","2.6","1"
"admin","Operations","9.2","2025-03-20 14:43:08","5","2025-03-19 06:43:08","2.5","1"
"employee","IT","4.5","2025-03-28 17:54:00","8","2025-03-27 17:54:00","4.1","0"
"employee","IT","0.3","2025-03-04 03:24:26","8","2025-03-03 01:24:26","1.8","0"
"manager","Finance","3.5","2025-03-05 10:03:11","10","2025-03-04 23:03:11","3.0","0"
"admin","Finance","6.4","2025-03-09 02:26:09","2","2025-03-08 23:26:09","0.6","1"
"admin","IT","0.2","2025-03-14 11:44:21","10","2025-03-12 15:44:21","3.5","1"
"manager","Finance","9.0","2025-03-07 18:29:33","3","2025-03-07 10:29:33","4.9","0"
"admin","Operations","6.9","2025-03-30 17:14:52","2","2025-03-29 04:14:52","4.6","1"
"employee","Operations","4.4","2025-03-30 09:27:11","9","2025-03-28 16:27:11","3.6","0"
"admin","Operations","5.7","2025-03-26 21:27:06","10","2025-03-26 01:27:06","1.7","1"
"admin","HR","0.2","2025-03-13 13:16:20","10","2025-03-12 00:16:20","3.5","1"
"manager","Operations","3.2","2025-03-13 19:27:06","8","2025-03-13 01:27:06","4.3","0"
"admin","HR","4.2","2025-03-07 20:10:33","2","2025-03-06 11:10:33","3.3","1"
"employee","HR","1.8","2025-03-30 10:13:54","9","2025-03-28 22:13:54","3.7","0"
"admin","Operations","3.8","2025-03-22 07:29:34","3","2025-03-20 09:29:34","3.5","1"
"manager","HR","2.1","2025-03-07 00:31:14","3","2025-03-05 02:31:14","1.7","0"
"admin","Finance","6.2","2025-03-19 18:57:49","6","2025-03-19 09:57:49","3.9","1"
"employee","Finance","0.5","2025-03-21 06:51:08","10","2025-03-20 10:51:08","2.8","0"
"manager","HR","3.7","2025-03-30 01:53:11","1","2025-03-29 07:53:11","4.1","0"
"admin","IT","1.6","2025-03-09 02:56:27","9","2025-03-07 15:56:27","2.4","1"
"employee","Operations","2.4","2025-03-27 19:27:28","5","2025-03-27 11:27:28","0.1","0"
"manager","Operations","5.8","2025-03-27 09:36:48","1","2025-03-27 00:36:48","3.1","0"
"admin","Operations","4.3","2025-03-29 18:02:47","1","2025-03-27 21:02:47","0.9","1"
"manager","Finance","7.5","2025-03-20 09:17:54","2","2025-03-18 12:17:54","3.8","1"
"admin","Operations","7.5","2025-03-01 01:38:33","8","2025-02-27 19:38:33","1.8","1"
"manager","Operations","1.7","2025-03-14 16:05:00","3","2025-03-14 15:05:00","4.0","0"
"employee","Finance","4.0","2025-03-12 01:35:17","10","2025-03-11 14:35:17","0.5","0"
"admin","HR","5.1","2025-03-07 18:48:22","7","2025-03-06 18:48:22","3.4","1"
"manager","IT","5.9","2025-03-06 18:40:41","10","2025-03-06 18:40:41","4.6","0"
"admin","HR","2.4","2025-03-07 20:04:23","7","2025-03-07 08:04:23","2.7","1"
"admin","Finance","3.8","2025-03-02 04:37:37","5","2025-02-28 10:37:37","2.5","1"
"admin","Operations","6.8","2025-03-11 06:11:10","7","2025-03-11 00:11:10","0.6","1"
"employee","HR","9.0","2025-03-11 19:35:21","6","2025-03-11 14:35:21","4.8","0"
"manager","Finance","8.3","2025-03-22 01:39:35","1","2025-03-20 14:39:35","1.8","0"
"manager","IT","3.1","2025-03-26 22:19:23","6","2025-03-25 08:19:23","1.6","0"
"employee","Operations","4.2","2025-03-22 12:49:20","5","2025-03-21 22:49:20","4.1","0"
"employee","Finance","2.8","2025-03-12 06:46:11","1","2025-03-10 19:46:11","0.3","0"
"employee","HR","8.4","2025-03-14 02:20:55","8","2025-03-13 20:20:55","4.6","0"
"manager","Finance","2.3","2025-03-19 03:26:54","5","2025-03-17 05:26:54","5.0","0"
"manager","IT","1.8","2025-03-24 11:28:25","10","2025-03-23 14:28:25","2.1","0"
"employee","HR","5.3","2025-03-19 18:18:46","1","2025-03-19 13:18:46","4.4","0"
"admin","IT","4.4","2025-03-02 02:52:49","3","2025-03-01 20:52:49","2.7","1"
"manager","HR","3.6","2025-03-02 01:16:58","9","2025-03-01 21:16:58","1.8","0"
"manager","Finance","8.7","2025-03-10 07:32:14","5","2025-03-10 02:32:14","2.4","0"
"manager","Operations","4.8","2025-03-03 23:34:18","5","2025-03-02 08:34:18","2.5","0"
"employee","IT","0.7","2025-03-05 18:33:27","10","2025-03-04 20:33:27","3.2","0"
"admin","IT","7.4","2025-03-07 20:12:51","1","2025-03-06 14:12:51","4.8","1"
"employee","HR","0.5","2025-03-10 08:22:01","9","2025-03-09 20:22:01","0.5","0"
"admin","IT","8.6","2025-03-26 22:44:02","3","2025-03-24 23:44:02","4.7","1"
"manager","HR","9.8","2025-03-14 22:25:05","9","2025-03-14 01:25:05","4.6","0"
"employee","HR","6.6","2025-03-08 18:42:47","6","2025-03-08 01:42:47","0.6","0"
"admin","Operations","4.8","2025-03-17 17:53:50","3","2025-03-17 04:53:50","4.9","1"
"manager","HR","9.8","2025-03-12 20:37:35","6","2025-03-10 20:37:35","3.0","0"
"manager","Finance","4.2","2025-03-20 02:44:45","7","2025-03-18 08:44:45","2.1","0"
"admin","Finance","6.8","2025-03-20 01:00:19","10","2025-03-18 01:00:19","4.0","1"
"manager","Finance","1.0","2025-03-20 04:00:57","2","2025-03-19 04:00:57","4.8","0"
"admin","Operations","3.1","2025-03-12 15:39:18","6","2025-03-11 12:39:18","0.3","1"
"admin","Finance","1.8","2025-03-13 18:29:40","8","2025-03-13 00:29:40","3.3","1"
"employee","HR","8.6","2025-03-08 20:27:46","3","2025-03-07 22:27:46","2.6","0"
"employee","Finance","9.9","2025-03-25 00:45:05","1","2025-03-23 02:45:05","3.4","0"
"employee","IT","4.5","2025-03-28 12:39:47","6","2025-03-27 09:39:47","3.3","0"
"employee","Operations","0.2","2025-03-27 14:26:27","8","2025-03-27 09:26:27","3.0","0"
"manager","Operations","2.6","2025-03-11 00:06:27","3","2025-03-09 19:06:27","1.5","0"
"manager","IT","9.6","2025-03-01 16:50:24","8","2025-03-01 07:50:24","2.6","0"
"admin","Finance","8.8","2025-03-12 19:57:15","8","2025-03-12 18:57:15","0.9","1"
"manager","IT","1.4","2025-03-28 12:47:10","2","2025-03-27 06:47:10","0.5","1"
"manager","IT","5.5","2025-03-26 02:32:32","5","2025-03-24 10:32:32","3.8","0"
"admin","IT","1.4","2025-03-04 05:54:37","1","2025-03-03 12:54:37","1.4","1"
"admin","IT","5.2","2025-03-17 01:28:34","8","2025-03-16 10:28:34","1.3","1"
"employee","HR","1.9","2025-03-16 17:28:27","10","2025-03-15 16:28:27","4.3","0"
"manager","Finance","8.7","2025-03-13 11:25:08","6","2025-03-12 17:25:08","2.4","1"
"manager","IT","4.1","2025-03-15 04:04:42","9","2025-03-14 04:04:42","2.5","0"
"admin","Finance","5.5","2025-03-26 13:19:30","7","2025-03-25 02:19:30","0.4","1"
"admin","Operations","9.0","2025-03-26 11:02:47","5","2025-03-25 06:02:47","4.2","1"
"employee","Operations","1.7","2025-03-25 13:06:08","5","2025-03-23 23:06:08","2.7","0"
"manager","Operations","7.6","2025-03-12 14:57:51","6","2025-03-10 17:57:51","2.9","0"
"manager","HR","3.4","2025-03-16 05:30:25","3","2025-03-15 21:30:25","4.4","0"
"employee","Operations","9.6","2025-03-13 00:35:06","1","2025-03-12 23:35:06","3.2","0"
"employee","HR","6.8","2025-03-03 00:20:44","5","2025-03-01 01:20:44","4.5","0"
"admin","IT","6.8","2025-03-24 08:22:51","9","2025-03-24 03:22:51","1.3","1"
"admin","IT","0.2","2025-03-19 14:02:52","6","2025-03-18 01:02:52","3.5","1"
"employee","IT","7.3","2025-03-25 07:32:06","9","2025-03-24 04:32:06","2.1","0"
"admin","Operations","1.8","2025-03-05 09:58:25","5","2025-03-03 19:58:25","3.0","1"
"admin","IT","4.3","2025-03-27 21:22:40","10","2025-03-27 18:22:40","2.7","1"
"manager","HR","1.2","2025-03-01 05:46:55","1","2025-02-27 06:46:55","1.3","0"
"admin","IT","6.7","2025-03-24 21:44:37","3","2025-03-22 23:44:37","4.0","1"
"employee","Operations","1.7","2025-03-23 12:02:59","9","2025-03-22 04:02:59","3.5","0"
"manager","Operations","8.9","2025-03-16 18:44:21","3","2025-03-16 12:44:21","2.9","0"
"manager","HR","3.0","2025-03-03 02:44:40","1","2025-03-03 01:44:40","4.6","0"
"manager","HR","0.1","2025-03-06 06:36:17","2","2025-03-05 15:36:17","1.3","0"
"employee","HR","0.3","2025-03-03 05:27:56","2","2025-03-02 18:27:56","2.2","0"
"employee","Finance","2.9","2025-03-25 16:31:55","5","2025-03-25 05:31:55","3.9","0"
"admin","Finance","5.3","2025-03-18 15:09:34","4","2025-03-17 10:09:34","4.8","1"
"admin","IT","4.5","2025-03-30 20:59:18","2","2025-03-29 20:59:18","3.7","1"
"admin","Finance","0.4","2025-03-30 15:28:58","6","2025-03-28 15:28:58","3.8","1"
"employee","Finance","6.6","2025-03-03 09:35:00","6","2025-03-02 17:35:00","3.7","0"
"employee","IT","8.4","2025-03-18 06:02:00","8","2025-03-17 10:02:00","2.4","0"
"admin","HR","8.1","2025-03-18 08:42:02","1","2025-03-17 11:42:02","4.0","1"
"employee","HR","7.8","2025-03-11 16:07:24","8","2025-03-09 23:07:24","2.7","0"
"admin","IT","2.2","2025-03-28 19:57:41","5","2025-03-28 12:57:41","0.5","1"
"manager","HR","4.4","2025-03-24 17:55:53","3","2025-03-24 02:55:53","1.6","1"
"manager","Operations","6.7","2025-03-19 23:27:58","9","2025-03-19 06:27:58","1.3","0"
"manager","IT","5.5","2025-03-27 08:02:30","4","2025-03-26 22:02:30","0.3","1"
"admin","Finance","5.3","2025-03-13 02:31:09","9","2025-03-12 09:31:09","1.2","1"
"admin","IT","4.5","2025-03-22 15:09:39","4","2025-03-21 00:09:39","4.3","1"
"admin","IT","0.0","2025-03-05 06:23:46","8","2025-03-04 08:23:46","2.2","1"
"employee","Operations","1.3","2025-03-19 03:15:19","8","2025-03-18 11:15:19","1.0","0"
"employee","Operations","1.6","2025-03-16 11:52:48","6","2025-03-14 13:52:48","4.1","0"
"manager","Finance","6.3","2025-03-09 23:02:49","5","2025-03-08 11:02:49","3.5","0"
"admin","Operations","3.4","2025-03-20 10:08:53","8","2025-03-18 13:08:53","0.3","1"
"manager","Operations","5.7","2025-03-12 20:41:24","6","2025-03-11 07:41:24","2.8","0"
"employee","HR","5.2","2025-03-09 13:50:08","3","2025-03-09 03:50:08","4.1","1"
"manager","Finance","1.1","2025-03-09 21:46:42","1","2025-03-09 19:46:42","2.8","0"
"employee","Operations","8.6","2025-03-02 05:49:20","2","2025-03-01 11:49:20","0.6","0"
"manager","Operations","9.1","2025-03-09 16:49:31","2","2025-03-07 22:49:31","3.1","1"
"employee","HR","1.8","2025-03-07 09:10:53","1","2025-03-06 16:10:53","0.9","1"
"admin","HR","3.3","2025-03-17 00:32:08","10","2025-03-16 18:32:08","2.5","1"
"manager","HR","4.4","2025-03-16 23:22:30","3","2025-03-15 02:22:30","3.9","0"
"admin","IT","6.6","2025-03-15 23:41:56","6","2025-03-15 16:41:56","3.4","1"
"admin","IT","6.7","2025-03-21 03:59:22","4","2025-03-19 15:59:22","0.1","1"
"admin","Finance","8.2","2025-03-11 09:45:37","6","2025-03-11 03:45:37","0.1","1"
"manager","Operations","8.2","2025-03-29 09:43:52","3","2025-03-29 05:43:52","2.7","1"
"employee","HR","6.4","2025-03-02 02:22:36","4","2025-03-01 23:22:36","0.3","0"
"admin","IT","4.1","2025-03-06 09:50:48","6","2025-03-04 12:50:48","0.5","1"
"admin","IT","5.1","2025-03-29 23:14:29","3","2025-03-28 23:14:29","1.9","1"
"employee","IT","6.4","2025-03-20 04:48:13","10","2025-03-19 07:48:13","3.1","0"
"manager","HR","1.6","2025-03-29 16:35:57","9","2025-03-28 00:35:57","2.7","0"
"admin","Finance","9.7","2025-03-21 04:22:02","3","2025-03-20 08:22:02","1.1","1"
"employee","Operations","10.0","2025-03-25 00:55:41","5","2025-03-25 00:55:41","1.8","0"
"admin","Operations","9.7","2025-03-04 19:03:07","4","2025-03-03 12:03:07","2.5","1"
"admin","Finance","4.1","2025-03-25 11:14:47","10","2025-03-24 01:14:47","2.2","1"
"admin","Finance","7.1","2025-03-24 04:45:14","7","2025-03-24 00:45:14","2.4","1"
"manager","Finance","0.3","2025-03-22 13:38:07","7","2025-03-22 03:38:07","3.0","0"
"employee","HR","4.0","2025-03-23 12:52:19","7","2025-03-21 20:52:19","2.2","0"
"admin","Operations","7.5","2025-03-24 20:51:42","6","2025-03-24 17:51:42","3.9","1"
"admin","Operations","2.4","2025-03-26 09:57:32","4","2025-03-26 07:57:32","4.3","1"
"admin","Finance","2.4","2025-03-17 07:47:59","9","2025-03-16 21:47:59","0.3","1"
"manager","IT","6.7","2025-03-14 08:52:54","4","2025-03-13 08:52:54","0.6","1"
"manager","HR","7.3","2025-03-29 09:48:59","4","2025-03-28 02:48:59","3.9","0"
"manager","IT","9.9","2025-03-16 13:12:33","10","2025-03-15 04:12:33","0.9","0"
"admin","IT","7.3","2025-03-01 00:31:28","7","2025-02-27 11:31:28","3.4","1"
"manager","Finance","9.1","2025-03-06 14:11:43","2","2025-03-06 01:11:43","2.0","1"
"employee","Finance","8.3","2025-03-02 22:12:36","1","2025-02-28 22:12:36","3.6","0"
"employee","Finance","3.6","2025-03-18 17:25:02","1","2025-03-18 10:25:02","4.3","0"
"employee","Finance","0.9","2025-03-10 04:01:37","6","2025-03-09 05:01:37","2.4","0"
"employee","IT","9.1","2025-03-21 22:28:27","8","2025-03-21 07:28:27","1.0","0"
"admin","Operations","8.4","2025-03-28 14:58:30","2","2025-03-28 01:58:30","5.0","1"
"admin","IT","8.9","2025-03-12 20:10:31","10","2025-03-12 19:10:31","3.9","1"
"admin","Operations","9.0","2025-03-15 01:43:58","9","2025-03-14 21:43:58","2.8","1"
"admin","Operations","2.0","2025-03-10 04:17:49","3","2025-03-08 10:17:49","4.8","1"
"employee","HR","1.5","2025-03-22 14:22:40","4","2025-03-21 00:22:40","4.0","0"
"manager","IT","4.7","2025-03-03 18:20:26","7","2025-03-03 02:20:26","3.6","0"
"employee","IT","4.1","2025-03-13 02:36:43","4","2025-03-11 08:36:43","1.3","0"
"manager","HR","9.8","2025-03-26 15:02:31","7","2025-03-25 09:02:31","4.3","0"
"admin","IT","9.1","2025-03-07 19:14:09","1","2025-03-07 11:14:09","1.0","1"
"manager","IT","0.4","2025-03-26 15:15:12","2","2025-03-26 07:15:12","2.3","0"
"admin","HR","6.9","2025-03-28 12:04:15","5","2025-03-27 14:04:15","4.3","1"
"manager","HR","3.4","2025-03-25 13:26:34","5","2025-03-25 04:26:34","0.4","1"
"manager","Finance","9.8","2025-03-06 23:40:33","1","2025-03-06 10:40:33","1.2","0"
"manager","Finance","2.9","2025-03-20 17:32:15","5","2025-03-18 19:32:15","4.9","0"
"employee","HR","8.5","2025-03-11 22:03:46","8","2025-03-10 15:03:46","2.9","0"
"employee","IT","0.2","2025-03-02 19:54:02","3","2025-03-02 18:54:02","4.4","1"
"manager","HR","8.6","2025-03-30 18:42:53","3","2025-03-29 18:42:53","1.1","0"
"admin","IT","9.3","2025-03-02 04:52:25","2","2025-03-02 02:52:25","4.3","1"
"admin","HR","6.4","2025-03-09 12:38:18","6","2025-03-07 23:38:18","0.8","1"
"manager","Operations","8.9","2025-03-07 09:49:00","10","2025-03-05 14:49:00","1.5","0"
"manager","HR","7.5","2025-03-04 21:36:07","9","2025-03-03 16:36:07","2.3","0"
"admin","Operations","4.5","2025-03-14 13:41:22","9","2025-03-13 13:41:22","4.5","1"
"admin","IT","7.6","2025-03-25 02:20:42","3","2025-03-23 22:20:42","3.7","1"
"employee","Finance","2.4","2025-03-13 08:42:18","7","2025-03-12 07:42:18","1.9","0"
"employee","IT","6.6","2025-03-12 12:25:11","10","2025-03-11 06:25:11","5.0","0"
"manager","IT","3.7","2025-03-09 01:11:14","2","2025-03-07 19:11:14","1.8","0"
"admin","Finance","2.9","2025-03-21 14:28:21","3","2025-03-20 05:28:21","4.6","1"
"admin","Operations","4.8","2025-03-28 11:04:46","4","2025-03-27 20:04:46","0.4","1"
"employee","Operations","0.7","2025-03-30 04:56:13","6","2025-03-29 01:56:13","1.4","0"
"employee","IT","4.3","2025-03-26 09:09:17","9","2025-03-24 11:09:17","4.4","0"
"manager","Operations","9.6","2025-03-12 15:45:03","5","2025-03-10 16:45:03","1.0","0"
"manager","Finance","1.6","2025-03-15 08:49:28","10","2025-03-13 17:49:28","3.7","0"
"manager","Operations","9.2","2025-03-12 02:11:55","3","2025-03-11 10:11:55","4.5","0"
"admin","Operations","9.1","2025-03-11 21:51:57","8","2025-03-11 08:51:57","1.5","1"
"admin","Operations","9.0","2025-03-26 02:52:59","3","2025-03-24 22:52:59","4.5","1"
"employee","Operations","5.2","2025-03-25 17:28:59","2","2025-03-24 18:28:59","0.5","1"
"manager","IT","2.2","2025-03-15 07:09:50","4","2025-03-14 21:09:50","2.3","0"
"admin","HR","1.4","2025-03-14 04:38:41","3","2025-03-13 03:38:41","3.8","1"
"employee","IT","7.6","2025-03-20 00:06:39","10","2025-03-19 08:06:39","2.9","0"
"employee","Finance","6.2","2025-03-26 17:22:33","2","2025-03-25 00:22:33","4.9","0"
"admin","Finance","5.9","2025-03-23 06:29:02","9","2025-03-21 17:29:02","1.4","1"
"employee","HR","9.4","2025-03-07 00:05:21","8","2025-03-06 13:05:21","0.6","0"
"manager","Operations","0.5","2025-03-25 07:42:51","9","2025-03-24 02:42:51","4.6","0"
"manager","IT","5.9","2025-03-21 12:20:36","9","2025-03-20 06:20:36","3.4","0"
"employee","Finance","5.3","2025-03-27 10:51:10","2","2025-03-26 12:51:10","4.6","0"
"manager","HR","3.1","2025-03-06 02:55:13","2","2025-03-05 21:55:13","2.8","0"
"employee","Finance","4.3","2025-03-05 04:31:20","7","2025-03-03 23:31:20","3.4","0"
"admin","HR","2.2","2025-03-07 02:48:57","9","2025-03-06 01:48:57","4.6","1"
"employee","Finance","9.4","2025-03-18 02:30:43","2","2025-03-16 16:30:43","3.7","0"
"manager","IT","3.7","2025-03-25 21:32:00","8","2025-03-23 21:32:00","4.4","0"
"manager","Operations","4.6","2025-03-18 01:13:42","4","2025-03-17 09:13:42","4.0","0"
"admin","HR","10.0","2025-03-06 02:51:21","10","2025-03-05 02:51:21","4.6","1"
"employee","IT","2.3","2025-03-12 22:41:28","3","2025-03-12 04:41:28","0.7","1"
"manager","Operations","8.0","2025-03-03 03:35:35","7","2025-03-03 03:35:35","0.5","0"
"admin","IT","6.8","2025-03-25 20:01:41","9","2025-03-23 23:01:41","4.7","1"
"employee","Finance","6.4","2025-03-12 03:58:27","1","2025-03-10 19:58:27","2.7","0"
"admin","Finance","2.4","2025-03-27 03:50:34","5","2025-03-25 03:50:34","4.2","1"
"admin","Operations","3.5","2025-03-15 17:19:12","4","2025-03-15 10:19:12","0.4","1"
"manager","Finance","8.0","2025-03-29 12:22:14","9","2025-03-27 15:22:14","0.4","0"
"manager","HR","4.0","2025-03-19 03:05:39","5","2025-03-18 08:05:39","1.3","0"
"manager","HR","1.2","2025-03-07 03:56:08","9","2025-03-05 20:56:08","1.9","0"
"manager","IT","0.3","2025-03-30 05:30:00","3","2025-03-30 01:30:00","3.6","0"
"employee","IT","2.9","2025-03-01 12:54:11","3","2025-02-28 07:54:11","3.4","0"
"employee","HR","4.4","2025-03-01 23:28:42","4","2025-02-28 06:28:42","3.6","0"
"admin","Finance","9.2","2025-03-16 02:09:38","1","2025-03-14 05:09:38","4.1","1"
"manager","Finance","1.7","2025-03-16 21:06:14","5","2025-03-15 05:06:14","4.4","0"
"manager","IT","6.7","2025-03-01 12:17:20","3","2025-02-28 14:17:20","1.9","1"
"admin","Finance","5.6","2025-03-03 15:20:11","4","2025-03-02 00:20:11","3.9","1"
"employee","HR","6.2","2025-03-07 15:20:56","7","2025-03-07 03:20:56","0.4","0"
"admin","IT","6.1","2025-03-30 08:27:10","6","2025-03-29 01:27:10","3.9","1"
"manager","HR","1.9","2025-03-06 21:42:00","4","2025-03-05 11:42:00","0.2","0"
"manager","HR","9.6","2025-03-03 05:01:12","8","2025-03-01 15:01:12","1.5","0"
"employee","Finance","3.1","2025-03-28 13:06:00","6","2025-03-28 03:06:00","2.5","0"
"employee","IT","8.3","2025-03-28 01:40:43","9","2025-03-27 03:40:43","2.8","0"
"manager","Finance","9.8","2025-03-30 05:26:54","8","2025-03-28 05:26:54","3.0","0"
"employee","IT","3.6","2025-03-20 02:07:20","1","2025-03-18 16:07:20","1.7","0"
"manager","HR","4.2","2025-03-19 16:28:17","1","2025-03-19 06:28:17","4.2","0"
"manager","IT","1.0","2025-03-23 20:45:17","3","2025-03-21 22:45:17","2.9","0"
"employee","IT","1.0","2025-03-08 18:35:29","1","2025-03-07 20:35:29","4.6","0"
"employee","Operations","5.6","2025-03-13 11:07:27","9","2025-03-11 17:07:27","4.1","0"
"admin","HR","10.0","2025-03-01 00:04:49","2","2025-02-28 03:04:49","4.7","1"
"employee","IT","7.7","2025-03-14 12:47:07","9","2025-03-12 23:47:07","0.8","0"
"manager","Operations","7.3","2025-03-17 03:09:54","5","2025-03-16 14:09:54","0.4","0"
"employee","IT","0.6","2025-03-23 10:57:02","6","2025-03-22 17:57:02","1.7","0"
"manager","HR","2.0","2025-03-18 03:57:02","2","2025-03-17 05:57:02","1.7","0"
"admin","HR","7.5","2025-03-15 15:09:12","3","2025-03-14 16:09:12","4.8","1"
"manager","IT","2.0","2025-03-06 08:30:29","5","2025-03-05 14:30:29","4.9","0"
"employee","Operations","9.4","2025-03-24 21:40:07","5","2025-03-23 13:40:07","3.1","0"
"employee","HR","8.7","2025-03-16 15:02:55","7","2025-03-16 06:02:55","3.0","0"
"employee","IT","1.4","2025-03-05 20:17:16","3","2025-03-05 05:17:16","3.6","0"
"admin","IT","9.9","2025-03-28 18:46:08","9","2025-03-27 21:46:08","0.6","1"
"admin","Finance","5.3","2025-03-01 16:08:23","1","2025-03-01 08:08:23","1.7","1"
"admin","Operations","6.2","2025-03-07 06:56:06","4","2025-03-07 02:56:06","3.4","1"
"manager","HR","3.9","2025-03-18 09:17:05","7","2025-03-17 17:17:05","4.2","0"
"employee","Operations","8.4","2025-03-12 14:20:36","7","2025-03-11 22:20:36","3.6","0"
"manager","HR","5.7","2025-03-02 13:42:18","7","2025-02-28 23:42:18","0.3","0"
"employee","Operations","8.5","2025-03-09 02:10:57","2","2025-03-07 04:10:57","0.8","0"
"manager","IT","1.0","2025-03-07 12:05:39","6","2025-03-05 12:05:39","1.3","0"
"manager","HR","7.6","2025-03-08 02:34:11","5","2025-03-06 03:34:11","1.5","0"
"manager","IT","4.4","2025-03-09 02:17:46","1","2025-03-08 17:17:46","2.1","0"
"manager","HR","5.7","2025-03-14 14:28:33","5","2025-03-13 08:28:33","3.7","0"
"admin","IT","4.7","2025-03-23 11:00:34","3","2025-03-22 09:00:34","1.5","1"
"employee","IT","0.5","2025-03-15 02:37:02","10","2025-03-13 07:37:02","0.2","0"
"admin","HR","8.4","2025-03-27 19:08:25","1","2025-03-25 23:08:25","1.7","1"
"employee","HR","9.6","2025-03-04 23:24:16","8","2025-03-04 08:24:16","4.9","0"
"admin","IT","5.6","2025-03-04 03:49:21","9","2025-03-03 19:49:21","3.4","1"
"manager","Operations","0.6","2025-03-09 07:02:08","6","2025-03-09 03:02:08","1.1","0"
"admin","HR","0.8","2025-03-12 07:06:41","1","2025-03-11 00:06:41","4.1","1"
"employee","HR","6.6","2025-03-14 08:17:48","2","2025-03-12 17:17:48","4.0","0"
"employee","IT","3.8","2025-03-25 15:48:26","1","2025-03-24 15:48:26","3.5","0"
"employee","Operations","4.3","2025-03-25 01:23:05","3","2025-03-23 21:23:05","0.4","0"
"admin","Operations","4.5","2025-03-05 19:06:16","1","2025-03-04 07:06:16","3.9","1"
"admin","HR","9.8","2025-03-29 09:33:34","9","2025-03-28 05:33:34","1.2","1"
"manager","HR","5.5","2025-03-19 15:30:09","9","2025-03-19 06:30:09","1.4","0"
"admin","HR","2.0","2025-03-25 02:38:18","5","2025-03-24 15:38:18","3.3","1"
"employee","IT","1.9","2025-03-17 17:45:57","4","2025-03-16 10:45:57","2.5","0"
"admin","Operations","8.1","2025-03-03 15:23:11","8","2025-03-03 06:23:11","0.5","1"
"admin","Finance","4.7","2025-03-25 21:25:04","10","2025-03-24 04:25:04","1.5","1"
"employee","IT","1.4","2025-03-26 21:00:29","10","2025-03-26 10:00:29","4.0","0"
"manager","HR","1.1","2025-03-16 05:04:16","5","2025-03-15 12:04:16","3.3","0"
"manager","Operations","2.9","2025-03-16 14:47:37","5","2025-03-14 17:47:37","5.0","0"
"admin","Operations","8.7","2025-03-12 21:10:58","4","2025-03-11 18:10:58","4.8","1"
"admin","IT","4.2","2025-03-02 23:36:32","4","2025-03-01 09:36:32","2.5","1"
"employee","Finance","3.9","2025-03-23 03:05:03","5","2025-03-21 06:05:03","4.5","0"
"admin","Operations","5.4","2025-03-28 17:41:20","2","2025-03-28 17:41:20","2.3","1"
"admin","IT","3.6","2025-03-23 22:36:07","9","2025-03-22 17:36:07","1.8","1"
"employee","Finance","4.1","2025-03-09 03:06:36","2","2025-03-08 01:06:36","0.2","0"
"admin","HR","0.8","2025-03-15 11:43:00","1","2025-03-14 09:43:00","1.2","1"
"manager","Operations","7.2","2025-03-25 11:14:02","2","2025-03-24 12:14:02","4.0","1"
"employee","HR","7.4","2025-03-11 06:54:13","2","2025-03-09 21:54:13","3.6","0"
"employee","IT","9.2","2025-03-29 22:15:29","2","2025-03-29 20:15:29","3.0","1"
"employee","HR","3.5","2025-03-20 15:57:41","6","2025-03-18 20:57:41","1.0","0"
"employee","IT","1.8","2025-03-09 13:15:18","8","2025-03-08 18:15:18","4.3","0"
"manager","HR","6.0","2025-03-12 14:12:26","4","2025-03-11 16:12:26","4.0","1"
"employee","HR","3.2","2025-03-26 13:36:56","6","2025-03-24 22:36:56","1.0","0"
"admin","HR","8.2","2025-03-19 01:46:38","2","2025-03-17 15:46:38","2.7","1"
"employee","IT","2.6","2025-03-24 23:57:22","8","2025-03-24 05:57:22","4.2","0"
"manager","HR","8.7","2025-03-26 07:26:44","9","2025-03-26 07:26:44","1.7","0"
"manager","IT","4.6","2025-03-23 16:25:58","8","2025-03-23 09:25:58","0.8","0"
"manager","HR","0.5","2025-03-02 16:48:55","7","2025-03-02 01:48:55","1.5","0"
"manager","Finance","5.6","2025-03-18 22:40:50","2","2025-03-17 19:40:50","3.0","0"
"employee","Operations","1.0","2025-03-23 11:24:44","1","2025-03-22 14:24:44","2.3","1"
"manager","IT","6.3","2025-03-07 01:47:00","1","2025-03-05 15:47:00","0.9","1"
"manager","Finance","0.8","2025-03-14 10:33:51","6","2025-03-13 09:33:51","4.5","0"
"employee","Operations","6.4","2025-03-18 14:12:51","6","2025-03-18 11:12:51","2.8","0"
"manager","HR","2.9","2025-03-12 05:43:47","5","2025-03-10 08:43:47","4.6","0"
"manager","Operations","4.4","2025-03-28 11:19:05","5","2025-03-28 05:19:05","3.6","0"
"employee","IT","6.5","2025-03-02 04:04:17","2","2025-03-02 00:04:17","0.9","1"
"admin","Finance","7.6","2025-03-04 02:10:47","4","2025-03-03 22:10:47","2.4","1"
"employee","HR","8.2","2025-03-19 00:40:43","1","2025-03-18 20:40:43","1.2","0"
"manager","HR","0.5","2025-03-06 04:33:31","7","2025-03-05 19:33:31","1.3","0"
"employee","Operations","3.7","2025-03-03 07:24:22","4","2025-03-02 06:24:22","4.3","0"
"manager","IT","10.0","2025-03-18 14:10:37","5","2025-03-17 13:10:37","1.0","0"
"employee","IT","5.4","2025-03-18 14:36:59","2","2025-03-17 15:36:59","1.5","1"
"admin","HR","9.0","2025-03-08 14:55:13","2","2025-03-07 05:55:13","4.7","1"
"manager","IT","3.5","2025-03-17 19:09:34","1","2025-03-17 07:09:34","4.3","1"
"admin","HR","7.1","2025-03-21 19:03:57","3","2025-03-20 02:03:57","3.9","1"
"admin","IT","9.4","2025-03-06 10:26:04","2","2025-03-04 16:26:04","1.3","1"
"employee","HR","1.1","2025-03-07 15:50:01","7","2025-03-06 12:50:01","2.9","0"
"employee","HR","2.4","2025-03-21 10:48:42","2","2025-03-20 02:48:42","4.7","1"
"employee","HR","9.9","2025-03-28 04:24:59","8","2025-03-26 16:24:59","1.7","0"
"admin","HR","5.0","2025-03-30 04:13:31","3","2025-03-29 04:13:31","2.8","1"
"manager","HR","2.7","2025-03-27 19:47:41","1","2025-03-27 04:47:41","1.0","0"
"admin","Operations","0.9","2025-03-17 06:17:19","3","2025-03-17 06:17:19","4.0","1"
"employee","Operations","0.8","2025-03-08 14:44:12","6","2025-03-06 17:44:12","0.6","0"
"manager","Operations","3.6","2025-03-07 02:56:40","5","2025-03-06 18:56:40","3.6","0"
"admin","Finance","6.4","2025-03-01 04:26:28","10","2025-02-28 19:26:28","4.5","1"
"admin","HR","3.4","2025-03-17 07:54:09","8","2025-03-16 01:54:09","0.9","1"
"manager","HR","3.5","2025-03-02 10:50:48","6","2025-03-01 07:50:48","2.3","0"
"employee","IT","4.0","2025-03-24 02:40:52","1","2025-03-23 12:40:52","2.9","0"
"manager","Operations","8.3","2025-03-14 01:24:16","8","2025-03-13 13:24:16","1.9","0"
"employee","Operations","0.1","2025-03-26 05:13:50","3","2025-03-25 07:13:50","0.3","0"
"admin","IT","6.9","2025-03-10 11:09:52","6","2025-03-09 21:09:52","2.6","1"
"employee","HR","5.2","2025-03-02 14:05:36","3","2025-02-28 19:05:36","3.0","1"
"manager","HR","4.4","2025-03-13 09:57:44","4","2025-03-13 03:57:44","3.0","1"
"admin","HR","0.1","2025-03-12 01:34:48","10","2025-03-10 23:34:48","0.8","1"
"manager","IT","4.0","2025-03-06 21:04:47","2","2025-03-06 12:04:47","0.4","0"
"admin","HR","0.3","2025-03-11 20:04:54","8","2025-03-10 21:04:54","4.0","1"
"admin","HR","4.7","2025-03-13 10:30:51","3","2025-03-12 07:30:51","4.4","1"
"employee","Finance","3.5","2025-03-12 01:08:01","9","2025-03-11 11:08:01","3.3","0"
"manager","Finance","2.2","2025-03-15 15:47:10","1","2025-03-14 08:47:10","4.2","1"
"admin","Operations","0.4","2025-03-01 03:47:41","4","2025-02-27 13:47:41","2.5","1"
"employee","HR","6.0","2025-03-01 15:24:29","1","2025-02-28 05:24:29","2.2","0"
"employee","Operations","5.0","2025-03-29 00:07:41","3","2025-03-27 23:07:41","4.0","0"
"admin","IT","0.4","2025-03-26 06:24:44","7","2025-03-25 12:24:44","4.4","1"
"admin","HR","5.1","2025-03-09 22:26:44","10","2025-03-09 14:26:44","0.3","1"
"manager","Operations","2.0","2025-03-01 04:21:38","1","2025-02-27 08:21:38","1.3","0"
"employee","HR","0.1","2025-03-29 18:51:59","9","2025-03-28 02:51:59","4.4","0"
"admin","IT","0.3","2025-03-08 22:52:02","10","2025-03-07 01:52:02","2.6","1"
"admin","HR","9.3","2025-03-06 17:58:28","2","2025-03-05 09:58:28","2.9","1"
"employee","IT","5.3","2025-03-23 20:04:07","3","2025-03-22 16:04:07","4.4","1"
"employee","HR","5.9","2025-03-09 10:25:54","9","2025-03-09 06:25:54","1.6","0"
"manager","IT","4.7","2025-03-17 12:57:43","7","2025-03-17 12:57:43","3.4","0"
"manager","IT","0.5","2025-03-29 03:37:21","9","2025-03-28 17:37:21","0.9","0"
"manager","IT","9.9","2025-03-16 09:19:57","7","2025-03-15 13:19:57","2.2","0"
"manager","Finance","5.1","2025-03-09 15:56:26","7","2025-03-07 19:56:26","3.6","0"
"admin","HR","9.2","2025-03-11 08:51:59","1","2025-03-09 16:51:59","0.8","1"
"employee","Operations","5.6","2025-03-14 05:41:02","1","2025-03-13 17:41:02","1.7","0"
"manager","Operations","1.6","2025-03-05 16:20:35","5","2025-03-04 12:20:35","1.6","0"
"manager","IT","9.0","2025-03-12 15:09:23","8","2025-03-11 03:09:23","2.6","0"
"admin","Finance","9.0","2025-03-13 04:22:21","5","2025-03-11 20:22:21","1.9","1"
"admin","Operations","2.6","2025-03-24 22:32:09","6","2025-03-23 12:32:09","2.6","1"
"manager","Operations","1.5","2025-03-29 11:29:52","9","2025-03-28 17:29:52","3.3","0"
"employee","Operations","0.9","2025-03-08 21:38:12","6","2025-03-07 16:38:12","3.7","0"
"employee","Finance","0.3","2025-03-06 07:50:58","6","2025-03-05 22:50:58","2.9","0"
"admin","Finance","6.0","2025-03-11 23:50:57","7","2025-03-11 08:50:57","1.3","1"
"manager","Operations","7.0","2025-03-29 20:26:45","8","2025-03-28 10:26:45","4.8","0"
"admin","Operations","2.6","2025-03-08 15:24:15","2","2025-03-06 17:24:15","2.2","1"
"manager","IT","9.9","2025-03-15 20:08:14","7","2025-03-14 22:08:14","4.0","0"
"employee","HR","1.9","2025-03-10 17:23:20","5","2025-03-08 23:23:20","1.6","0"
"manager","Operations","8.2","2025-03-14 02:16:26","8","2025-03-13 18:16:26","3.3","0"
"manager","Finance","6.1","2025-03-15 18:10:03","8","2025-03-15 06:10:03","0.8","0"
"manager","HR","4.4","2025-03-03 09:54:56","6","2025-03-02 02:54:56","3.8","0"
"employee","Operations","3.3","2025-03-09 19:00:05","9","2025-03-09 16:00:05","0.6","0"
"manager","IT","1.9","2025-03-24 07:05:06","2","2025-03-23 05:05:06","4.6","0"
"employee","Operations","8.6","2025-03-26 15:12:08","1","2025-03-25 17:12:08","1.6","1"
"admin","IT","1.4","2025-03-21 07:09:00","9","2025-03-20 16:09:00","2.4","1"
"employee","Operations","6.3","2025-03-01 12:22:40","8","2025-02-27 13:22:40","3.9","0"
"manager","HR","8.3","2025-03-17 14:57:44","8","2025-03-16 22:57:44","3.9","0"
"manager","HR","6.1","2025-03-14 07:33:31","8","2025-03-14 02:33:31","2.3","0"
"employee","HR","4.0","2025-03-03 12:41:42","7","2025-03-02 02:41:42","3.2","0"
"manager","Finance","7.1","2025-03-02 12:28:03","5","2025-02-28 21:28:03","4.2","0"
"manager","Finance","9.8","2025-03-08 14:44:25","2","2025-03-07 09:44:25","2.0","1"
"manager","Operations","5.0","2025-03-06 09:35:46","5","2025-03-06 08:35:46","0.5","0"
"employee","Finance","7.8","2025-03-09 01:07:49","8","2025-03-07 03:07:49","3.0","0"
"employee","HR","5.0","2025-03-05 06:26:51","8","2025-03-04 17:26:51","1.4","0"
"manager","IT","3.4","2025-03-27 21:10:26","6","2025-03-27 04:10:26","4.7","0"
"manager","Finance","4.7","2025-03-22 13:39:19","6","2025-03-20 18:39:19","4.1","0"
"admin","Operations","7.1","2025-03-18 12:44:36","1","2025-03-16 23:44:36","0.2","1"
"admin","HR","3.4","2025-03-21 00:39:20","7","2025-03-20 03:39:20","3.7","1"
"admin","Operations","0.6","2025-03-16 11:20:35","6","2025-03-15 20:20:35","2.4","1"
"employee","Operations","7.1","2025-03-14 07:25:42","3","2025-03-13 05:25:42","1.9","0"
"admin","Finance","0.1","2025-03-14 18:39:32","3","2025-03-12 20:39:32","4.5","1"
"manager","HR","6.9","2025-03-15 20:32:35","2","2025-03-14 13:32:35","3.8","0"
"admin","HR","4.6","2025-03-28 22:24:19","2","2025-03-28 07:24:19","5.0","1"
"manager","Operations","7.6","2025-03-13 11:13:33","2","2025-03-12 03:13:33","2.0","1"
"employee","Finance","1.4","2025-03-01 15:08:20","1","2025-03-01 04:08:20","1.3","1"
"employee","Finance","6.4","2025-03-15 09:57:02","6","2025-03-14 13:57:02","1.0","0"
"admin","IT","2.9","2025-03-20 05:08:34","9","2025-03-19 19:08:34","1.0","1"
"employee","IT","7.2","2025-03-09 07:15:02","8","2025-03-08 04:15:02","1.6","0"
"admin","HR","9.5","2025-03-16 02:16:36","2","2025-03-14 06:16:36","3.7","1"
"employee","HR","1.5","2025-03-29 03:37:32","2","2025-03-27 20:37:32","2.1","0"
"admin","Finance","5.6","2025-03-29 12:44:03","3","2025-03-29 08:44:03","3.7","1"
"manager","Operations","7.0","2025-03-04 02:07:54","5","2025-03-03 19:07:54","4.4","0"
"admin","Operations","9.3","2025-03-09 20:59:31","8","2025-03-09 11:59:31","1.4","1"
"manager","HR","6.2","2025-03-25 10:46:53","9","2025-03-24 02:46:53","0.7","0"
"employee","IT","4.6","2025-03-24 18:36:10","2","2025-03-24 02:36:10","1.5","1"
"admin","Finance","0.1","2025-03-17 14:18:42","4","2025-03-17 12:18:42","2.8","1"
"manager","Finance","2.3","2025-03-21 10:35:45","3","2025-03-20 16:35:45","1.8","1"
"admin","HR","9.3","2025-03-08 12:30:06","5","2025-03-06 16:30:06","1.2","1"
"admin","IT","0.7","2025-03-25 19:42:34","8","2025-03-25 02:42:34","0.7","1"
"admin","Finance","6.9","2025-03-15 10:07:01","9","2025-03-14 11:07:01","3.6","1"
"admin","IT","1.4","2025-03-13 14:16:50","9","2025-03-13 05:16:50","4.4","1"
"admin","Finance","9.6","2025-03-06 02:49:00","10","2025-03-05 19:49:00","3.8","1"
"employee","Operations","1.1","2025-03-02 07:35:46","5","2025-03-01 08:35:46","1.6","0"
"manager","IT","9.8","2025-03-14 00:49:40","6","2025-03-13 20:49:40","1.5","0"
"manager","Finance","5.3","2025-03-21 04:17:53","1","2025-03-20 04:17:53","4.0","0"
"admin","IT","1.4","2025-03-01 04:36:55","5","2025-02-28 15:36:55","1.7","1"
"employee","Finance","9.1","2025-03-28 18:51:30","7","2025-03-28 14:51:30","0.5","0"
"manager","Finance","3.2","2025-03-14 22:56:17","9","2025-03-13 02:56:17","1.9","0"
"manager","HR","9.3","2025-03-23 00:47:23","10","2025-03-21 05:47:23","3.6","0"
"employee","Finance","6.5","2025-03-25 22:37:00","3","2025-03-25 22:37:00","3.2","0"
"employee","Finance","6.5","2025-03-01 05:23:25","7","2025-02-28 10:23:25","0.4","0"
"admin","IT","2.9","2025-03-17 08:34:25","2","2025-03-16 00:34:25","3.5","1"
"admin","Finance","3.1","2025-03-15 20:25:23","3","2025-03-15 16:25:23","3.0","1"
"admin","Finance","9.7","2025-03-20 21:23:27","7","2025-03-20 10:23:27","0.8","1"
"employee","IT","3.6","2025-03-20 07:04:27","10","2025-03-19 17:04:27","5.0","0"
"admin","Finance","1.5","2025-03-24 18:29:00","5","2025-03-23 19:29:00","4.9","1"
"admin","HR","1.2","2025-03-25 12:47:10","2","2025-03-24 14:47:10","4.9","1"
"admin","Finance","6.9","2025-03-16 20:06:54","8","2025-03-16 08:06:54","0.6","1"
"manager","Operations","0.2","2025-03-24 03:47:22","10","2025-03-22 20:47:22","4.1","0"
"employee","HR","3.9","2025-03-05 10:34:21","9","2025-03-04 10:34:21","0.2","0"
"manager","HR","8.8","2025-03-29 04:03:03","10","2025-03-28 23:03:03","4.2","0"
"manager","Operations","5.6","2025-03-11 06:45:53","4","2025-03-09 09:45:53","3.7","0"
"admin","IT","1.7","2025-03-28 02:03:55","8","2025-03-26 16:03:55","3.2","1"
"employee","HR","5.7","2025-03-03 18:23:39","3","2025-03-02 03:23:39","3.1","0"
"employee","IT","4.0","2025-03-01 03:08:00","8","2025-02-28 05:08:00","2.5","0"
"manager","Operations","7.5","2025-03-08 07:57:17","10","2025-03-06 14:57:17","3.7","0"
"admin","HR","1.9","2025-03-21 00:52:39","7","2025-03-20 10:52:39","1.7","1"
"manager","Operations","1.0","2025-03-07 14:04:38","1","2025-03-07 04:04:38","4.6","0"
"manager","Operations","0.5","2025-03-23 23:55:31","9","2025-03-23 02:55:31","4.1","0"
"admin","HR","3.3","2025-03-15 07:13:36","5","2025-03-13 11:13:36","2.3","1"
"employee","Finance","9.6","2025-03-14 06:07:52","5","2025-03-13 09:07:52","0.1","0"
"manager","Finance","6.8","2025-03-07 11:12:37","8","2025-03-06 03:12:37","3.6","0"
"manager","HR","6.4","2025-03-25 01:06:18","1","2025-03-24 20:06:18","2.7","0"
"admin","HR","9.1","2025-03-15 00:02:04","8","2025-03-14 05:02:04","4.9","1"
"manager","Operations","8.9","2025-03-28 00:21:51","2","2025-03-27 19:21:51","1.0","0"
"employee","HR","1.0","2025-03-02 10:02:29","9","2025-03-01 12:02:29","2.9","0"
"manager","IT","2.9","2025-03-15 20:47:40","4","2025-03-14 13:47:40","3.6","0"
"admin","IT","1.5","2025-03-01 11:13:27","7","2025-02-27 23:13:27","3.6","1"
"employee","Operations","4.6","2025-03-23 02:41:07","1","2025-03-22 17:41:07","4.0","0"
"admin","Operations","2.2","2025-03-12 17:37:19","7","2025-03-10 20:37:19","3.8","1"
"manager","Operations","4.2","2025-03-20 18:10:41","7","2025-03-20 02:10:41","0.6","0"
"employee","Operations","5.1","2025-03-30 04:51:07","10","2025-03-28 11:51:07","4.0","0"
"manager","Operations","6.5","2025-03-10 02:06:37","5","2025-03-09 22:06:37","4.8","0"
"admin","Finance","1.4","2025-03-12 00:17:26","2","2025-03-10 07:17:26","4.3","1"
"manager","IT","1.9","2025-03-14 22:35:58","9","2025-03-14 13:35:58","1.0","0"
"manager","Operations","8.9","2025-03-30 13:12:38","5","2025-03-29 23:12:38","4.2","0"
"manager","HR","9.7","2025-03-12 08:04:55","4","2025-03-11 05:04:55","0.4","0"
"admin","IT","7.3","2025-03-22 02:53:32","7","2025-03-21 03:53:32","0.2","1"
"manager","HR","3.4","2025-03-16 05:28:55","10","2025-03-15 12:28:55","4.4","0"
"manager","IT","7.6","2025-03-15 06:45:24","5","2025-03-13 21:45:24","2.6","0"
"employee","Finance","7.7","2025-03-13 21:36:58","4","2025-03-13 05:36:58","4.1","0"
"admin","Finance","9.0","2025-03-17 15:19:47","4","2025-03-17 11:19:47","2.5","1"
"manager","Operations","9.6","2025-03-04 12:10:42","4","2025-03-03 07:10:42","0.5","0"
"employee","IT","4.3","2025-03-11 07:30:48","5","2025-03-10 09:30:48","1.0","0"
"manager","Finance","8.5","2025-03-26 04:29:53","1","2025-03-24 05:29:53","4.2","0"
"employee","Operations","5.2","2025-03-15 00:29:54","7","2025-03-14 21:29:54","2.3","0"
"admin","HR","9.5","2025-03-28 03:00:31","5","2025-03-27 01:00:31","4.2","1"
"admin","Finance","6.0","2025-03-01 23:50:54","6","2025-02-28 11:50:54","0.5","1"
"employee","IT","9.5","2025-03-10 10:33:08","8","2025-03-09 04:33:08","0.7","0"
"employee","Operations","6.1","2025-03-19 19:20:19","1","2025-03-17 23:20:19","3.1","0"
"employee","Operations","6.1","2025-03-24 13:10:07","8","2025-03-24 11:10:07","4.1","0"
"employee","HR","2.9","2025-03-19 09:57:01","7","2025-03-19 08:57:01","0.6","0"
"admin","Finance","9.9","2025-03-08 12:16:16","9","2025-03-07 06:16:16","1.3","1"
"manager","Operations","5.7","2025-03-23 10:07:38","3","2025-03-22 07:07:38","2.2","0"
"admin","IT","2.8","2025-03-18 07:56:11","7","2025-03-16 16:56:11","1.1","1"
"manager","Operations","7.1","2025-03-29 03:15:17","10","2025-03-27 14:15:17","2.0","0"
"employee","Finance","6.7","2025-03-09 08:00:45","3","2025-03-09 08:00:45","1.4","0"
"employee","Operations","4.5","2025-03-18 15:37:17","1","2025-03-18 12:37:17","2.7","1"
"employee","IT","0.9","2025-03-19 05:12:14","1","2025-03-17 17:12:14","3.5","0"
"employee","IT","9.1","2025-03-05 18:21:00","4","2025-03-05 15:21:00","0.4","1"
"admin","Finance","4.5","2025-03-22 15:16:08","8","2025-03-20 21:16:08","4.2","1"
"admin","Operations","8.4","2025-03-13 08:39:27","8","2025-03-11 16:39:27","0.8","1"
"admin","IT","5.3","2025-03-19 18:56:17","4","2025-03-18 07:56:17","2.9","1"
"admin","IT","2.8","2025-03-06 00:50:57","7","2025-03-05 17:50:57","3.3","1"
"manager","Finance","4.7","2025-03-02 02:32:17","10","2025-02-28 10:32:17","0.8","0"
"manager","Finance","2.1","2025-03-02 00:31:04","3","2025-03-01 17:31:04","0.8","0"
"manager","HR","3.9","2025-03-17 03:30:59","8","2025-03-16 07:30:59","4.2","0"
"manager","Finance","6.3","2025-03-09 05:26:54","9","2025-03-09 02:26:54","4.3","0"
"employee","Operations","8.0","2025-03-05 08:54:18","10","2025-03-04 20:54:18","2.3","0"
"manager","Operations","0.3","2025-03-27 03:17:17","5","2025-03-25 11:17:17","3.1","0"
"admin","IT","7.5","2025-03-30 12:40:37","2","2025-03-29 03:40:37","2.5","1"
"admin","Finance","1.0","2025-03-27 02:11:01","7","2025-03-26 18:11:01","1.3","1"
"employee","Operations","0.2","2025-03-01 23:38:35","6","2025-03-01 13:38:35","4.7","0"
"employee","HR","6.9","2025-03-20 07:15:35","1","2025-03-19 00:15:35","1.2","0"
"admin","IT","0.1","2025-03-11 00:58:34","8","2025-03-09 12:58:34","3.7","1"
"admin","Finance","1.2","2025-03-20 04:19:10","9","2025-03-19 06:19:10","0.7","1"
"employee","Finance","3.1","2025-03-28 05:27:02","1","2025-03-28 05:27:02","2.9","0"
"employee","Finance","0.4","2025-03-15 17:22:06","6","2025-03-14 07:22:06","2.1","0"
"employee","Finance","6.2","2025-03-11 01:12:56","7","2025-03-09 10:12:56","0.7","0"
"manager","Operations","6.7","2025-03-17 14:13:22","3","2025-03-16 08:13:22","1.3","1"
"admin","IT","9.2","2025-03-29 14:22:59","4","2025-03-28 16:22:59","1.9","1"
"manager","HR","9.8","2025-03-12 07:43:58","7","2025-03-10 07:43:58","3.8","0"
"employee","IT","9.4","2025-03-23 09:12:58","6","2025-03-21 14:12:58","3.9","0"
"manager","Finance","7.1","2025-03-07 12:11:47","9","2025-03-07 00:11:47","0.5","0"
"manager","IT","5.0","2025-03-06 04:34:08","4","2025-03-05 13:34:08","3.6","0"
"employee","Finance","6.6","2025-03-01 21:30:46","10","2025-03-01 20:30:46","4.0","0"
"admin","HR","7.4","2025-03-20 15:55:14","5","2025-03-20 04:55:14","1.3","1"
"manager","IT","1.4","2025-03-02 15:01:59","4","2025-02-28 23:01:59","4.0","0"
"admin","IT","1.5","2025-03-23 04:15:30","9","2025-03-22 12:15:30","2.9","1"
"employee","IT","1.8","2025-03-03 07:15:50","1","2025-03-02 03:15:50","4.6","0"
"manager","HR","8.0","2025-03-25 16:19:26","6","2025-03-24 19:19:26","3.8","0"
"employee","HR","7.1","2025-03-18 02:34:15","3","2025-03-16 16:34:15","4.0","0"
"employee","HR","2.5","2025-03-23 10:28:02","7","2025-03-21 13:28:02","0.6","0"
"admin","Operations","3.0","2025-03-08 02:40:18","2","2025-03-08 00:40:18","2.3","1"
"employee","Finance","2.7","2025-03-27 06:50:28","8","2025-03-25 11:50:28","1.8","0"
"manager","IT","0.3","2025-03-04 11:07:18","5","2025-03-03 05:07:18","4.8","0"
"admin","Operations","2.0","2025-03-15 16:07:58","4","2025-03-14 13:07:58","4.1","1"
"employee","Operations","5.9","2025-03-13 19:34:34","1","2025-03-13 15:34:34","4.1","0"
"admin","HR","9.2","2025-03-27 23:47:33","3","2025-03-26 14:47:33","1.1","1"
"manager","IT","0.5","2025-03-03 18:54:24","6","2025-03-03 09:54:24","3.7","0"
"employee","Operations","5.0","2025-03-17 19:09:07","10","2025-03-17 12:09:07","1.0","0"
"manager","HR","6.9","2025-03-10 04:32:14","2","2025-03-08 23:32:14","4.6","0"
"manager","Operations","4.4","2025-03-25 06:08:04","10","2025-03-24 10:08:04","4.0","0"
"admin","IT","8.1","2025-03-08 13:38:39","8","2025-03-08 12:38:39","2.3","1"
"manager","HR","0.1","2025-03-22 13:31:12","3","2025-03-21 23:31:12","1.4","1"
"employee","Operations","2.7","2025-03-07 05:48:06","1","2025-03-05 11:48:06","2.9","0"
"admin","Operations","1.0","2025-03-29 00:30:48","7","2025-03-28 19:30:48","4.0","1"
"admin","IT","8.8","2025-03-07 07:54:33","5","2025-03-05 15:54:33","4.4","1"
"employee","Operations","3.1","2025-03-06 07:01:16","8","2025-03-05 12:01:16","2.2","0"
"manager","HR","6.0","2025-03-02 21:49:46","7","2025-03-02 05:49:46","1.0","0"
"admin","Finance","0.7","2025-03-09 14:27:08","4","2025-03-09 10:27:08","1.7","1"
"admin","IT","8.1","2025-03-25 12:32:23","6","2025-03-25 00:32:23","1.6","1"
"admin","IT","1.3","2025-03-25 20:26:29","1","2025-03-24 14:26:29","4.1","1"
"manager","HR","5.2","2025-03-15 20:04:34","6","2025-03-13 23:04:34","4.5","0"
"manager","Finance","2.2","2025-03-24 02:02:22","6","2025-03-22 13:02:22","4.1","0"
"manager","Finance","8.1","2025-03-02 06:11:41","5","2025-03-01 18:11:41","2.0","0"
"admin","Operations","0.1","2025-03-17 02:06:03","4","2025-03-16 02:06:03","3.0","1"
"employee","Finance","9.7","2025-03-30 23:59:38","10","2025-03-29 00:59:38","3.1","0"
"employee","HR","2.8","2025-03-30 19:33:44","2","2025-03-30 19:33:44","2.5","0"
"employee","Finance","5.2","2025-03-08 05:31:02","9","2025-03-06 12:31:02","1.0","0"
"admin","IT","3.1","2025-03-17 12:04:41","7","2025-03-16 10:04:41","0.1","1"
"manager","Operations","7.2","2025-03-29 22:52:21","10","2025-03-28 14:52:21","1.3","0"
"admin","Operations","8.6","2025-03-19 15:18:04","2","2025-03-18 22:18:04","1.3","1"
"admin","Operations","9.7","2025-03-18 14:41:10","10","2025-03-17 00:41:10","0.5","1"
"admin","HR","5.7","2025-03-04 20:10:01","8","2025-03-03 13:10:01","0.9","1"
"employee","HR","4.4","2025-03-12 04:53:50","7","2025-03-10 14:53:50","3.5","0"
"manager","HR","0.5","2025-03-26 20:11:02","5","2025-03-26 13:11:02","4.7","0"
"employee","Operations","7.3","2025-03-27 14:28:12","8","2025-03-25 18:28:12","2.3","0"
"employee","HR","7.6","2025-03-18 10:36:54","5","2025-03-17 07:36:54","2.5","0"
"manager","HR","9.1","2025-03-22 14:38:20","2","2025-03-22 06:38:20","1.9","1"
"admin","Finance","4.8","2025-03-30 12:06:01","6","2025-03-29 04:06:01","1.2","1"
"admin","Finance","6.6","2025-03-14 21:04:42","8","2025-03-13 06:04:42","2.7","1"
"manager","HR","8.1","2025-03-25 16:21:13","7","2025-03-25 08:21:13","4.1","0"
"admin","Finance","4.3","2025-03-08 16:04:49","5","2025-03-08 00:04:49","3.8","1"
"employee","Operations","7.7","2025-03-28 06:14:09","7","2025-03-27 18:14:09","3.8","0"
"employee","Finance","7.8","2025-03-22 10:50:30","9","2025-03-21 09:50:30","3.7","0"
"employee","Finance","2.3","2025-03-29 22:07:53","6","2025-03-28 17:07:53","0.1","0"
"admin","IT","3.6","2025-03-01 19:59:17","3","2025-03-01 19:59:17","1.5","1"
"employee","HR","7.9","2025-03-05 15:55:17","2","2025-03-03 21:55:17","3.6","1"
"manager","IT","6.4","2025-03-20 03:02:52","7","2025-03-19 06:02:52","1.3","0"
"employee","Operations","9.4","2025-03-04 13:53:20","7","2025-03-03 11:53:20","3.2","0"
"manager","Operations","6.1","2025-03-21 06:23:48","3","2025-03-20 06:23:48","3.4","0"
"manager","HR","0.8","2025-03-27 05:35:19","9","2025-03-25 09:35:19","1.9","0"
"manager","HR","4.9","2025-03-21 07:04:09","5","2025-03-21 02:04:09","1.2","0"
"manager","IT","3.6","2025-03-27 23:00:48","3","2025-03-26 16:00:48","2.9","0"
"manager","IT","7.8","2025-03-25 15:31:06","7","2025-03-23 15:31:06","4.7","0"
"admin","HR","0.7","2025-03-24 18:21:51","8","2025-03-23 11:21:51","3.8","1"
"manager","IT","1.6","2025-03-26 19:59:50","5","2025-03-26 12:59:50","4.2","0"
"employee","Operations","6.4","2025-03-19 07:46:09","1","2025-03-19 03:46:09","4.3","0"
"manager","Finance","9.3","2025-03-05 05:23:24","5","2025-03-04 15:23:24","4.8","0"
"admin","HR","5.6","2025-03-13 15:49:10","7","2025-03-12 01:49:10","0.5","1"
"employee","Finance","7.7","2025-03-28 14:47:32","3","2025-03-27 14:47:32","1.8","1"
"manager","Finance","4.3","2025-03-18 09:17:04","9","2025-03-16 15:17:04","0.9","0"
"admin","IT","1.3","2025-03-28 08:56:31","9","2025-03-26 21:56:31","4.7","1"
"manager","Finance","7.9","2025-03-29 22:40:19","10","2025-03-29 16:40:19","2.5","0"
"employee","Operations","9.5","2025-03-30 21:20:05","7","2025-03-29 21:20:05","2.7","0"
"employee","Finance","5.8","2025-03-29 18:06:38","9","2025-03-27 23:06:38","3.6","0"
"admin","IT","9.6","2025-03-15 09:21:41","6","2025-03-14 07:21:41","4.6","1"
"manager","Finance","8.0","2025-03-02 19:15:53","2","2025-03-01 02:15:53","2.9","0"
"employee","HR","0.2","2025-03-27 08:45:37","3","2025-03-26 19:45:37","3.7","0"
"admin","HR","9.8","2025-03-20 03:40:08","8","2025-03-18 09:40:08","0.4","1"
"manager","Operations","9.2","2025-03-02 06:40:23","3","2025-02-28 08:40:23","3.7","0"
"employee","Finance","0.6","2025-03-13 08:50:32","3","2025-03-11 21:50:32","3.9","0"
"admin","HR","2.2","2025-03-22 06:37:20","9","2025-03-21 03:37:20","4.2","1"
"manager","IT","4.8","2025-03-02 14:14:04","2","2025-03-02 08:14:04","3.5","1"
"manager","IT","3.9","2025-03-09 05:59:19","7","2025-03-07 12:59:19","3.9","0"
"employee","HR","9.5","2025-03-25 12:55:48","2","2025-03-25 09:55:48","4.7","0"
"admin","Finance","7.8","2025-03-25 12:24:58","9","2025-03-24 06:24:58","3.7","1"
"employee","HR","2.0","2025-03-29 00:32:56","1","2025-03-27 09:32:56","2.5","0"
"employee","Finance","7.6","2025-03-22 16:10:07","7","2025-03-21 23:10:07","3.4","0"
"employee","Finance","8.6","2025-03-10 06:42:08","10","2025-03-09 00:42:08","4.8","0"
"admin","Finance","5.7","2025-03-25 17:08:26","3","2025-03-23 21:08:26","3.5","1"
"manager","Finance","9.0","2025-03-23 20:33:59","7","2025-03-22 06:33:59","0.2","0"
"admin","IT","9.9","2025-03-13 22:29:06","2","2025-03-13 18:29:06","3.7","1"
"employee","Finance","8.9","2025-03-20 17:46:54","2","2025-03-20 05:46:54","4.2","1"
"admin","Operations","7.8","2025-03-08 09:57:34","3","2025-03-06 15:57:34","1.0","1"
"admin","Finance","0.3","2025-03-07 14:49:38","4","2025-03-07 07:49:38","2.0","1"
"admin","Operations","2.1","2025-03-08 22:15:55","5","2025-03-07 13:15:55","4.2","1"
"employee","Finance","2.0","2025-03-15 18:39:23","4","2025-03-13 20:39:23","1.2","0"
"admin","IT","4.4","2025-03-28 02:04:04","9","2025-03-26 09:04:04","1.8","1"
"admin","HR","7.1","2025-03-19 13:02:14","9","2025-03-19 09:02:14","0.6","1"
"manager","IT","9.1","2025-03-09 16:08:35","4","2025-03-07 19:08:35","2.4","1"
"manager","Operations","0.3","2025-03-19 19:21:09","5","2025-03-18 00:21:09","1.4","0"
"admin","HR","2.7","2025-03-13 08:31:01","5","2025-03-12 08:31:01","4.7","1"
"admin","Finance","9.3","2025-03-30 07:56:41","6","2025-03-29 09:56:41","2.9","1"
"admin","HR","2.7","2025-03-18 06:57:01","4","2025-03-17 16:57:01","0.8","1"
"manager","HR","6.2","2025-03-12 09:24:27","8","2025-03-12 06:24:27","1.6","0"
"manager","IT","1.8","2025-03-25 09:19:03","3","2025-03-24 06:19:03","1.7","1"
"manager","IT","7.5","2025-03-09 23:51:17","9","2025-03-08 16:51:17","1.9","0"
"employee","HR","9.4","2025-03-11 20:49:48","8","2025-03-11 12:49:48","1.1","0"
"manager","IT","9.5","2025-03-21 20:22:00","3","2025-03-20 12:22:00","4.4","1"
"admin","Operations","2.8","2025-03-18 23:57:55","8","2025-03-18 21:57:55","1.5","1"
"admin","HR","2.8","2025-03-01 12:38:04","4","2025-02-27 22:38:04","4.8","1"
"manager","IT","8.6","2025-03-13 01:07:18","1","2025-03-13 01:07:18","0.9","1"
"employee","IT","0.1","2025-03-29 04:21:22","4","2025-03-27 09:21:22","0.2","0"
"employee","Finance","7.1","2025-03-06 15:43:59","1","2025-03-06 00:43:59","0.2","0"
"manager","IT","0.8","2025-03-10 11:31:56","5","2025-03-09 21:31:56","0.9","1"
"manager","IT","2.1","2025-03-22 00:34:56","1","2025-03-20 01:34:56","4.2","0"
"manager","Operations","1.7","2025-03-10 23:05:30","10","2025-03-10 18:05:30","3.7","0"
"employee","HR","1.3","2025-03-25 21:00:02","5","2025-03-24 03:00:02","0.3","0"
"employee","Operations","5.7","2025-03-06 07:07:07","3","2025-03-04 20:07:07","3.7","0"
"employee","Finance","5.6","2025-03-17 00:26:25","7","2025-03-15 20:26:25","1.3","0"
"admin","IT","4.6","2025-03-07 12:31:03","10","2025-03-07 01:31:03","1.7","1"
"employee","Operations","5.2","2025-03-10 22:41:01","4","2025-03-09 19:41:01","4.4","0"
"employee","IT","0.8","2025-03-26 00:48:51","6","2025-03-24 19:48:51","2.1","0"
"manager","HR","6.0","2025-03-16 14:37:01","7","2025-03-15 22:37:01","2.6","0"
"manager","HR","0.3","2025-03-25 09:48:24","4","2025-03-23 21:48:24","0.9","0"
"manager","Operations","0.5","2025-03-15 04:39:25","8","2025-03-13 12:39:25","2.8","0"
"employee","Finance","1.3","2025-03-05 21:55:22","4","2025-03-05 01:55:22","2.2","0"
"manager","Operations","6.7","2025-03-03 09:06:33","5","2025-03-02 14:06:33","3.7","0"
"employee","Finance","2.2","2025-03-25 03:46:41","8","2025-03-23 12:46:41","3.7","0"
"manager","Finance","3.6","2025-03-01 20:50:16","8","2025-03-01 07:50:16","4.8","0"
"admin","IT","8.0","2025-03-28 04:24:44","6","2025-03-27 05:24:44","0.9","1"
"employee","HR","4.4","2025-03-30 01:21:52","9","2025-03-28 09:21:52","1.6","0"
"manager","HR","7.5","2025-03-09 13:07:13","4","2025-03-07 16:07:13","1.6","0"
"manager","HR","2.6","2025-03-29 09:24:10","10","2025-03-28 12:24:10","1.3","0"
"admin","Operations","5.8","2025-03-28 00:08:37","5","2025-03-27 16:08:37","2.9","1"
"admin","IT","0.5","2025-03-17 14:04:32","10","2025-03-15 14:04:32","1.5","1"
"admin","Operations","9.9","2025-03-02 09:31:30","10","2025-03-01 11:31:30","2.8","1"
"employee","Operations","5.3","2025-03-18 08:21:51","7","2025-03-17 21:21:51","0.1","0"
"admin","HR","4.0","2025-03-25 17:33:54","8","2025-03-25 04:33:54","1.1","1"
"manager","Operations","3.0","2025-03-09 08:06:22","8","2025-03-08 13:06:22","1.7","0"
"manager","Finance","4.1","2025-03-21 06:09:34","5","2025-03-19 21:09:34","0.8","0"
"manager","Finance","0.6","2025-03-23 16:14:10","8","2025-03-23 07:14:10","2.4","0"
"admin","IT","4.8","2025-03-15 10:02:48","9","2025-03-13 21:02:48","2.9","1"
"manager","Finance","5.3","2025-03-06 10:44:06","7","2025-03-06 10:44:06","4.0","0"
"manager","Finance","8.9","2025-03-20 20:52:25","7","2025-03-19 01:52:25","4.6","0"
"manager","Operations","9.9","2025-03-19 10:36:56","4","2025-03-18 01:36:56","2.0","0"
"employee","IT","3.9","2025-03-09 18:02:15","6","2025-03-07 21:02:15","3.2","0"
"employee","Operations","2.7","2025-03-11 15:00:20","4","2025-03-10 20:00:20","3.5","1"
"admin","IT","5.5","2025-03-23 00:45:19","6","2025-03-22 22:45:19","2.2","1"
"manager","HR","0.1","2025-03-07 02:11:08","7","2025-03-06 12:11:08","3.1","0"
"employee","Operations","5.9","2025-03-01 23:47:03","10","2025-03-01 10:47:03","1.4","0"
"admin","IT","1.5","2025-03-13 16:20:33","5","2025-03-12 22:20:33","1.5","1"
"employee","Operations","1.9","2025-03-06 14:47:16","4","2025-03-04 14:47:16","0.7","0"
"employee","HR","9.0","2025-03-17 19:31:35","7","2025-03-17 12:31:35","1.9","0"
"manager","IT","7.8","2025-03-23 21:57:04","7","2025-03-22 13:57:04","0.5","0"
"employee","Operations","2.4","2025-03-09 07:09:01","5","2025-03-07 07:09:01","2.4","0"
"employee","IT","4.7","2025-03-10 12:40:54","9","2025-03-08 22:40:54","3.4","0"
"employee","Finance","4.1","2025-03-29 13:20:35","3","2025-03-29 11:20:35","2.3","1"
"manager","Operations","0.9","2025-03-10 22:32:32","10","2025-03-09 06:32:32","4.2","0"
"admin","Finance","3.9","2025-03-15 16:09:43","10","2025-03-15 07:09:43","3.7","1"
"admin","Finance","9.1","2025-03-12 15:34:21","1","2025-03-11 21:34:21","1.2","1"
"employee","HR","5.9","2025-03-21 01:08:20","4","2025-03-20 19:08:20","2.9","0"
"employee","Operations","1.1","2025-03-25 03:12:17","5","2025-03-23 12:12:17","4.7","0"
"employee","Operations","1.7","2025-03-25 08:43:49","2","2025-03-25 02:43:49","3.2","0"
"admin","IT","4.8","2025-03-01 10:47:43","2","2025-03-01 01:47:43","3.6","1"
"employee","HR","7.9","2025-03-09 02:23:59","2","2025-03-07 04:23:59","1.3","0"
"manager","Operations","0.6","2025-03-28 05:40:02","8","2025-03-27 03:40:02","1.4","0"
"admin","IT","2.9","2025-03-22 08:13:40","8","2025-03-21 08:13:40","3.8","1"
"admin","Operations","8.1","2025-03-07 12:44:34","2","2025-03-06 18:44:34","1.5","1"
"manager","IT","4.5","2025-03-02 11:19:13","8","2025-03-01 03:19:13","4.7","0"
"admin","Finance","9.8","2025-03-04 21:36:15","1","2025-03-04 17:36:15","4.9","1"
"admin","Operations","9.8","2025-03-29 18:40:22","10","2025-03-27 18:40:22","1.7","1"
"admin","Finance","3.3","2025-03-06 14:05:02","7","2025-03-06 05:05:02","2.8","1"
"employee","Finance","7.0","2025-03-19 07:42:56","8","2025-03-18 16:42:56","1.9","0"
"admin","Operations","1.1","2025-03-10 16:00:32","6","2025-03-09 11:00:32","4.2","1"
"manager","IT","3.7","2025-03-11 16:22:36","9","2025-03-09 22:22:36","1.1","0"
"manager","Operations","8.8","2025-03-03 17:12:30","4","2025-03-02 09:12:30","1.6","0"
"admin","Finance","6.6","2025-03-24 09:42:34","2","2025-03-23 15:42:34","1.4","1"
"employee","IT","8.7","2025-03-14 09:22:18","6","2025-03-13 04:22:18","0.7","0"
"employee","HR","5.3","2025-03-09 10:25:11","2","2025-03-08 04:25:11","2.2","0"
"employee","IT","8.5","2025-03-27 01:56:55","1","2025-03-26 09:56:55","3.9","1"
"manager","HR","5.5","2025-03-26 17:38:06","10","2025-03-24 21:38:06","3.1","0"
"admin","IT","1.6","2025-03-02 23:59:04","10","2025-03-02 01:59:04","2.5","1"
"manager","IT","7.8","2025-03-29 14:06:54","7","2025-03-29 04:06:54","3.0","0"
"admin","Finance","3.7","2025-03-30 14:42:45","2","2025-03-29 14:42:45","3.9","1"
"manager","Finance","1.1","2025-03-18 16:16:54","4","2025-03-18 15:16:54","4.8","1"
"manager","HR","4.0","2025-03-07 07:18:16","6","2025-03-06 03:18:16","3.3","0"
"employee","HR","4.0","2025-03-24 21:28:02","3","2025-03-24 05:28:02","4.8","0"
"admin","Finance","5.9","2025-03-09 18:30:56","3","2025-03-08 08:30:56","1.4","1"
"admin","IT","5.4","2025-03-30 01:15:45","8","2025-03-29 06:15:45","0.1","1"
"manager","Operations","4.5","2025-03-08 08:57:17","4","2025-03-07 17:57:17","3.0","0"
"admin","IT","6.2","2025-03-08 19:33:47","3","2025-03-08 02:33:47","2.3","1"
"manager","IT","8.9","2025-03-09 00:26:34","5","2025-03-07 00:26:34","0.4","0"
"employee","IT","5.3","2025-03-24 23:38:02","10","2025-03-23 02:38:02","4.4","0"
"employee","IT","9.3","2025-03-05 05:13:29","7","2025-03-05 04:13:29","1.9","0"
"admin","IT","0.9","2025-03-29 16:42:16","10","2025-03-28 01:42:16","3.3","1"
"admin","Operations","1.0","2025-03-11 07:18:10","8","2025-03-09 18:18:10","1.2","1"
"manager","Operations","7.3","2025-03-30 07:26:11","4","2025-03-28 19:26:11","1.5","0"
"admin","Finance","3.2","2025-03-12 15:34:05","8","2025-03-11 19:34:05","2.5","1"
"employee","Operations","2.6","2025-03-20 22:42:51","10","2025-03-19 18:42:51","2.4","0"
"employee","Operations","10.0","2025-03-20 05:49:23","10","2025-03-20 03:49:23","0.3","0"
"admin","Operations","3.3","2025-03-08 01:24:31","7","2025-03-06 22:24:31","1.3","1"
"employee","Finance","1.0","2025-03-17 02:30:32","9","2025-03-16 10:30:32","2.1","0"
"employee","IT","1.9","2025-03-05 07:44:11","10","2025-03-03 13:44:11","3.2","0"
"employee","HR","4.1","2025-03-28 03:46:03","5","2025-03-27 01:46:03","3.3","0"
"manager","Finance","8.4","2025-03-18 08:36:08","8","2025-03-17 17:36:08","1.3","0"
"manager","IT","6.4","2025-03-30 06:55:37","6","2025-03-28 19:55:37","0.3","0"
"employee","Operations","4.7","2025-03-02 18:42:35","3","2025-02-28 18:42:35","4.5","0"
"admin","Finance","3.4","2025-03-18 15:42:43","6","2025-03-18 15:42:43","3.6","1"
"admin","Finance","5.5","2025-03-05 21:22:14","9","2025-03-05 16:22:14","3.5","1"
"admin","Operations","4.6","2025-03-24 17:33:42","10","2025-03-23 07:33:42","4.3","1"
"manager","Operations","7.7","2025-03-15 04:36:54","8","2025-03-15 01:36:54","0.7","0"
"manager","Finance","2.2","2025-03-21 18:04:57","2","2025-03-20 11:04:57","3.0","0"
"admin","Operations","5.6","2025-03-15 14:30:41","8","2025-03-14 23:30:41","1.1","1"
"manager","Operations","7.7","2025-03-04 18:19:12","2","2025-03-03 09:19:12","4.0","0"
"admin","IT","5.1","2025-03-01 00:40:39","2","2025-02-27 19:40:39","1.1","1"
"admin","IT","7.0","2025-03-25 23:17:21","1","2025-03-25 05:17:21","3.6","1"
"admin","Operations","7.1","2025-03-22 01:53:04","7","2025-03-20 19:53:04","1.0","1"
"employee","Finance","3.5","2025-03-04 12:07:30","8","2025-03-03 04:07:30","0.2","0"
"admin","IT","4.1","2025-03-04 16:55:27","5","2025-03-03 09:55:27","2.2","1"
"admin","HR","6.0","2025-03-01 09:06:23","10","2025-02-28 22:06:23","2.8","1"
"manager","Operations","4.5","2025-03-27 11:27:45","2","2025-03-25 14:27:45","0.9","1"
"employee","IT","0.9","2025-03-20 08:42:36","3","2025-03-19 01:42:36","4.2","0"
"employee","Finance","8.3","2025-03-13 02:37:47","8","2025-03-12 16:37:47","2.1","0"
"manager","IT","8.6","2025-03-23 05:21:57","8","2025-03-21 18:21:57","0.8","0"
"manager","IT","6.0","2025-03-02 01:01:07","1","2025-02-28 13:01:07","3.1","1"
"employee","Finance","2.1","2025-03-22 00:01:26","7","2025-03-21 16:01:26","0.5","0"
"employee","Finance","5.6","2025-03-26 18:55:52","5","2025-03-25 03:55:52","1.3","0"
"manager","Finance","7.0","2025-03-01 06:23:50","5","2025-02-28 20:23:50","4.9","0"
"employee","Finance","7.1","2025-03-30 18:06:07","5","2025-03-29 06:06:07","1.0","0"
"admin","Finance","0.9","2025-03-10 05:42:12","2","2025-03-08 18:42:12","4.8","1"
"employee","HR","3.8","2025-03-26 01:34:49","1","2025-03-25 17:34:49","0.3","0"
"admin","HR","7.0","2025-03-20 07:21:22","9","2025-03-20 03:21:22","4.2","1"
"manager","Operations","0.4","2025-03-24 11:36:39","1","2025-03-23 21:36:39","1.4","1"
"employee","Operations","4.5","2025-03-06 20:08:26","9","2025-03-06 04:08:26","4.7","0"
"manager","IT","2.4","2025-03-10 17:59:53","7","2025-03-09 19:59:53","2.9","0"
"admin","Operations","9.1","2025-03-06 08:11:55","9","2025-03-05 15:11:55","3.5","1"
"employee","Finance","2.2","2025-03-14 07:04:45","10","2025-03-12 21:04:45","0.3","0"
"manager","Operations","1.7","2025-03-20 19:36:53","6","2025-03-19 19:36:53","2.5","0"
"admin","Finance","1.3","2025-03-13 05:20:28","10","2025-03-12 22:20:28","1.6","1"
"employee","Finance","2.2","2025-03-27 00:35:01","1","2025-03-26 06:35:01","3.4","0"
"manager","HR","0.6","2025-03-19 00:20:46","5","2025-03-18 02:20:46","1.3","0"
"admin","Operations","9.9","2025-03-22 08:44:03","5","2025-03-20 11:44:03","3.7","1"
"employee","Operations","0.3","2025-03-05 18:52:37","10","2025-03-04 17:52:37","2.1","0"
"employee","Operations","0.5","2025-03-30 10:48:49","5","2025-03-28 17:48:49","3.6","0"
"admin","Finance","2.5","2025-03-27 02:06:14","8","2025-03-26 10:06:14","1.4","1"
"manager","Finance","4.5","2025-03-03 14:27:12","1","2025-03-01 21:27:12","3.0","0"
"employee","Operations","1.8","2025-03-19 02:10:07","5","2025-03-17 10:10:07","1.7","0"
"manager","Finance","7.9","2025-03-26 21:28:55","7","2025-03-26 18:28:55","1.6","0"
"employee","Operations","6.8","2025-03-26 07:13:53","2","2025-03-24 16:13:53","3.4","0"
"admin","Operations","5.5","2025-03-29 09:02:29","5","2025-03-27 15:02:29","3.0","1"
"employee","IT","7.4","2025-03-26 20:56:47","8","2025-03-26 11:56:47","3.8","0"
"employee","IT","7.1","2025-03-07 22:53:14","10","2025-03-06 10:53:14","4.2","0"
"employee","HR","1.2","2025-03-21 10:17:54","4","2025-03-20 20:17:54","3.6","0"
"admin","Finance","8.8","2025-03-30 22:38:28","9","2025-03-30 22:38:28","2.0","1"
"employee","Operations","2.5","2025-03-03 12:01:01","9","2025-03-02 11:01:01","0.2","0"
"employee","Finance","3.7","2025-03-09 00:43:22","8","2025-03-08 18:43:22","4.7","0"
"employee","Finance","2.5","2025-03-15 15:43:05","1","2025-03-14 03:43:05","3.2","0"
"manager","Finance","5.7","2025-03-23 21:24:56","3","2025-03-22 08:24:56","2.6","0"
"employee","IT","4.9","2025-03-24 22:14:51","1","2025-03-24 10:14:51","1.5","0"
"manager","IT","9.6","2025-03-11 02:28:16","2","2025-03-10 03:28:16","4.2","1"
"admin","Operations","3.7","2025-03-30 22:00:55","8","2025-03-29 05:00:55","4.4","1"
"admin","Operations","6.7","2025-03-25 03:03:43","9","2025-03-24 22:03:43","4.3","1"
"employee","HR","7.1","2025-03-06 02:55:54","1","2025-03-05 18:55:54","2.7","0"
"admin","HR","3.5","2025-03-27 16:22:50","3","2025-03-26 18:22:50","4.8","1"
"manager","IT","4.9","2025-03-13 18:51:46","2","2025-03-12 03:51:46","3.0","1"
"admin","HR","5.0","2025-03-20 05:36:21","9","2025-03-20 01:36:21","3.6","1"
"employee","HR","3.2","2025-03-10 02:12:45","5","2025-03-08 12:12:45","1.0","0"
"admin","Operations","6.0","2025-03-03 05:33:54","9","2025-03-01 06:33:54","0.8","1"
"employee","IT","5.4","2025-03-20 06:18:27","3","2025-03-18 20:18:27","1.3","1"
"admin","IT","7.1","2025-03-25 21:38:21","6","2025-03-25 15:38:21","3.9","1"
"manager","Finance","9.1","2025-03-19 11:39:35","8","2025-03-18 10:39:35","0.2","0"
"admin","Finance","0.3","2025-03-03 14:31:59","2","2025-03-03 14:31:59","1.7","1"
"employee","Finance","2.0","2025-03-20 17:33:21","5","2025-03-18 20:33:21","4.9","0"
"employee","Operations","3.3","2025-03-26 20:25:24","4","2025-03-26 02:25:24","4.5","0"
"admin","IT","4.6","2025-03-10 02:04:54","5","2025-03-08 15:04:54","3.8","1"
"manager","Operations","5.7","2025-03-25 05:03:18","9","2025-03-24 03:03:18","0.2","0"
"employee","Operations","3.9","2025-03-16 08:50:16","9","2025-03-15 16:50:16","0.5","0"
"manager","Finance","4.0","2025-03-20 16:06:29","4","2025-03-20 06:06:29","1.1","0"
"admin","Finance","4.1","2025-03-23 08:48:30","9","2025-03-22 13:48:30","2.7","1"
"admin","Finance","9.2","2025-03-06 12:15:16","9","2025-03-06 03:15:16","1.3","1"
"employee","HR","1.2","2025-03-09 20:35:45","8","2025-03-09 02:35:45","0.4","0"
"employee","IT","9.4","2025-03-15 22:34:21","5","2025-03-14 07:34:21","4.6","0"
"employee","Operations","2.5","2025-03-15 04:55:52","9","2025-03-15 00:55:52","0.7","0"
"admin","HR","3.6","2025-03-28 13:28:43","7","2025-03-28 12:28:43","2.7","1"
"admin","IT","7.3","2025-03-07 04:51:54","3","2025-03-05 16:51:54","2.3","1"
"manager","Finance","7.9","2025-03-06 19:04:06","10","2025-03-06 12:04:06","1.1","0"
"admin","Operations","3.5","2025-03-20 06:56:49","8","2025-03-18 13:56:49","2.3","1"
"admin","Finance","4.5","2025-03-22 21:39:01","10","2025-03-22 01:39:01","0.9","1"
"manager","HR","5.3","2025-03-13 09:41:56","2","2025-03-13 08:41:56","0.7","1"
"manager","IT","4.0","2025-03-21 00:47:02","9","2025-03-21 00:47:02","2.3","0"
"admin","HR","2.0","2025-03-12 12:17:25","10","2025-03-11 05:17:25","2.3","1"
"admin","Finance","6.7","2025-03-14 13:14:53","6","2025-03-14 02:14:53","3.1","1"
"employee","HR","1.4","2025-03-08 12:50:15","3","2025-03-06 12:50:15","1.4","1"
"admin","IT","7.1","2025-03-27 04:53:15","4","2025-03-27 03:53:15","4.6","1"
"admin","HR","7.1","2025-03-27 14:05:10","10","2025-03-26 10:05:10","4.1","1"
"employee","Operations","5.4","2025-03-08 02:49:21","2","2025-03-07 15:49:21","0.2","0"
"employee","IT","3.6","2025-03-09 13:21:14","5","2025-03-07 16:21:14","4.0","0"
"manager","IT","2.1","2025-03-27 01:57:39","9","2025-03-26 06:57:39","2.6","0"
"employee","Finance","3.8","2025-03-16 00:37:32","2","2025-03-14 00:37:32","0.2","0"
"manager","IT","3.4","2025-03-02 12:04:18","10","2025-03-01 08:04:18","2.5","0"
"manager","Operations","4.1","2025-03-03 13:32:42","8","2025-03-03 13:32:42","3.2","0"
"admin","IT","1.9","2025-03-20 05:21:47","2","2025-03-18 05:21:47","3.4","1"
"manager","IT","9.9","2025-03-23 21:14:10","4","2025-03-21 21:14:10","1.7","1"
"manager","IT","5.1","2025-03-05 22:04:31","5","2025-03-05 14:04:31","4.4","0"
"admin","Operations","3.4","2025-03-23 21:02:44","7","2025-03-22 01:02:44","4.4","1"
"manager","Finance","7.2","2025-03-03 07:23:19","3","2025-03-01 13:23:19","2.3","0"
"manager","Finance","0.3","2025-03-06 14:41:44","7","2025-03-05 16:41:44","0.9","0"
"manager","HR","4.6","2025-03-05 00:04:56","6","2025-03-03 06:04:56","3.6","0"
"admin","HR","8.5","2025-03-09 15:25:18","3","2025-03-08 04:25:18","3.3","1"
"admin","HR","2.6","2025-03-11 07:32:35","1","2025-03-10 17:32:35","0.7","1"
"employee","HR","1.0","2025-03-21 14:13:49","7","2025-03-20 15:13:49","2.4","0"
"manager","Operations","7.8","2025-03-26 10:04:21","4","2025-03-24 21:04:21","1.2","0"
"employee","IT","1.1","2025-03-15 00:01:39","1","2025-03-13 18:01:39","3.7","0"
"employee","IT","9.4","2025-03-30 12:43:42","9","2025-03-29 16:43:42","2.2","0"
"employee","Operations","1.8","2025-03-14 03:43:06","2","2025-03-13 11:43:06","3.8","0"
"manager","Finance","1.5","2025-03-09 05:51:02","4","2025-03-08 17:51:02","3.8","0"
"employee","HR","5.3","2025-03-11 23:42:09","6","2025-03-10 01:42:09","2.9","0"
"employee","IT","3.4","2025-03-05 09:48:38","3","2025-03-04 04:48:38","3.8","1"
"manager","IT","8.1","2025-03-06 04:25:54","5","2025-03-06 04:25:54","3.9","0"
"manager","IT","6.6","2025-03-08 02:19:01","5","2025-03-06 02:19:01","4.4","0"
"employee","HR","7.5","2025-03-26 06:27:24","9","2025-03-25 16:27:24","2.5","0"
"admin","Finance","9.1","2025-03-28 06:50:15","6","2025-03-28 01:50:15","3.8","1"
"manager","Operations","1.5","2025-03-15 08:15:22","9","2025-03-13 20:15:22","2.7","0"
"admin","IT","2.5","2025-03-13 09:18:00","7","2025-03-11 10:18:00","4.7","1"
"manager","Operations","1.5","2025-03-15 06:40:47","7","2025-03-14 03:40:47","2.1","0"
"manager","HR","1.0","2025-03-09 00:33:58","4","2025-03-07 05:33:58","0.2","0"
"employee","Finance","4.2","2025-03-09 09:09:10","4","2025-03-08 03:09:10","3.0","0"
"employee","HR","6.3","2025-03-18 17:21:58","7","2025-03-17 05:21:58","2.2","0"
"admin","Finance","7.7","2025-03-30 09:59:01","7","2025-03-30 05:59:01","3.9","1"
"employee","IT","4.1","2025-03-25 19:22:26","9","2025-03-24 10:22:26","2.6","0"
"admin","IT","3.5","2025-03-18 01:05:28","8","2025-03-16 02:05:28","3.2","1"
"admin","Operations","6.7","2025-03-28 21:10:46","9","2025-03-27 21:10:46","2.6","1"
"employee","Operations","0.1","2025-03-27 12:56:17","1","2025-03-25 22:56:17","5.0","1"
"employee","IT","5.3","2025-03-09 09:10:51","5","2025-03-07 14:10:51","3.4","0"
"employee","HR","5.6","2025-03-09 23:05:14","5","2025-03-09 15:05:14","4.1","0"
"manager","HR","5.2","2025-03-08 07:48:19","2","2025-03-07 08:48:19","3.8","0"
"admin","Finance","2.0","2025-03-30 17:04:53","9","2025-03-29 18:04:53","0.2","1"
"employee","HR","9.9","2025-03-27 19:01:10","2","2025-03-26 18:01:10","2.2","0"
"manager","HR","0.1","2025-03-22 15:06:52","1","2025-03-20 17:06:52","0.8","1"
"manager","Finance","8.6","2025-03-17 15:11:06","6","2025-03-17 07:11:06","0.5","0"
"manager","IT","0.4","2025-03-14 19:22:23","4","2025-03-13 04:22:23","1.2","0"
"admin","HR","4.0","2025-03-05 21:44:51","1","2025-03-04 04:44:51","1.2","1"
"manager","HR","4.8","2025-03-24 09:25:01","2","2025-03-22 16:25:01","0.4","0"
"admin","HR","9.6","2025-03-04 06:22:34","3","2025-03-03 08:22:34","0.6","1"
"manager","HR","5.9","2025-03-04 20:30:23","1","2025-03-04 20:30:23","4.5","0"
"manager","HR","5.8","2025-03-10 10:44:12","5","2025-03-09 07:44:12","3.3","0"
"admin","Operations","8.8","2025-03-14 01:47:15","6","2025-03-12 19:47:15","1.5","1"
"manager","HR","2.9","2025-03-13 02:31:57","3","2025-03-11 20:31:57","1.8","0"
"admin","Finance","9.3","2025-03-03 19:53:39","8","2025-03-03 13:53:39","1.9","1"
"employee","IT","9.9","2025-03-21 10:00:49","7","2025-03-20 16:00:49","3.6","0"
"manager","Finance","2.2","2025-03-08 10:20:37","5","2025-03-06 15:20:37","4.1","0"
"manager","HR","0.7","2025-03-18 09:47:32","6","2025-03-17 17:47:32","4.5","0"
"employee","Operations","2.8","2025-03-11 07:13:05","2","2025-03-11 02:13:05","0.3","0"
"admin","IT","7.3","2025-03-11 06:34:49","3","2025-03-09 11:34:49","4.9","1"
"manager","IT","7.4","2025-03-12 03:01:45","10","2025-03-11 12:01:45","3.0","0"
"employee","IT","2.5","2025-03-12 17:47:59","10","2025-03-11 00:47:59","3.0","0"
"admin","HR","6.9","2025-03-11 06:23:27","4","2025-03-09 16:23:27","4.8","1"
"admin","Operations","4.8","2025-03-10 10:26:09","9","2025-03-09 03:26:09","2.0","1"
"employee","Operations","1.9","2025-03-11 05:05:29","7","2025-03-10 15:05:29","3.3","0"
"admin","Operations","4.0","2025-03-08 21:08:22","2","2025-03-08 03:08:22","2.1","1"
"admin","Finance","4.8","2025-03-18 15:57:47","1","2025-03-17 03:57:47","4.3","1"
"manager","Operations","7.1","2025-03-25 14:15:50","2","2025-03-24 22:15:50","2.7","1"
"admin","HR","3.6","2025-03-04 13:53:38","10","2025-03-04 01:53:38","3.5","1"
"employee","Operations","5.5","2025-03-11 10:16:10","3","2025-03-11 02:16:10","4.5","1"
"employee","HR","7.5","2025-03-12 11:31:09","8","2025-03-12 10:31:09","4.4","0"
"employee","IT","7.3","2025-03-01 08:11:38","7","2025-02-28 10:11:38","3.9","0"
"employee","HR","6.3","2025-03-15 10:48:50","6","2025-03-15 00:48:50","3.8","0"
"manager","HR","9.9","2025-03-09 07:33:07","5","2025-03-07 18:33:07","2.6","0"
"admin","HR","0.7","2025-03-18 02:02:01","8","2025-03-16 20:02:01","4.3","1"
"manager","Finance","8.1","2025-03-25 01:23:28","2","2025-03-24 20:23:28","0.2","0"
"employee","Finance","5.0","2025-03-27 16:03:12","6","2025-03-27 01:03:12","1.0","0"
"manager","Finance","0.0","2025-03-10 22:23:52","2","2025-03-09 11:23:52","4.4","0"
"admin","IT","1.1","2025-03-21 19:03:15","1","2025-03-20 07:03:15","1.0","1"
"manager","Operations","2.4","2025-03-09 11:43:58","5","2025-03-08 21:43:58","1.1","0"
"manager","HR","5.0","2025-03-25 21:45:03","1","2025-03-24 13:45:03","1.2","0"
"manager","HR","9.5","2025-03-09 11:32:31","3","2025-03-08 20:32:31","4.8","0"
"admin","Operations","4.5","2025-03-16 11:07:00","3","2025-03-15 22:07:00","4.0","1"
"employee","HR","6.7","2025-03-24 00:10:22","8","2025-03-22 18:10:22","5.0","0"
"employee","HR","7.0","2025-03-21 23:50:10","4","2025-03-20 05:50:10","1.2","0"
"manager","Operations","2.9","2025-03-24 19:13:42","5","2025-03-23 08:13:42","2.6","0"
"admin","IT","0.8","2025-03-08 05:22:11","7","2025-03-06 16:22:11","4.1","1"
"employee","Operations","7.6","2025-03-08 12:08:49","1","2025-03-06 12:08:49","4.1","0"
"admin","IT","3.2","2025-03-11 05:36:35","2","2025-03-11 03:36:35","1.4","1"
"employee","Operations","9.8","2025-03-21 21:12:12","10","2025-03-20 07:12:12","3.1","0"
"employee","IT","5.8","2025-03-13 12:47:57","1","2025-03-12 08:47:57","4.4","1"
"employee","HR","1.1","2025-03-11 07:54:11","4","2025-03-09 18:54:11","1.1","0"
"manager","HR","1.9","2025-03-08 19:47:30","6","2025-03-07 10:47:30","4.0","0"
"admin","IT","3.9","2025-03-23 03:37:27","4","2025-03-22 14:37:27","3.0","1"
"employee","HR","8.1","2025-03-08 00:12:57","6","2025-03-07 03:12:57","1.4","0"
"admin","IT","3.7","2025-03-09 02:28:09","4","2025-03-07 22:28:09","2.1","1"
"admin","HR","3.3","2025-03-22 04:55:54","7","2025-03-21 00:55:54","3.8","1"
"admin","HR","9.1","2025-03-13 07:05:43","5","2025-03-12 08:05:43","4.4","1"
"manager","HR","6.7","2025-03-15 19:00:37","5","2025-03-15 10:00:37","2.5","0"
"employee","Finance","8.5","2025-03-04 11:44:09","6","2025-03-04 02:44:09","0.5","1"
"employee","Operations","3.5","2025-03-25 12:25:18","8","2025-03-23 20:25:18","2.2","0"
"admin","HR","0.0","2025-03-12 13:02:15","1","2025-03-11 10:02:15","1.8","1"
"admin","Finance","1.6","2025-03-23 09:52:47","5","2025-03-22 18:52:47","0.8","1"
"employee","Finance","4.0","2025-03-16 20:07:28","5","2025-03-16 08:07:28","3.2","0"
"admin","Operations","3.9","2025-03-10 03:39:44","9","2025-03-09 05:39:44","1.7","1"
"employee","Finance","4.7","2025-03-21 12:23:18","3","2025-03-21 06:23:18","2.2","0"
"admin","Finance","7.3","2025-03-29 05:35:32","5","2025-03-28 13:35:32","2.8","1"
"employee","Finance","8.3","2025-03-13 15:00:28","10","2025-03-12 17:00:28","1.9","0"
"employee","IT","3.1","2025-03-07 16:20:21","9","2025-03-06 10:20:21","2.0","0"
"manager","Finance","1.4","2025-03-27 15:24:33","2","2025-03-27 00:24:33","2.8","1"
"manager","IT","0.5","2025-03-27 10:32:31","3","2025-03-26 02:32:31","0.8","1"
"manager","HR","9.3","2025-03-02 06:52:41","8","2025-03-01 13:52:41","4.8","0"
"manager","IT","5.4","2025-03-08 05:36:58","9","2025-03-08 05:36:58","4.4","0"
"manager","Operations","5.1","2025-03-21 00:54:28","4","2025-03-19 06:54:28","2.2","0"
"employee","IT","8.5","2025-03-07 23:52:31","3","2025-03-07 07:52:31","0.8","1"
"manager","Finance","9.6","2025-03-10 23:43:29","9","2025-03-10 13:43:29","0.6","0"
"employee","Finance","1.5","2025-03-24 20:21:05","1","2025-03-24 01:21:05","2.7","0"
"admin","Operations","8.9","2025-03-20 00:08:18","5","2025-03-19 12:08:18","2.8","1"
"manager","IT","1.5","2025-03-03 21:22:07","9","2025-03-03 15:22:07","1.2","0"
"employee","HR","4.7","2025-03-03 12:34:03","5","2025-03-03 09:34:03","4.8","0"
"employee","IT","9.2","2025-03-26 20:02:38","9","2025-03-25 10:02:38","2.4","0"
"employee","Finance","2.6","2025-03-02 00:38:04","8","2025-02-28 08:38:04","2.5","0"
"admin","HR","7.5","2025-03-12 06:52:25","8","2025-03-11 19:52:25","4.6","1"
"manager","HR","7.1","2025-03-11 02:26:33","9","2025-03-09 17:26:33","2.8","0"
"admin","IT","0.6","2025-03-05 08:49:58","5","2025-03-04 01:49:58","2.5","1"
"employee","Finance","9.3","2025-03-20 03:45:39","2","2025-03-18 21:45:39","3.1","0"
"manager","Finance","2.0","2025-03-27 05:20:21","7","2025-03-25 17:20:21","2.2","0"
"manager","Finance","7.6","2025-03-07 21:37:53","3","2025-03-06 03:37:53","2.4","0"
"employee","Operations","3.8","2025-03-09 13:57:11","8","2025-03-08 06:57:11","3.9","0"
"admin","IT","3.6","2025-03-21 11:13:39","2","2025-03-21 05:13:39","4.5","1"
"admin","IT","3.3","2025-03-19 08:49:05","1","2025-03-17 08:49:05","0.7","1"
"manager","Operations","7.5","2025-03-04 08:07:30","3","2025-03-02 09:07:30","1.7","0"
"admin","Finance","8.9","2025-03-07 17:28:38","8","2025-03-06 21:28:38","2.0","1"
"employee","Operations","7.0","2025-03-25 14:48:51","8","2025-03-24 01:48:51","3.4","0"
"employee","HR","9.1","2025-03-22 23:18:53","10","2025-03-21 12:18:53","4.6","0"
"manager","IT","4.2","2025-03-03 13:16:10","8","2025-03-01 21:16:10","3.5","0"
"employee","Finance","3.7","2025-03-26 01:12:50","4","2025-03-25 18:12:50","3.2","0"
"employee","Finance","5.1","2025-03-20 01:38:43","9","2025-03-19 17:38:43","1.6","0"
"employee","HR","9.1","2025-03-26 22:09:43","4","2025-03-24 22:09:43","2.2","0"
"employee","Operations","0.9","2025-03-13 08:08:48","9","2025-03-11 15:08:48","2.2","0"
"manager","Operations","3.3","2025-03-04 17:39:35","3","2025-03-04 01:39:35","4.0","0"
"manager","HR","3.1","2025-03-24 00:23:45","3","2025-03-23 12:23:45","2.0","0"
"admin","HR","0.5","2025-03-18 19:14:53","10","2025-03-18 00:14:53","3.3","1"
"admin","HR","5.3","2025-03-06 14:54:07","8","2025-03-06 08:54:07","2.6","1"
"manager","Finance","5.5","2025-03-28 19:14:02","5","2025-03-28 06:14:02","4.5","0"
"manager","Finance","3.9","2025-03-06 05:02:33","7","2025-03-05 06:02:33","5.0","0"
"employee","Operations","2.5","2025-03-13 08:20:22","2","2025-03-12 19:20:22","1.7","0"
"admin","HR","0.4","2025-03-28 08:11:24","2","2025-03-27 19:11:24","2.7","1"
"employee","Finance","8.7","2025-03-06 08:10:12","8","2025-03-06 05:10:12","0.8","0"
"manager","HR","2.8","2025-03-13 08:50:52","4","2025-03-13 02:50:52","3.0","0"
"employee","HR","3.5","2025-03-25 15:41:08","9","2025-03-25 05:41:08","4.8","0"
"admin","Operations","5.3","2025-03-14 06:25:38","9","2025-03-13 07:25:38","2.6","1"
"employee","IT","4.9","2025-03-16 09:31:41","6","2025-03-14 13:31:41","0.9","0"
"admin","Operations","5.6","2025-03-02 19:33:07","10","2025-03-01 23:33:07","1.5","1"
"employee","HR","2.8","2025-03-20 22:14:26","4","2025-03-20 03:14:26","3.5","0"
"admin","IT","7.7","2025-03-19 12:30:59","9","2025-03-18 02:30:59","2.1","1"
"manager","Finance","6.4","2025-03-30 17:31:25","5","2025-03-30 15:31:25","2.0","0"
"employee","IT","5.2","2025-03-08 07:11:43","10","2025-03-08 02:11:43","0.3","0"
"admin","Finance","9.5","2025-03-28 00:39:44","2","2025-03-27 09:39:44","0.3","1"
"admin","HR","3.3","2025-03-19 14:52:09","2","2025-03-18 05:52:09","1.6","1"
"admin","IT","1.1","2025-03-03 12:12:37","10","2025-03-02 05:12:37","2.7","1"
"employee","HR","2.8","2025-03-02 20:15:59","8","2025-03-02 03:15:59","1.0","0"
"manager","IT","0.3","2025-03-10 14:25:31","3","2025-03-08 20:25:31","0.8","1"
"manager","HR","7.1","2025-03-13 00:33:24","2","2025-03-11 02:33:24","5.0","0"
"manager","Finance","8.9","2025-03-08 02:29:35","7","2025-03-07 16:29:35","1.0","0"
"employee","Operations","9.7","2025-03-03 14:11:36","5","2025-03-02 04:11:36","1.0","0"
"manager","HR","2.8","2025-03-08 17:33:05","1","2025-03-08 02:33:05","1.3","1"
"manager","HR","1.1","2025-03-29 21:19:16","4","2025-03-29 21:19:16","4.4","0"
"manager","Finance","1.6","2025-03-06 22:42:26","8","2025-03-05 04:42:26","2.8","0"
"employee","IT","5.2","2025-03-25 20:29:17","7","2025-03-24 23:29:17","0.5","0"
"admin","IT","5.3","2025-03-10 17:07:07","4","2025-03-09 10:07:07","4.4","1"
"manager","HR","2.9","2025-03-14 11:54:10","10","2025-03-13 14:54:10","3.2","0"
"manager","Operations","2.2","2025-03-07 11:29:57","5","2025-03-05 11:29:57","2.9","0"
"admin","HR","2.7","2025-03-28 05:07:47","9","2025-03-28 04:07:47","3.5","1"
"employee","HR","7.8","2025-03-06 00:55:15","5","2025-03-05 08:55:15","1.4","0"
"manager","Finance","5.9","2025-03-04 03:02:03","8","2025-03-02 15:02:03","1.4","0"
"manager","IT","3.6","2025-03-27 07:53:43","8","2025-03-25 18:53:43","0.8","0"
"employee","HR","2.1","2025-03-15 00:16:53","8","2025-03-14 14:16:53","3.6","0"
"admin","Operations","2.9","2025-03-28 03:59:29","10","2025-03-27 18:59:29","2.7","1"
"employee","Operations","4.7","2025-03-26 08:34:11","5","2025-03-25 19:34:11","3.0","0"
"manager","Finance","5.8","2025-03-28 12:02:19","9","2025-03-27 07:02:19","0.9","0"
"employee","IT","2.1","2025-03-18 20:31:41","3","2025-03-17 05:31:41","4.9","0"
"manager","Operations","8.3","2025-03-15 09:43:12","1","2025-03-13 12:43:12","1.6","1"
"admin","IT","8.1","2025-03-20 21:41:05","6","2025-03-19 21:41:05","0.6","1"
"admin","Operations","0.1","2025-03-19 03:17:17","10","2025-03-18 23:17:17","0.2","1"
"admin","Operations","4.6","2025-03-26 13:14:09","1","2025-03-24 16:14:09","0.3","1"
"admin","Operations","1.4","2025-03-18 23:11:14","3","2025-03-18 01:11:14","2.6","1"
"manager","HR","0.5","2025-03-05 17:06:46","2","2025-03-03 17:06:46","2.7","1"
"admin","Finance","4.8","2025-03-19 15:03:47","10","2025-03-19 14:03:47","4.3","1"
"employee","IT","9.0","2025-03-11 14:26:47","2","2025-03-10 03:26:47","4.8","1"
"employee","Finance","1.6","2025-03-08 23:51:02","7","2025-03-07 21:51:02","3.9","0"
"admin","HR","1.9","2025-03-14 06:02:32","1","2025-03-12 19:02:32","3.4","1"
"admin","IT","4.6","2025-03-02 13:24:38","2","2025-03-01 06:24:38","2.7","1"
"employee","HR","3.7","2025-03-02 14:33:04","6","2025-02-28 19:33:04","4.9","0"
"employee","HR","8.5","2025-03-21 14:26:39","1","2025-03-21 01:26:39","3.6","1"
"admin","Finance","5.9","2025-03-19 12:05:54","4","2025-03-18 12:05:54","2.9","1"
"employee","Operations","9.0","2025-03-08 03:49:04","6","2025-03-07 22:49:04","3.1","0"
"admin","Finance","2.5","2025-03-03 04:26:04","5","2025-03-03 03:26:04","2.7","1"
"employee","Operations","9.3","2025-03-24 11:36:19","7","2025-03-22 18:36:19","4.4","0"
"admin","IT","8.0","2025-03-24 00:00:28","4","2025-03-23 21:00:28","0.8","1"
"employee","Finance","7.4","2025-03-15 05:56:41","10","2025-03-14 20:56:41","2.9","0"
"manager","HR","6.4","2025-03-03 13:53:28","2","2025-03-02 17:53:28","2.4","1"
"manager","IT","8.0","2025-03-28 02:26:15","6","2025-03-27 19:26:15","0.5","0"
"admin","Operations","7.6","2025-03-17 18:26:48","1","2025-03-15 18:26:48","4.4","1"
"admin","Operations","2.9","2025-03-27 14:18:03","9","2025-03-26 08:18:03","2.8","1"
"manager","IT","7.5","2025-03-06 23:18:57","9","2025-03-06 21:18:57","3.1","0"
"admin","IT","1.1","2025-03-09 11:05:53","5","2025-03-07 23:05:53","2.2","1"
"manager","Operations","1.3","2025-03-24 20:22:52","7","2025-03-24 11:22:52","2.6","0"
"manager","IT","4.5","2025-03-04 04:51:23","3","2025-03-04 00:51:23","4.0","0"
"admin","Operations","0.2","2025-03-25 10:24:42","2","2025-03-24 13:24:42","0.8","1"
"manager","Finance","4.1","2025-03-14 13:22:36","2","2025-03-13 16:22:36","0.9","1"
"manager","Operations","4.0","2025-03-25 20:09:45","10","2025-03-23 21:09:45","0.8","0"
"admin","HR","4.8","2025-03-29 01:36:02","5","2025-03-29 01:36:02","4.0","1"
"manager","HR","1.0","2025-03-13 23:09:53","1","2025-03-12 06:09:53","0.3","0"
"admin","HR","9.3","2025-03-10 10:43:25","3","2025-03-10 09:43:25","1.1","1"
"employee","IT","3.6","2025-03-17 15:45:45","6","2025-03-15 22:45:45","5.0","0"
"employee","Operations","6.4","2025-03-25 01:55:01","5","2025-03-24 20:55:01","1.2","0"
"employee","Finance","9.4","2025-03-03 01:00:07","7","2025-03-01 17:00:07","1.9","0"
"manager","Operations","6.9","2025-03-21 22:55:23","1","2025-03-21 13:55:23","2.7","0"
"admin","HR","3.2","2025-03-18 12:59:23","2","2025-03-16 22:59:23","2.8","1"
"manager","HR","6.7","2025-03-21 15:02:49","7","2025-03-20 10:02:49","2.8","0"
"admin","Operations","4.5","2025-03-08 11:11:04","1","2025-03-08 01:11:04","3.6","1"
"admin","Finance","2.3","2025-03-30 04:55:49","9","2025-03-30 03:55:49","5.0","1"
"admin","IT","2.1","2025-03-18 18:03:05","10","2025-03-18 00:03:05","3.8","1"
"manager","Operations","3.7","2025-03-30 08:21:54","1","2025-03-28 19:21:54","4.7","0"
"employee","Operations","8.3","2025-03-02 12:34:41","2","2025-03-02 01:34:41","1.4","1"
"admin","Finance","6.8","2025-03-22 08:37:31","6","2025-03-20 10:37:31","4.6","1"
"manager","IT","3.8","2025-03-30 15:26:57","8","2025-03-30 06:26:57","0.7","0"
"admin","HR","9.1","2025-03-26 06:04:25","6","2025-03-25 11:04:25","2.2","1"
"manager","IT","5.3","2025-03-08 10:00:52","5","2025-03-06 21:00:52","4.6","0"
"admin","Finance","4.1","2025-03-04 09:28:39","5","2025-03-04 09:28:39","0.4","1"
"admin","HR","4.1","2025-03-05 12:49:53","4","2025-03-04 06:49:53","4.6","1"
"admin","HR","2.4","2025-03-02 19:49:36","10","2025-03-02 11:49:36","4.1","1"
"admin","Finance","1.1","2025-03-08 05:17:24","10","2025-03-06 21:17:24","1.3","1"
"admin","IT","8.6","2025-03-09 00:01:48","5","2025-03-08 07:01:48","0.7","1"
"employee","HR","3.4","2025-03-02 03:13:05","10","2025-02-28 10:13:05","2.6","0"
"manager","Finance","0.8","2025-03-20 14:46:26","10","2025-03-20 02:46:26","4.9","0"
"admin","Operations","8.7","2025-03-08 18:02:12","3","2025-03-07 01:02:12","4.7","1"
"manager","IT","7.3","2025-03-10 04:00:21","1","2025-03-09 16:00:21","2.9","1"
"admin","Finance","2.5","2025-03-12 06:36:06","8","2025-03-11 23:36:06","1.1","1"
"employee","Finance","5.3","2025-03-20 12:25:34","2","2025-03-19 15:25:34","2.8","1"
"admin","Operations","9.6","2025-03-26 16:35:53","10","2025-03-26 06:35:53","1.2","1"
"manager","IT","2.9","2025-03-08 13:35:29","4","2025-03-07 05:35:29","4.6","0"
"manager","IT","9.4","2025-03-12 07:11:03","4","2025-03-10 21:11:03","2.1","1"
"employee","Operations","7.1","2025-03-20 16:11:00","4","2025-03-20 06:11:00","3.5","1"
"employee","HR","6.6","2025-03-24 07:40:50","2","2025-03-24 06:40:50","1.4","0"
"admin","IT","2.8","2025-03-27 06:05:39","2","2025-03-26 11:05:39","4.4","1"
"admin","HR","0.7","2025-03-27 07:48:33","1","2025-03-26 02:48:33","3.3","1"
"employee","Finance","2.8","2025-03-01 08:37:36","5","2025-02-27 14:37:36","3.1","0"
"admin","HR","8.3","2025-03-11 06:16:49","5","2025-03-09 23:16:49","2.1","1"
"admin","IT","1.1","2025-03-01 16:04:46","10","2025-02-28 21:04:46","1.1","1"
"admin","HR","9.8","2025-03-19 16:05:44","7","2025-03-19 09:05:44","0.9","1"
"admin","IT","3.2","2025-03-07 04:00:19","9","2025-03-05 20:00:19","0.8","1"
"employee","Operations","7.6","2025-03-10 03:00:47","8","2025-03-08 14:00:47","3.3","0"
"admin","IT","6.7","2025-03-06 00:10:03","2","2025-03-04 22:10:03","4.8","1"
"employee","Finance","7.5","2025-03-27 03:32:28","9","2025-03-26 06:32:28","3.7","0"
"manager","Finance","3.9","2025-03-08 02:36:37","5","2025-03-07 06:36:37","4.9","0"
"employee","IT","1.9","2025-03-15 22:08:09","6","2025-03-14 21:08:09","3.9","0"
"employee","Operations","5.6","2025-03-26 22:21:14","2","2025-03-24 22:21:14","1.9","0"
"employee","Finance","1.9","2025-03-28 08:27:26","10","2025-03-27 22:27:26","3.0","0"
"admin","Operations","3.7","2025-03-17 21:34:00","8","2025-03-17 17:34:00","0.2","1"
"employee","HR","8.8","2025-03-05 14:22:02","9","2025-03-04 05:22:02","2.1","0"
"manager","Finance","2.7","2025-03-12 13:03:37","5","2025-03-12 11:03:37","4.2","0"
"manager","Operations","6.8","2025-03-29 22:09:15","5","2025-03-28 05:09:15","4.5","0"
"employee","Operations","7.3","2025-03-18 16:55:31","6","2025-03-16 21:55:31","4.8","0"
"admin","IT","7.0","2025-03-23 11:38:50","7","2025-03-21 15:38:50","3.1","1"
"manager","HR","1.4","2025-03-16 16:40:54","6","2025-03-16 07:40:54","2.5","0"
"manager","Finance","1.2","2025-03-14 14:02:09","7","2025-03-12 21:02:09","0.5","0"
"employee","Finance","3.2","2025-03-07 11:35:56","5","2025-03-06 07:35:56","4.6","0"
"admin","HR","9.6","2025-03-28 22:12:42","8","2025-03-27 01:12:42","1.7","1"
"admin","Finance","1.3","2025-03-09 10:16:56","3","2025-03-08 10:16:56","3.0","1"
"manager","IT","4.9","2025-03-05 12:10:36","7","2025-03-05 09:10:36","0.5","0"
"employee","HR","9.0","2025-03-19 13:32:13","8","2025-03-19 10:32:13","4.5","0"
"manager","Finance","1.4","2025-03-19 15:22:08","9","2025-03-18 02:22:08","2.9","0"
"manager","Finance","1.0","2025-03-30 12:58:59","2","2025-03-30 03:58:59","2.6","0"
"admin","Operations","6.2","2025-03-22 17:06:24","9","2025-03-22 12:06:24","1.9","1"
"admin","Operations","2.7","2025-03-24 05:19:03","1","2025-03-24 01:19:03","2.0","1"
"manager","HR","7.0","2025-03-23 08:50:27","4","2025-03-22 01:50:27","2.0","0"
"employee","IT","3.9","2025-03-03 00:51:22","4","2025-03-02 17:51:22","4.3","0"
"admin","IT","6.0","2025-03-23 20:50:16","3","2025-03-23 12:50:16","2.1","1"
"employee","Operations","3.4","2025-03-26 09:25:28","9","2025-03-26 00:25:28","4.8","0"
"employee","IT","8.6","2025-03-28 07:36:37","8","2025-03-28 00:36:37","1.4","0"
"employee","Finance","0.7","2025-03-22 22:10:20","9","2025-03-21 15:10:20","4.9","0"
"admin","Finance","5.2","2025-03-19 00:53:14","10","2025-03-18 16:53:14","4.3","1"
"admin","Finance","8.1","2025-03-27 22:14:27","9","2025-03-25 22:14:27","0.5","1"
"admin","Finance","7.1","2025-03-21 02:43:59","6","2025-03-20 18:43:59","3.0","1"
"employee","HR","0.5","2025-03-04 04:28:44","5","2025-03-03 11:28:44","4.0","0"
"admin","IT","5.2","2025-03-25 02:54:57","8","2025-03-23 02:54:57","2.1","1"
"manager","HR","4.8","2025-03-22 06:35:01","2","2025-03-21 05:35:01","4.6","0"
"manager","Operations","6.7","2025-03-28 15:53:46","1","2025-03-27 10:53:46","0.6","1"
"manager","Finance","9.1","2025-03-24 23:14:59","9","2025-03-23 22:14:59","4.9","0"
"employee","IT","3.6","2025-03-07 21:40:38","10","2025-03-07 10:40:38","0.4","0"
"manager","Finance","2.3","2025-03-09 21:16:49","9","2025-03-08 22:16:49","4.8","0"
"admin","HR","8.7","2025-03-01 19:21:51","6","2025-03-01 03:21:51","3.6","1"
"employee","IT","4.5","2025-03-21 08:40:05","8","2025-03-19 15:40:05","3.9","0"
"manager","Operations","2.3","2025-03-04 02:24:54","9","2025-03-03 18:24:54","1.1","0"
"manager","Operations","8.5","2025-03-24 18:07:02","9","2025-03-24 02:07:02","0.7","0"
"manager","HR","9.6","2025-03-27 11:34:30","5","2025-03-27 07:34:30","0.2","1"
"manager","Operations","7.0","2025-03-28 06:37:11","7","2025-03-26 22:37:11","2.2","0"
"admin","Operations","8.1","2025-03-29 00:45:09","1","2025-03-27 01:45:09","1.0","1"
"employee","Finance","2.5","2025-03-30 16:23:10","7","2025-03-29 18:23:10","1.6","0"
"employee","HR","2.6","2025-03-15 01:11:53","2","2025-03-13 08:11:53","3.1","0"
"manager","HR","4.6","2025-03-07 08:31:34","9","2025-03-05 18:31:34","0.3","0"
"manager","Finance","0.6","2025-03-24 18:27:18","9","2025-03-23 20:27:18","2.3","0"
"admin","Operations","3.3","2025-03-21 10:10:30","10","2025-03-20 18:10:30","4.3","1"
"employee","Finance","1.8","2025-03-02 06:45:58","9","2025-03-02 03:45:58","2.2","0"
"admin","Finance","0.9","2025-03-23 19:23:04","10","2025-03-23 10:23:04","0.9","1"
"admin","IT","9.2","2025-03-15 17:07:13","3","2025-03-15 07:07:13","1.5","1"
"employee","Finance","4.7","2025-03-19 01:46:28","7","2025-03-18 00:46:28","2.8","0"
"employee","Operations","4.6","2025-03-17 13:12:20","4","2025-03-16 07:12:20","4.0","0"
"employee","HR","9.0","2025-03-20 00:27:54","1","2025-03-19 17:27:54","0.4","0"
"employee","Finance","2.3","2025-03-26 00:21:07","6","2025-03-25 02:21:07","3.4","0"
"admin","HR","2.8","2025-03-16 13:22:21","1","2025-03-16 07:22:21","2.1","1"
"manager","Operations","0.7","2025-03-21 18:19:53","8","2025-03-20 05:19:53","2.9","0"
"manager","IT","6.0","2025-03-07 09:41:19","10","2025-03-07 01:41:19","4.3","0"
"manager","Finance","3.8","2025-03-27 09:05:57","8","2025-03-26 21:05:57","4.7","0"
"admin","Operations","0.9","2025-03-09 16:12:37","7","2025-03-09 16:12:37","2.5","1"
"admin","Operations","7.1","2025-03-07 00:38:02","5","2025-03-05 08:38:02","2.7","1"
"employee","IT","0.5","2025-03-13 13:16:33","3","2025-03-12 03:16:33","3.1","0"
"admin","IT","4.8","2025-03-19 15:20:18","1","2025-03-19 04:20:18","3.4","1"
"admin","HR","3.8","2025-03-07 13:29:16","10","2025-03-07 00:29:16","0.2","1"
"employee","Operations","5.0","2025-03-18 22:18:29","4","2025-03-18 20:18:29","3.5","0"
"manager","HR","9.1","2025-03-13 12:03:51","7","2025-03-12 23:03:51","2.1","0"
"employee","Finance","0.7","2025-03-25 21:11:38","8","2025-03-24 20:11:38","4.6","0"
"admin","Operations","6.9","2025-03-20 04:21:37","5","2025-03-19 00:21:37","1.0","1"
"employee","Operations","1.1","2025-03-03 18:49:05","8","2025-03-03 10:49:05","4.1","0"
"manager","Operations","1.9","2025-03-24 05:26:00","8","2025-03-22 09:26:00","4.6","0"
"employee","Finance","3.7","2025-03-02 13:30:11","9","2025-03-02 07:30:11","1.8","0"
"employee","IT","6.4","2025-03-02 09:43:09","9","2025-03-01 12:43:09","1.2","0"
"manager","Operations","0.3","2025-03-01 01:10:38","5","2025-02-28 13:10:38","1.4","0"
"employee","IT","8.5","2025-03-30 10:30:47","7","2025-03-29 22:30:47","1.5","0"
"manager","HR","5.3","2025-03-01 19:05:00","8","2025-02-27 22:05:00","0.8","0"
"manager","HR","8.2","2025-03-14 00:35:58","7","2025-03-13 09:35:58","4.8","0"
"manager","Operations","9.8","2025-03-30 03:59:40","9","2025-03-29 11:59:40","3.6","0"
"manager","IT","1.9","2025-03-25 18:58:33","6","2025-03-23 18:58:33","3.0","0"
"admin","Operations","5.9","2025-03-16 19:09:47","6","2025-03-15 05:09:47","3.6","1"
"admin","Operations","2.9","2025-03-27 08:54:36","5","2025-03-25 10:54:36","1.7","1"
"employee","HR","9.7","2025-03-15 12:05:36","10","2025-03-14 05:05:36","2.4","0"
"manager","Finance","3.2","2025-03-24 06:08:27","2","2025-03-24 00:08:27","1.3","0"
"employee","IT","7.3","2025-03-11 20:46:46","6","2025-03-10 21:46:46","2.0","1"
"admin","IT","2.1","2025-03-07 19:36:14","6","2025-03-07 17:36:14","4.8","1"
"admin","Finance","6.5","2025-03-04 04:06:14","8","2025-03-02 05:06:14","0.9","1"
"manager","Operations","9.3","2025-03-24 17:01:27","8","2025-03-24 15:01:27","3.1","0"
"admin","HR","1.0","2025-03-16 07:53:55","1","2025-03-14 11:53:55","4.3","1"
"manager","Operations","9.9","2025-03-11 06:40:11","1","2025-03-09 08:40:11","4.9","0"
"admin","Operations","0.7","2025-03-03 20:26:32","8","2025-03-03 18:26:32","4.8","1"
"admin","IT","8.7","2025-03-29 07:45:12","8","2025-03-28 09:45:12","2.0","1"
"admin","IT","7.4","2025-03-21 05:01:49","3","2025-03-20 06:01:49","4.2","1"
"employee","Operations","8.3","2025-03-10 04:42:32","5","2025-03-08 15:42:32","3.4","0"
"employee","IT","2.5","2025-03-28 16:54:52","7","2025-03-26 20:54:52","0.8","0"
"admin","Finance","7.5","2025-03-22 21:36:36","4","2025-03-22 18:36:36","2.5","1"
"admin","Finance","2.1","2025-03-22 11:43:14","8","2025-03-21 14:43:14","2.9","1"
"admin","IT","8.7","2025-03-12 22:03:14","8","2025-03-12 12:03:14","4.2","1"
"manager","Operations","2.3","2025-03-27 06:49:41","9","2025-03-25 10:49:41","4.1","0"
"manager","IT","2.6","2025-03-15 09:36:57","10","2025-03-13 22:36:57","1.3","0"
"admin","HR","5.6","2025-03-04 03:08:13","2","2025-03-03 02:08:13","4.1","1"
"employee","Finance","9.1","2025-03-07 17:19:13","4","2025-03-07 00:19:13","1.6","1"
"admin","Operations","0.3","2025-03-11 05:09:39","10","2025-03-10 03:09:39","1.8","1"
"admin","HR","0.3","2025-03-08 00:10:59","2","2025-03-06 13:10:59","0.7","1"
"admin","Finance","5.9","2025-03-19 08:15:05","8","2025-03-17 22:15:05","3.9","1"
"admin","Finance","0.8","2025-03-16 09:55:51","6","2025-03-15 11:55:51","2.7","1"
"employee","HR","2.7","2025-03-17 23:23:59","8","2025-03-16 22:23:59","4.4","0"
"admin","Operations","1.8","2025-03-29 02:04:01","5","2025-03-28 00:04:01","3.5","1"
"employee","Operations","2.5","2025-03-09 01:14:01","10","2025-03-08 09:14:01","3.2","0"
"admin","IT","7.5","2025-03-21 10:36:03","5","2025-03-20 13:36:03","4.6","1"
"employee","HR","8.7","2025-03-16 05:35:45","3","2025-03-16 00:35:45","0.1","0"
"admin","Finance","5.3","2025-03-26 01:51:12","9","2025-03-24 06:51:12","3.4","1"
"admin","Finance","4.5","2025-03-27 11:19:34","1","2025-03-27 07:19:34","0.6","1"
"admin","HR","5.2","2025-03-21 23:46:48","2","2025-03-21 04:46:48","2.6","1"
"manager","HR","6.6","2025-03-28 21:01:44","5","2025-03-27 07:01:44","4.2","0"
"admin","IT","1.7","2025-03-28 15:46:16","5","2025-03-28 01:46:16","1.2","1"
"employee","Finance","4.4","2025-03-15 13:13:53","7","2025-03-13 21:13:53","0.4","0"
"employee","Operations","5.6","2025-03-13 02:58:44","9","2025-03-12 16:58:44","2.1","0"
"manager","IT","6.9","2025-03-02 02:38:27","3","2025-03-01 19:38:27","1.1","1"
"employee","Operations","9.6","2025-03-20 06:34:16","2","2025-03-20 00:34:16","3.7","0"
"manager","HR","0.2","2025-03-01 01:35:01","5","2025-02-27 20:35:01","0.9","0"
"admin","Finance","4.1","2025-03-29 22:05:31","4","2025-03-28 08:05:31","2.0","1"
"admin","IT","8.3","2025-03-12 02:33:35","6","2025-03-11 02:33:35","0.6","1"
"manager","Operations","7.9","2025-03-22 17:39:36","2","2025-03-21 13:39:36","1.9","1"
"employee","HR","2.3","2025-03-02 18:12:59","7","2025-03-01 20:12:59","2.6","0"
"manager","HR","2.6","2025-03-14 06:22:25","10","2025-03-14 06:22:25","1.4","0"
"manager","IT","2.5","2025-03-07 09:27:44","5","2025-03-05 23:27:44","2.7","0"
"admin","Finance","4.1","2025-03-11 00:05:44","10","2025-03-09 04:05:44","3.2","1"
"employee","Finance","2.8","2025-03-08 05:58:15","7","2025-03-07 23:58:15","2.1","0"
"admin","HR","0.2","2025-03-01 06:40:47","3","2025-02-28 16:40:47","1.9","1"
"admin","IT","6.3","2025-03-07 17:12:37","3","2025-03-06 13:12:37","1.2","1"
"employee","Operations","7.4","2025-03-21 05:25:21","3","2025-03-20 14:25:21","0.9","0"
"manager","HR","4.3","2025-03-10 08:48:04","5","2025-03-08 21:48:04","0.8","0"
"admin","IT","4.0","2025-03-13 10:40:24","7","2025-03-11 14:40:24","2.4","1"
"admin","HR","3.2","2025-03-11 08:59:28","6","2025-03-09 19:59:28","1.5","1"
"employee","IT","5.9","2025-03-16 11:26:52","3","2025-03-16 01:26:52","0.8","1"
"manager","Operations","6.9","2025-03-20 05:11:01","2","2025-03-20 04:11:01","2.7","0"
"employee","Finance","6.2","2025-03-23 15:44:42","10","2025-03-22 10:44:42","1.2","0"
"manager","Operations","8.6","2025-03-04 00:21:44","2","2025-03-03 14:21:44","3.1","0"
"admin","HR","0.4","2025-03-20 17:49:38","2","2025-03-19 02:49:38","3.9","1"
"employee","Finance","1.2","2025-03-12 16:58:29","5","2025-03-12 06:58:29","0.8","0"
"manager","Operations","7.9","2025-03-29 18:07:53","2","2025-03-29 15:07:53","1.8","0"
"manager","Operations","7.4","2025-03-01 04:04:15","8","2025-02-27 07:04:15","0.7","0"
"admin","Operations","8.5","2025-03-04 01:18:02","7","2025-03-03 20:18:02","1.4","1"
"manager","Finance","6.2","2025-03-22 16:32:37","2","2025-03-22 02:32:37","1.1","1"
"employee","Operations","2.4","2025-03-04 10:02:54","5","2025-03-03 08:02:54","4.0","0"
"admin","Operations","0.4","2025-03-25 18:29:49","1","2025-03-25 01:29:49","3.1","1"
"manager","Operations","8.9","2025-03-25 07:57:28","10","2025-03-24 15:57:28","3.2","0"
"admin","Finance","8.6","2025-03-01 04:10:46","6","2025-02-27 14:10:46","2.4","1"
"manager","IT","7.8","2025-03-26 15:44:00","3","2025-03-26 03:44:00","4.2","1"
"manager","HR","0.9","2025-03-20 23:58:21","7","2025-03-19 14:58:21","4.9","0"
"admin","Finance","2.2","2025-03-09 07:31:31","1","2025-03-08 16:31:31","3.4","1"
"manager","IT","5.3","2025-03-11 08:13:58","8","2025-03-09 08:13:58","4.0","0"
"admin","Operations","0.8","2025-03-12 18:27:36","9","2025-03-12 09:27:36","3.3","1"
"employee","Finance","8.5","2025-03-25 01:35:54","10","2025-03-23 11:35:54","3.8","0"
"admin","Operations","8.2","2025-03-04 22:06:41","6","2025-03-03 03:06:41","2.8","1"
"admin","Finance","2.9","2025-03-17 10:19:12","8","2025-03-15 21:19:12","1.3","1"
"employee","HR","9.3","2025-03-23 14:38:26","5","2025-03-23 11:38:26","1.0","1"
"employee","HR","2.7","2025-03-24 10:11:47","2","2025-03-24 05:11:47","3.7","1"
"manager","HR","5.4","2025-03-24 14:49:53","6","2025-03-22 21:49:53","1.6","0"
"admin","Operations","1.1","2025-03-05 14:36:39","7","2025-03-05 05:36:39","2.1","1"
"admin","Operations","5.6","2025-03-11 22:38:30","3","2025-03-11 07:38:30","3.9","1"
"admin","IT","8.0","2025-03-03 18:37:28","3","2025-03-02 20:37:28","1.4","1"
"manager","HR","4.1","2025-03-06 16:49:25","8","2025-03-05 08:49:25","2.0","0"
"employee","IT","3.5","2025-03-30 21:01:15","1","2025-03-29 11:01:15","4.8","1"
"admin","Finance","4.1","2025-03-01 19:12:13","7","2025-02-28 03:12:13","2.6","1"
"employee","Finance","6.8","2025-03-27 08:14:56","9","2025-03-27 04:14:56","1.3","0"
"employee","Operations","1.8","2025-03-10 05:37:50","2","2025-03-10 03:37:50","1.4","0"
"admin","IT","1.6","2025-03-11 10:03:36","9","2025-03-09 12:03:36","3.0","1"
"manager","Operations","3.6","2025-03-08 04:36:23","5","2025-03-06 12:36:23","1.0","0"
"admin","HR","9.9","2025-03-05 10:10:03","7","2025-03-05 00:10:03","2.8","1"
"admin","IT","6.2","2025-03-14 19:15:53","10","2025-03-14 02:15:53","3.3","1"
"manager","IT","0.7","2025-03-01 17:46:32","2","2025-02-28 06:46:32","2.4","1"
"admin","IT","1.1","2025-03-22 09:24:23","2","2025-03-21 17:24:23","0.5","1"
"employee","Finance","2.2","2025-03-05 05:41:48","1","2025-03-04 13:41:48","1.0","0"
"employee","Operations","1.4","2025-03-21 00:09:59","6","2025-03-20 07:09:59","3.8","0"
"admin","Finance","9.7","2025-03-15 22:26:45","3","2025-03-14 18:26:45","0.8","1"
"manager","Finance","6.9","2025-03-17 02:23:31","4","2025-03-16 02:23:31","4.7","0"
"employee","HR","8.4","2025-03-04 16:40:18","5","2025-03-02 20:40:18","4.6","0"
"admin","Operations","5.6","2025-03-22 15:31:29","7","2025-03-21 20:31:29","3.5","1"
"manager","Operations","5.9","2025-03-21 07:27:35","4","2025-03-19 23:27:35","4.3","0"
"employee","Operations","0.0","2025-03-16 16:57:29","8","2025-03-15 10:57:29","3.4","0"
"employee","HR","2.7","2025-03-17 08:39:56","4","2025-03-15 19:39:56","3.5","0"
"admin","Operations","3.0","2025-03-26 23:13:53","7","2025-03-26 07:13:53","3.5","1"
"admin","HR","8.8","2025-03-01 00:37:40","5","2025-02-28 04:37:40","1.1","1"
"admin","Finance","3.6","2025-03-28 18:49:37","8","2025-03-28 10:49:37","1.7","1"
"admin","IT","3.8","2025-03-04 21:53:00","8","2025-03-02 23:53:00","3.7","1"
"employee","Finance","2.3","2025-03-14 03:57:20","10","2025-03-13 20:57:20","1.9","0"
"admin","Operations","1.5","2025-03-23 18:21:21","6","2025-03-22 05:21:21","0.7","1"
"admin","IT","0.0","2025-03-03 11:07:47","10","2025-03-02 17:07:47","3.9","1"
"employee","HR","4.9","2025-03-12 11:46:15","9","2025-03-10 13:46:15","1.3","0"
"admin","Finance","2.8","2025-03-06 00:28:36","5","2025-03-04 18:28:36","2.3","1"
"manager","Operations","3.8","2025-03-30 00:21:14","4","2025-03-28 20:21:14","4.4","0"
"manager","Finance","6.0","2025-03-24 15:00:12","9","2025-03-24 08:00:12","1.1","0"
"employee","IT","9.1","2025-03-05 07:54:12","4","2025-03-04 19:54:12","0.6","1"
"admin","IT","3.6","2025-03-06 01:00:33","10","2025-03-04 04:00:33","4.3","1"
"admin","Finance","2.4","2025-03-30 23:14:02","2","2025-03-29 03:14:02","1.2","1"
"manager","Operations","5.8","2025-03-14 13:22:50","9","2025-03-13 05:22:50","0.1","0"
"admin","HR","7.8","2025-03-12 19:03:28","1","2025-03-12 11:03:28","2.1","1"
"manager","Finance","2.1","2025-03-17 18:00:52","3","2025-03-17 06:00:52","0.2","0"
"manager","Operations","1.1","2025-03-06 21:43:42","8","2025-03-05 11:43:42","2.7","0"
"manager","HR","1.5","2025-03-06 07:24:37","2","2025-03-05 20:24:37","3.6","0"
"admin","HR","9.8","2025-03-01 19:37:28","10","2025-03-01 19:37:28","3.1","1"
"admin","Operations","0.1","2025-03-29 02:34:06","3","2025-03-28 17:34:06","2.6","1"
"employee","IT","3.3","2025-03-30 19:11:26","1","2025-03-29 12:11:26","1.9","0"
"manager","Operations","6.8","2025-03-08 00:34:21","5","2025-03-06 07:34:21","1.1","0"
"admin","HR","3.5","2025-03-29 22:33:21","8","2025-03-29 16:33:21","2.2","1"
"manager","HR","1.4","2025-03-19 14:45:07","2","2025-03-19 05:45:07","3.7","1"
"employee","Finance","1.9","2025-03-28 02:29:04","4","2025-03-26 22:29:04","2.2","0"
"employee","HR","8.1","2025-03-05 13:14:59","6","2025-03-04 14:14:59","4.8","0"
"manager","HR","8.1","2025-03-04 13:20:32","4","2025-03-03 17:20:32","0.4","1"
"manager","Finance","8.6","2025-03-12 12:24:48","5","2025-03-10 19:24:48","1.6","0"
"manager","Operations","9.4","2025-03-07 19:32:20","3","2025-03-06 18:32:20","4.1","0"
"manager","Finance","9.2","2025-03-09 16:51:31","4","2025-03-07 17:51:31","0.3","0"
"admin","Finance","5.4","2025-03-14 05:01:31","10","2025-03-12 23:01:31","1.8","1"
"admin","IT","10.0","2025-03-24 10:26:01","7","2025-03-22 10:26:01","1.5","1"
"manager","Operations","8.1","2025-03-15 10:16:09","10","2025-03-13 16:16:09","1.0","0"
"employee","Operations","4.5","2025-03-26 16:08:40","6","2025-03-26 03:08:40","0.9","1"
"admin","HR","7.4","2025-03-07 19:03:41","4","2025-03-07 03:03:41","2.4","1"
"employee","Operations","5.4","2025-03-11 15:44:11","5","2025-03-10 13:44:11","2.2","0"
"manager","Finance","2.0","2025-03-11 11:31:03","1","2025-03-09 21:31:03","4.8","1"
"manager","Operations","8.3","2025-03-19 04:29:55","1","2025-03-17 12:29:55","3.2","0"
"employee","HR","5.2","2025-03-29 18:30:51","9","2025-03-28 02:30:51","2.5","0"
"employee","IT","1.9","2025-03-07 12:07:28","9","2025-03-06 15:07:28","0.9","0"
"employee","Operations","5.4","2025-03-09 20:04:30","3","2025-03-09 10:04:30","3.9","0"
"employee","IT","4.7","2025-03-18 18:10:48","5","2025-03-16 21:10:48","1.8","0"
"employee","Operations","8.3","2025-03-06 00:59:38","7","2025-03-04 08:59:38","4.9","0"
"employee","IT","7.3","2025-03-01 12:52:00","9","2025-02-27 23:52:00","2.2","0"
"admin","Finance","3.1","2025-03-08 06:08:29","6","2025-03-07 14:08:29","0.8","1"
"employee","Finance","9.7","2025-03-13 04:44:29","1","2025-03-12 21:44:29","2.4","0"
"admin","Operations","0.4","2025-03-03 10:03:26","2","2025-03-03 01:03:26","4.9","1"
"manager","Finance","2.4","2025-03-08 19:20:18","2","2025-03-07 14:20:18","0.2","0"
"manager","Finance","8.8","2025-03-20 21:20:00","6","2025-03-20 04:20:00","3.6","0"
"employee","Finance","4.3","2025-03-28 07:22:22","10","2025-03-27 15:22:22","2.2","0"
"admin","Operations","6.8","2025-03-28 02:38:29","8","2025-03-26 19:38:29","1.1","1"
"manager","IT","9.1","2025-03-21 18:10:44","5","2025-03-20 03:10:44","2.4","0"
"manager","HR","5.6","2025-03-05 15:44:22","4","2025-03-05 15:44:22","3.1","1"
"employee","Operations","4.5","2025-03-28 09:33:26","1","2025-03-27 10:33:26","4.4","1"
"manager","Operations","7.6","2025-03-20 02:08:01","3","2025-03-20 00:08:01","4.3","0"
"manager","IT","6.9","2025-03-08 03:59:11","3","2025-03-06 22:59:11","1.9","1"
"manager","HR","3.5","2025-03-05 14:35:54","4","2025-03-04 23:35:54","3.9","1"
"admin","IT","8.4","2025-03-12 11:50:06","5","2025-03-11 06:50:06","2.4","1"
"employee","Finance","5.0","2025-03-05 04:50:52","6","2025-03-04 07:50:52","3.2","0"
"manager","HR","9.1","2025-03-13 07:22:53","3","2025-03-11 12:22:53","0.4","0"
"admin","Finance","8.8","2025-03-13 08:08:56","2","2025-03-13 00:08:56","1.5","1"
"employee","HR","8.2","2025-03-20 02:50:38","9","2025-03-19 12:50:38","3.0","0"
"employee","IT","8.1","2025-03-18 05:28:36","9","2025-03-16 15:28:36","4.1","0"
"employee","Operations","3.7","2025-03-19 08:33:33","3","2025-03-18 03:33:33","5.0","0"
"admin","IT","8.6","2025-03-04 13:29:37","4","2025-03-02 13:29:37","0.5","1"
"employee","Finance","2.1","2025-03-22 22:08:37","2","2025-03-22 21:08:37","4.9","0"
"admin","Operations","4.7","2025-03-07 04:08:46","4","2025-03-06 06:08:46","0.9","1"
"admin","HR","2.2","2025-03-04 06:40:36","4","2025-03-02 08:40:36","1.2","1"
"employee","Operations","2.7","2025-03-19 11:15:25","5","2025-03-18 15:15:25","0.8","0"
"manager","IT","2.9","2025-03-29 22:21:33","8","2025-03-29 08:21:33","2.4","0"
"admin","IT","8.9","2025-03-07 13:09:35","3","2025-03-06 17:09:35","2.6","1"
"admin","Operations","4.2","2025-03-28 04:08:10","8","2025-03-26 14:08:10","2.4","1"
"manager","Operations","4.2","2025-03-30 05:11:36","8","2025-03-29 05:11:36","3.3","0"
"admin","IT","6.9","2025-03-17 11:10:53","4","2025-03-17 03:10:53","2.3","1"
"manager","HR","8.0","2025-03-18 20:09:48","6","2025-03-18 02:09:48","3.3","0"
"admin","IT","8.3","2025-03-16 06:28:19","8","2025-03-15 16:28:19","3.7","1"
"manager","Finance","9.1","2025-03-20 23:34:17","3","2025-03-20 21:34:17","2.0","0"
"manager","Finance","2.5","2025-03-18 13:46:53","9","2025-03-17 17:46:53","4.7","0"
"manager","IT","9.2","2025-03-22 04:51:41","6","2025-03-22 04:51:41","0.2","0"
"admin","Operations","5.6","2025-03-27 02:12:45","5","2025-03-25 21:12:45","2.7","1"
"employee","Finance","1.4","2025-03-24 07:44:58","8","2025-03-22 11:44:58","2.5","0"
"manager","HR","9.1","2025-03-24 23:05:39","10","2025-03-23 15:05:39","0.8","0"
"employee","Operations","4.2","2025-03-05 03:33:18","9","2025-03-04 12:33:18","1.5","0"
"manager","IT","6.7","2025-03-04 09:31:13","10","2025-03-04 00:31:13","0.5","0"
"employee","IT","2.1","2025-03-10 05:25:40","6","2025-03-09 01:25:40","2.5","0"
"manager","HR","4.0","2025-03-15 23:02:37","6","2025-03-14 19:02:37","4.4","0"
"manager","Finance","6.2","2025-03-30 14:27:38","10","2025-03-30 09:27:38","2.4","0"
"employee","HR","5.6","2025-03-28 09:47:14","5","2025-03-26 11:47:14","0.6","0"
"employee","HR","0.7","2025-03-15 17:27:26","8","2025-03-14 14:27:26","2.6","0"
"employee","Finance","3.6","2025-03-26 03:37:16","8","2025-03-25 03:37:16","1.0","0"
"manager","Finance","0.2","2025-03-01 23:58:01","9","2025-03-01 20:58:01","4.8","0"
"admin","HR","0.5","2025-03-29 09:24:28","6","2025-03-28 22:24:28","2.5","1"
"admin","Operations","4.0","2025-03-06 23:28:37","3","2025-03-05 20:28:37","2.2","1"
"manager","Finance","9.8","2025-03-03 14:04:06","10","2025-03-02 00:04:06","2.0","0"
"admin","HR","3.0","2025-03-27 20:47:32","9","2025-03-27 13:47:32","3.1","1"
"manager","Finance","2.5","2025-03-16 17:53:38","9","2025-03-15 19:53:38","4.1","0"
"employee","Operations","3.9","2025-03-30 12:32:06","2","2025-03-29 20:32:06","1.2","1"
"manager","Finance","5.8","2025-03-14 23:22:08","3","2025-03-14 22:22:08","2.6","0"
"manager","Operations","0.4","2025-03-19 11:21:47","4","2025-03-17 22:21:47","0.3","0"
"admin","Operations","2.4","2025-03-02 02:14:56","4","2025-03-01 16:14:56","3.2","1"
"employee","Operations","8.8","2025-03-26 23:00:04","1","2025-03-26 05:00:04","4.0","0"
"employee","Finance","4.5","2025-03-14 01:21:20","7","2025-03-13 14:21:20","3.5","0"
"admin","IT","7.5","2025-03-10 04:19:51","6","2025-03-09 18:19:51","0.4","1"
"employee","HR","0.7","2025-03-06 13:48:07","6","2025-03-05 00:48:07","3.7","0"
"manager","Finance","2.8","2025-03-19 01:03:38","1","2025-03-18 10:03:38","4.8","0"
"employee","Finance","2.2","2025-03-20 09:53:42","8","2025-03-19 15:53:42","4.6","0"
"admin","Finance","3.4","2025-03-27 19:17:36","4","2025-03-26 03:17:36","4.7","1"
"employee","Operations","6.3","2025-03-14 16:15:09","8","2025-03-13 08:15:09","1.6","0"
"employee","HR","1.5","2025-03-17 12:00:31","4","2025-03-16 12:00:31","1.4","0"
"manager","Operations","8.9","2025-03-08 22:06:44","5","2025-03-07 06:06:44","3.6","0"
"manager","Finance","3.4","2025-03-24 23:21:13","10","2025-03-24 22:21:13","4.1","0"
"manager","Finance","3.4","2025-03-18 10:03:24","4","2025-03-17 16:03:24","0.4","0"
"admin","Finance","4.0","2025-03-15 23:20:40","10","2025-03-14 04:20:40","4.6","1"
"admin","Operations","3.6","2025-03-05 21:15:11","6","2025-03-04 09:15:11","1.0","1"
"admin","HR","9.0","2025-03-20 06:40:26","3","2025-03-18 13:40:26","4.7","1"
"admin","HR","6.7","2025-03-19 14:09:41","10","2025-03-18 01:09:41","4.1","1"
"manager","HR","6.5","2025-03-26 09:08:22","7","2025-03-24 21:08:22","0.2","0"
"admin","Finance","7.5","2025-03-06 23:51:16","5","2025-03-06 01:51:16","1.6","1"
"employee","IT","8.5","2025-03-28 07:57:45","4","2025-03-26 08:57:45","3.5","1"
"admin","Operations","3.1","2025-03-29 00:07:32","3","2025-03-27 03:07:32","1.8","1"
"admin","Finance","2.5","2025-03-23 03:04:11","3","2025-03-21 23:04:11","2.0","1"
"employee","IT","3.4","2025-03-07 05:06:24","10","2025-03-06 17:06:24","4.0","0"
"admin","IT","0.5","2025-03-27 10:58:57","10","2025-03-26 16:58:57","1.5","1"
"employee","Operations","1.6","2025-03-03 14:43:35","5","2025-03-03 07:43:35","3.2","0"
"admin","Finance","3.2","2025-03-18 00:15:41","7","2025-03-17 09:15:41","2.4","1"
"admin","Operations","0.8","2025-03-16 20:14:39","3","2025-03-14 22:14:39","4.9","1"
"admin","IT","8.8","2025-03-28 21:58:16","6","2025-03-28 01:58:16","4.1","1"
"employee","Finance","5.7","2025-03-06 11:50:29","9","2025-03-05 22:50:29","3.3","0"
"manager","Operations","0.3","2025-03-16 07:15:59","6","2025-03-16 01:15:59","2.3","0"
"manager","Operations","3.2","2025-03-27 12:25:08","2","2025-03-27 08:25:08","1.8","1"
"manager","HR","2.2","2025-03-10 14:49:59","2","2025-03-09 16:49:59","1.0","1"
"manager","Finance","9.5","2025-03-14 01:56:47","1","2025-03-12 05:56:47","0.6","0"
"admin","HR","7.7","2025-03-29 21:23:11","1","2025-03-28 13:23:11","3.7","1"
"employee","Finance","9.4","2025-03-20 21:41:41","2","2025-03-20 16:41:41","0.2","0"
"employee","IT","3.1","2025-03-23 02:55:56","8","2025-03-22 20:55:56","3.8","0"
"employee","IT","4.5","2025-03-25 03:52:52","5","2025-03-24 12:52:52","4.4","0"
"admin","Operations","3.5","2025-03-26 05:33:35","10","2025-03-24 11:33:35","3.3","1"
"manager","Finance","8.8","2025-03-30 17:51:50","8","2025-03-29 17:51:50","4.4","0"
"admin","IT","5.5","2025-03-13 04:28:41","5","2025-03-12 08:28:41","4.7","1"
"employee","Operations","5.2","2025-03-25 12:09:25","5","2025-03-24 16:09:25","4.5","0"
"admin","HR","6.8","2025-03-03 20:19:34","10","2025-03-02 10:19:34","2.3","1"
"employee","Finance","3.1","2025-03-13 05:29:00","10","2025-03-12 08:29:00","4.9","0"
"admin","HR","4.6","2025-03-14 22:50:21","4","2025-03-14 20:50:21","4.6","1"
"manager","IT","2.5","2025-03-05 18:47:53","8","2025-03-04 07:47:53","4.2","0"
"manager","HR","2.8","2025-03-04 05:34:18","5","2025-03-03 12:34:18","1.1","0"
"admin","Operations","0.5","2025-03-06 21:46:35","2","2025-03-04 23:46:35","0.7","1"
"employee","HR","8.1","2025-03-24 02:50:43","9","2025-03-22 08:50:43","3.4","0"
"manager","Finance","9.1","2025-03-14 03:08:57","3","2025-03-13 14:08:57","0.4","0"
"manager","IT","8.4","2025-03-19 14:20:42","10","2025-03-17 14:20:42","0.6","0"
"manager","IT","3.3","2025-03-24 13:11:45","4","2025-03-24 09:11:45","3.1","1"
"manager","HR","6.9","2025-03-04 02:07:54","4","2025-03-03 02:07:54","0.7","0"
"employee","IT","5.4","2025-03-02 18:09:45","1","2025-03-01 16:09:45","5.0","1"
"employee","Finance","4.8","2025-03-29 07:25:33","1","2025-03-27 16:25:33","3.5","0"
"admin","Finance","6.5","2025-03-30 19:34:23","10","2025-03-30 18:34:23","0.8","1"
"manager","HR","8.8","2025-03-06 08:07:20","5","2025-03-05 16:07:20","2.6","0"
"admin","HR","1.4","2025-03-24 21:11:55","8","2025-03-24 15:11:55","5.0","1"
"admin","Finance","7.7","2025-03-10 00:24:57","4","2025-03-08 07:24:57","5.0","1"
"employee","Finance","0.8","2025-03-08 13:33:29","8","2025-03-07 00:33:29","4.3","0"
"admin","IT","8.4","2025-03-14 06:35:20","2","2025-03-13 01:35:20","0.2","1"
"manager","HR","5.8","2025-03-27 00:50:11","6","2025-03-26 16:50:11","4.5","0"
"employee","IT","0.1","2025-03-20 19:32:51","4","2025-03-20 03:32:51","1.5","0"
"admin","HR","9.6","2025-03-19 00:34:03","7","2025-03-18 12:34:03","2.7","1"
"employee","IT","8.5","2025-03-08 04:00:15","7","2025-03-07 05:00:15","3.9","0"
"employee","HR","1.4","2025-03-29 03:54:40","8","2025-03-27 18:54:40","0.6","0"
"employee","Operations","8.4","2025-03-05 15:00:17","3","2025-03-05 03:00:17","4.9","0"
"manager","Operations","0.3","2025-03-10 05:22:18","4","2025-03-09 23:22:18","4.8","0"
"employee","HR","2.0","2025-03-25 20:34:21","5","2025-03-24 14:34:21","1.9","0"
"manager","Finance","1.5","2025-03-27 02:00:02","2","2025-03-26 22:00:02","2.8","0"
"admin","Finance","3.6","2025-03-29 12:11:23","9","2025-03-27 20:11:23","3.5","1"
"manager","IT","6.1","2025-03-10 21:17:19","8","2025-03-10 08:17:19","4.9","0"
"manager","HR","9.8","2025-03-21 05:08:42","4","2025-03-21 00:08:42","1.8","0"
"manager","IT","5.0","2025-03-07 04:54:58","4","2025-03-07 01:54:58","0.5","0"
"employee","Finance","2.4","2025-03-19 12:42:11","9","2025-03-18 05:42:11","2.8","0"
"admin","HR","0.2","2025-03-13 00:33:09","8","2025-03-12 06:33:09","2.8","1"
"manager","Operations","3.5","2025-03-12 21:06:28","3","2025-03-12 06:06:28","1.8","0"
"admin","IT","8.4","2025-03-16 18:11:52","1","2025-03-16 07:11:52","2.1","1"
"employee","Finance","8.5","2025-03-22 23:36:01","5","2025-03-21 16:36:01","1.8","0"
"manager","Operations","0.9","2025-03-08 14:09:34","1","2025-03-08 00:09:34","3.9","1"
"employee","Operations","3.0","2025-03-22 10:11:34","3","2025-03-21 23:11:34","4.0","0"
"employee","HR","0.4","2025-03-04 01:49:19","5","2025-03-03 12:49:19","0.7","0"
"manager","IT","2.7","2025-03-15 12:17:47","10","2025-03-14 07:17:47","2.9","0"
"manager","Finance","0.4","2025-03-14 14:03:10","3","2025-03-12 20:03:10","4.2","1"
"admin","Finance","9.8","2025-03-11 17:25:54","3","2025-03-10 05:25:54","3.5","1"
"manager","HR","5.5","2025-03-01 16:14:41","5","2025-02-28 11:14:41","1.0","0"
"manager","HR","3.1","2025-03-01 07:21:04","4","2025-02-28 14:21:04","2.6","0"
"admin","HR","1.3","2025-03-13 20:07:18","8","2025-03-12 21:07:18","4.3","1"
"manager","Operations","0.2","2025-03-18 13:32:02","2","2025-03-17 03:32:02","2.5","0"
"manager","IT","7.3","2025-03-16 16:23:02","6","2025-03-15 00:23:02","4.9","0"
"employee","IT","8.9","2025-03-12 12:21:50","3","2025-03-12 07:21:50","2.0","1"
"employee","HR","6.1","2025-03-10 17:21:49","1","2025-03-10 07:21:49","2.1","1"
"admin","IT","5.7","2025-03-14 07:00:28","1","2025-03-14 07:00:28","3.6","1"
"manager","Operations","8.0","2025-03-25 15:07:13","2","2025-03-24 16:07:13","4.4","0"
"admin","Operations","8.8","2025-03-30 05:49:13","6","2025-03-28 19:49:13","2.1","1"
"admin","Finance","8.6","2025-03-25 02:12:43","7","2025-03-23 05:12:43","2.9","1"
"admin","IT","8.5","2025-03-17 02:11:56","2","2025-03-16 06:11:56","2.8","1"
"employee","Operations","7.6","2025-03-22 13:20:01","1","2025-03-22 09:20:01","1.4","1"
"admin","IT","1.7","2025-03-22 19:35:30","10","2025-03-21 19:35:30","2.9","1"
"employee","Finance","0.6","2025-03-17 05:44:08","8","2025-03-16 01:44:08","1.1","0"
"manager","IT","0.7","2025-03-06 01:23:04","4","2025-03-04 07:23:04","1.2","0"
"manager","HR","0.1","2025-03-16 17:21:57","3","2025-03-15 00:21:57","4.2","0"
"admin","Operations","6.7","2025-03-16 14:40:44","2","2025-03-16 07:40:44","2.1","1"
"employee","HR","8.1","2025-03-02 21:36:13","1","2025-03-01 06:36:13","4.8","0"
"admin","HR","6.8","2025-03-10 23:23:53","2","2025-03-10 10:23:53","1.7","1"
"admin","HR","6.0","2025-03-25 16:11:13","1","2025-03-23 20:11:13","4.0","1"
"manager","HR","1.0","2025-03-28 08:04:55","2","2025-03-27 17:04:55","0.3","0"
"admin","IT","6.3","2025-03-18 19:05:09","8","2025-03-18 12:05:09","3.2","1"
"admin","Operations","7.5","2025-03-04 00:42:06","1","2025-03-03 20:42:06","3.6","1"
"admin","IT","8.6","2025-03-03 22:07:56","7","2025-03-03 15:07:56","3.4","1"
"admin","Operations","7.9","2025-03-07 19:46:55","6","2025-03-06 19:46:55","2.5","1"
"employee","HR","4.8","2025-03-24 21:21:49","4","2025-03-23 04:21:49","0.9","0"
"employee","Operations","5.9","2025-03-14 05:18:59","2","2025-03-12 10:18:59","0.4","0"
"manager","Operations","3.7","2025-03-06 02:07:01","2","2025-03-04 10:07:01","0.5","0"
"admin","HR","4.8","2025-03-08 17:43:50","3","2025-03-07 14:43:50","3.1","1"
"manager","HR","3.7","2025-03-18 04:17:04","1","2025-03-17 04:17:04","3.0","0"
"employee","HR","7.1","2025-03-10 22:21:34","4","2025-03-10 00:21:34","2.9","0"
"employee","IT","2.1","2025-03-01 17:46:16","4","2025-02-28 06:46:16","2.3","0"
"employee","Finance","3.9","2025-03-25 19:41:40","1","2025-03-23 21:41:40","0.5","0"
"admin","Operations","5.6","2025-03-07 15:04:52","8","2025-03-07 05:04:52","3.1","1"
"manager","Operations","3.7","2025-03-14 16:44:42","5","2025-03-14 07:44:42","3.1","0"
"employee","IT","0.7","2025-03-13 06:37:21","8","2025-03-12 09:37:21","4.3","0"
"admin","HR","3.7","2025-03-29 23:18:09","7","2025-03-28 20:18:09","0.8","1"
"manager","Finance","1.3","2025-03-05 13:18:04","4","2025-03-04 16:18:04","0.7","1"
"employee","Finance","6.5","2025-03-10 00:26:02","1","2025-03-08 05:26:02","3.8","0"
"manager","Operations","9.0","2025-03-17 13:20:33","8","2025-03-16 03:20:33","4.3","0"
"admin","Operations","1.6","2025-03-24 03:28:55","9","2025-03-23 11:28:55","0.7","1"
"manager","HR","2.8","2025-03-02 04:00:34","5","2025-03-02 04:00:34","0.3","0"
"employee","Operations","4.5","2025-03-08 23:05:57","8","2025-03-08 13:05:57","4.0","0"
"admin","Finance","5.2","2025-03-26 04:57:07","5","2025-03-25 07:57:07","0.8","1"
"admin","IT","8.3","2025-03-17 05:02:13","5","2025-03-15 12:02:13","2.8","1"
"manager","IT","9.1","2025-03-30 21:59:55","3","2025-03-30 07:59:55","4.2","1"
"employee","Operations","3.5","2025-03-26 05:42:19","10","2025-03-25 15:42:19","1.7","0"
"employee","IT","7.0","2025-03-25 17:57:09","4","2025-03-23 23:57:09","1.1","1"
"employee","Operations","6.2","2025-03-07 09:23:46","6","2025-03-05 23:23:46","3.6","0"
"admin","Operations","6.4","2025-03-20 09:55:43","8","2025-03-19 16:55:43","3.3","1"
"admin","Operations","0.3","2025-03-15 03:58:07","7","2025-03-13 07:58:07","3.4","1"
"manager","Finance","3.4","2025-03-07 22:30:29","5","2025-03-07 19:30:29","4.3","0"
"employee","HR","5.3","2025-03-30 17:05:50","6","2025-03-29 14:05:50","2.0","0"
"admin","HR","3.9","2025-03-23 09:11:48","3","2025-03-21 22:11:48","0.2","1"
"employee","Finance","7.5","2025-03-05 05:57:48","7","2025-03-03 16:57:48","2.2","0"
"employee","HR","2.0","2025-03-12 23:47:18","5","2025-03-11 05:47:18","3.1","0"
"manager","Operations","3.6","2025-03-02 13:48:38","2","2025-03-01 17:48:38","0.5","1"
"manager","Operations","7.9","2025-03-08 05:30:05","4","2025-03-06 11:30:05","2.5","0"
"manager","IT","1.8","2025-03-07 17:01:20","10","2025-03-07 09:01:20","4.7","0"
"admin","HR","3.0","2025-03-09 23:36:54","9","2025-03-08 08:36:54","3.7","1"
"employee","IT","5.0","2025-03-18 23:48:14","4","2025-03-17 05:48:14","3.1","0"
"manager","HR","5.6","2025-03-04 20:17:44","5","2025-03-03 03:17:44","3.0","0"
"employee","IT","1.7","2025-03-11 19:31:17","7","2025-03-10 02:31:17","2.9","0"
"admin","Operations","9.2","2025-03-09 19:44:23","10","2025-03-08 07:44:23","4.5","1"
"employee","Operations","8.7","2025-03-18 05:43:22","4","2025-03-17 23:43:22","0.7","0"
"admin","IT","8.0","2025-03-14 19:38:03","2","2025-03-13 23:38:03","4.0","1"
"manager","IT","2.0","2025-03-04 18:20:31","8","2025-03-03 22:20:31","3.4","0"
"admin","Operations","9.1","2025-03-04 13:00:32","7","2025-03-03 06:00:32","0.2","1"
"admin","Operations","6.6","2025-03-02 03:17:57","10","2025-03-02 01:17:57","4.5","1"
"admin","HR","1.4","2025-03-24 19:11:11","9","2025-03-23 01:11:11","4.5","1"
"employee","Operations","5.6","2025-03-29 09:05:01","3","2025-03-27 09:05:01","4.9","0"
"employee","Finance","4.8","2025-03-03 20:04:09","3","2025-03-03 20:04:09","3.9","0"
"admin","Operations","0.8","2025-03-20 19:56:55","5","2025-03-20 14:56:55","4.0","1"
"manager","IT","6.7","2025-03-02 14:17:50","4","2025-03-01 11:17:50","4.1","1"
"admin","HR","8.3","2025-03-14 07:36:44","7","2025-03-13 00:36:44","4.3","1"
"admin","IT","3.0","2025-03-21 08:02:19","8","2025-03-20 05:02:19","1.2","1"
"manager","HR","2.5","2025-03-21 22:52:01","5","2025-03-20 00:52:01","1.2","0"
"admin","HR","1.3","2025-03-14 14:56:14","5","2025-03-12 19:56:14","4.0","1"
"admin","HR","0.5","2025-03-25 10:23:05","2","2025-03-25 06:23:05","0.5","1"
"manager","Finance","9.0","2025-03-08 21:37:24","7","2025-03-07 21:37:24","3.4","0"
"admin","Finance","5.1","2025-03-19 22:24:15","5","2025-03-17 23:24:15","3.1","1"
"manager","Finance","8.7","2025-03-25 07:20:35","3","2025-03-23 12:20:35","1.5","0"
"employee","IT","5.1","2025-03-10 20:04:00","10","2025-03-09 01:04:00","0.5","0"
"employee","Finance","2.5","2025-03-10 12:37:00","4","2025-03-09 12:37:00","4.7","1"
"employee","HR","2.7","2025-03-22 15:35:42","7","2025-03-20 22:35:42","2.0","0"
"manager","Operations","1.4","2025-03-22 15:44:19","7","2025-03-20 23:44:19","2.6","0"
"admin","Finance","1.0","2025-03-19 20:47:18","6","2025-03-18 11:47:18","4.2","1"
"admin","Operations","5.6","2025-03-02 15:58:16","8","2025-03-02 03:58:16","2.9","1"
"employee","IT","9.7","2025-03-28 06:50:12","3","2025-03-26 08:50:12","1.0","1"
"employee","Finance","6.1","2025-03-27 12:27:13","3","2025-03-27 05:27:13","3.4","1"
"employee","IT","0.7","2025-03-12 19:06:17","5","2025-03-11 10:06:17","1.7","0"
"admin","Operations","3.6","2025-03-01 23:12:45","9","2025-03-01 16:12:45","4.4","1"
"admin","IT","3.4","2025-03-16 06:17:20","2","2025-03-15 12:17:20","1.6","1"
"admin","Finance","9.8","2025-03-23 20:51:43","9","2025-03-23 02:51:43","2.9","1"
"admin","HR","1.1","2025-03-21 08:09:01","10","2025-03-19 17:09:01","4.8","1"
"employee","Finance","7.6","2025-03-15 01:07:16","3","2025-03-14 08:07:16","1.8","0"
"employee","Finance","9.4","2025-03-05 23:38:49","9","2025-03-05 05:38:49","0.4","0"
"admin","IT","2.0","2025-03-29 21:11:49","7","2025-03-29 16:11:49","0.3","1"
"manager","Finance","7.5","2025-03-05 17:43:27","3","2025-03-04 13:43:27","3.4","1"
"employee","HR","4.1","2025-03-14 21:02:15","2","2025-03-13 00:02:15","4.8","0"
"admin","Operations","4.6","2025-03-16 18:37:19","6","2025-03-15 19:37:19","2.9","1"
"admin","IT","9.0","2025-03-05 10:04:59","1","2025-03-04 02:04:59","4.1","1"
"employee","HR","5.1","2025-03-30 01:14:29","2","2025-03-29 23:14:29","1.8","0"
"admin","HR","8.4","2025-03-08 12:23:23","2","2025-03-08 11:23:23","2.1","1"
"manager","Finance","2.0","2025-03-25 21:50:54","3","2025-03-24 18:50:54","2.0","0"
"manager","IT","8.9","2025-03-09 21:31:55","1","2025-03-09 13:31:55","0.6","1"
"manager","Operations","5.7","2025-03-01 02:10:14","2","2025-02-27 17:10:14","2.8","0"
"admin","Operations","2.8","2025-03-15 05:39:22","9","2025-03-13 09:39:22","4.1","1"
"admin","HR","6.4","2025-03-28 02:36:55","2","2025-03-26 15:36:55","4.1","1"
"manager","Operations","6.0","2025-03-04 09:52:39","2","2025-03-04 07:52:39","1.9","1"
"manager","Finance","9.0","2025-03-26 04:05:13","1","2025-03-24 17:05:13","3.0","0"
"manager","Operations","3.0","2025-03-15 02:32:12","3","2025-03-13 02:32:12","3.2","0"
"admin","HR","4.5","2025-03-18 13:35:08","5","2025-03-17 06:35:08","3.7","1"
"admin","Operations","5.9","2025-03-14 02:53:36","9","2025-03-12 20:53:36","2.0","1"
"manager","Operations","8.1","2025-03-14 04:00:26","9","2025-03-12 04:00:26","1.7","0"
"admin","Finance","8.2","2025-03-12 07:44:03","5","2025-03-10 22:44:03","0.9","1"
"admin","Operations","9.9","2025-03-27 01:16:54","9","2025-03-26 02:16:54","1.0","1"
"employee","HR","5.8","2025-03-06 10:06:18","4","2025-03-06 05:06:18","4.5","1"
"admin","Finance","3.8","2025-03-22 11:36:03","7","2025-03-21 13:36:03","0.6","1"
"manager","IT","1.7","2025-03-22 03:43:10","1","2025-03-20 08:43:10","2.0","0"
"admin","HR","9.1","2025-03-18 19:32:52","8","2025-03-17 23:32:52","4.2","1"
"admin","IT","4.9","2025-03-19 11:08:04","5","2025-03-19 11:08:04","4.5","1"
"manager","HR","6.6","2025-03-11 14:18:36","6","2025-03-10 14:18:36","4.0","0"
"employee","HR","6.7","2025-03-03 05:21:55","10","2025-03-01 22:21:55","1.6","0"
"employee","Operations","8.5","2025-03-17 21:23:19","4","2025-03-16 12:23:19","4.6","0"
"employee","Finance","6.4","2025-03-04 06:26:42","10","2025-03-03 17:26:42","1.8","0"
"admin","IT","8.1","2025-03-24 09:51:04","1","2025-03-24 02:51:04","0.8","1"
"admin","Operations","3.6","2025-03-28 17:18:29","6","2025-03-28 05:18:29","3.7","1"
"admin","Finance","8.5","2025-03-03 12:49:21","8","2025-03-02 20:49:21","2.4","1"
"manager","Finance","8.2","2025-03-15 01:23:34","9","2025-03-14 16:23:34","0.6","0"
"admin","IT","6.2","2025-03-10 10:33:03","3","2025-03-08 23:33:03","3.6","1"
"admin","IT","4.3","2025-03-14 02:06:03","5","2025-03-12 02:06:03","3.2","1"
"employee","Operations","1.5","2025-03-07 20:59:29","1","2025-03-06 04:59:29","4.9","0"
"employee","Finance","5.1","2025-03-15 16:26:58","7","2025-03-15 07:26:58","4.4","0"
"admin","HR","0.4","2025-03-20 13:07:14","3","2025-03-18 23:07:14","2.9","1"
"employee","HR","0.5","2025-03-30 06:05:08","9","2025-03-28 19:05:08","1.7","0"
"employee","IT","1.2","2025-03-14 19:50:07","5","2025-03-13 21:50:07","4.2","0"
"manager","Operations","2.8","2025-03-17 01:14:04","10","2025-03-15 13:14:04","3.9","0"
"employee","IT","7.5","2025-03-06 19:26:44","5","2025-03-05 22:26:44","3.2","0"
"manager","Finance","1.6","2025-03-30 02:29:44","5","2025-03-29 23:29:44","1.0","0"
"manager","Operations","0.5","2025-03-29 17:38:04","8","2025-03-28 02:38:04","0.3","0"
"admin","Finance","9.1","2025-03-12 10:18:46","6","2025-03-10 22:18:46","4.4","1"
"manager","IT","9.1","2025-03-06 22:15:30","5","2025-03-06 09:15:30","3.4","0"
"admin","Finance","0.4","2025-03-27 19:49:03","5","2025-03-26 16:49:03","4.8","1"
"employee","Finance","6.7","2025-03-09 22:10:53","9","2025-03-09 08:10:53","4.4","0"
"employee","Operations","6.1","2025-03-06 12:14:55","9","2025-03-05 10:14:55","4.9","0"
"admin","HR","0.5","2025-03-24 18:41:06","5","2025-03-23 19:41:06","3.1","1"
"employee","Operations","2.0","2025-03-01 12:15:42","9","2025-02-28 04:15:42","2.1","0"
"employee","Operations","7.2","2025-03-26 08:43:48","2","2025-03-26 08:43:48","3.9","0"
"employee","Operations","9.5","2025-03-20 07:46:52","5","2025-03-18 22:46:52","4.1","0"
"manager","Finance","2.0","2025-03-04 03:38:28","7","2025-03-02 15:38:28","0.3","0"
"admin","Finance","3.8","2025-03-01 12:50:18","1","2025-02-28 17:50:18","0.8","1"
"admin","Operations","2.1","2025-03-22 11:37:28","5","2025-03-20 20:37:28","2.4","1"
"manager","Operations","8.4","2025-03-25 22:17:12","9","2025-03-24 22:17:12","4.2","0"
"manager","Operations","4.1","2025-03-15 02:06:22","9","2025-03-14 13:06:22","3.2","0"
"admin","Operations","0.7","2025-03-19 08:12:07","5","2025-03-18 17:12:07","4.5","1"
"manager","Finance","6.6","2025-03-02 05:20:37","9","2025-03-02 00:20:37","3.3","0"
"employee","HR","3.7","2025-03-21 15:44:07","8","2025-03-20 21:44:07","0.4","0"
"employee","IT","4.1","2025-03-03 07:42:28","2","2025-03-03 06:42:28","2.6","0"
"employee","HR","3.1","2025-03-07 09:46:29","2","2025-03-06 04:46:29","3.5","1"
"manager","IT","5.3","2025-03-18 18:55:17","4","2025-03-18 10:55:17","4.5","1"
"manager","IT","7.6","2025-03-17 01:31:33","8","2025-03-15 10:31:33","0.5","0"
"employee","Operations","5.0","2025-03-26 16:05:02","9","2025-03-26 09:05:02","3.8","0"
"admin","IT","3.6","2025-03-06 11:27:44","9","2025-03-06 06:27:44","2.1","1"
"manager","HR","1.5","2025-03-25 20:08:00","7","2025-03-25 08:08:00","2.6","0"
"admin","IT","5.7","2025-03-01 23:26:44","3","2025-03-01 07:26:44","1.4","1"
"admin","IT","0.1","2025-03-03 19:50:40","4","2025-03-03 06:50:40","3.5","1"
"manager","IT","3.5","2025-03-23 05:25:57","5","2025-03-21 15:25:57","1.0","0"
"employee","IT","4.0","2025-03-14 17:08:02","10","2025-03-13 09:08:02","0.2","0"
"employee","Operations","8.7","2025-03-11 04:16:29","9","2025-03-10 20:16:29","1.5","0"
"manager","HR","3.5","2025-03-14 23:54:35","7","2025-03-14 15:54:35","3.4","0"
"admin","HR","8.1","2025-03-10 13:28:49","1","2025-03-09 01:28:49","0.8","1"
"manager","HR","1.3","2025-03-07 02:20:57","7","2025-03-05 08:20:57","4.4","0"
"manager","IT","0.9","2025-03-11 23:58:51","2","2025-03-10 22:58:51","1.2","0"
"employee","IT","8.2","2025-03-13 12:55:28","9","2025-03-12 23:55:28","0.4","0"
"manager","IT","7.6","2025-03-30 20:01:33","1","2025-03-30 13:01:33","4.6","1"
"employee","Operations","7.5","2025-03-29 07:02:33","5","2025-03-28 19:02:33","2.0","0"
"manager","Operations","9.3","2025-03-25 23:21:10","1","2025-03-24 00:21:10","4.4","0"
"employee","IT","4.1","2025-03-21 22:36:49","1","2025-03-21 05:36:49","2.7","1"
"manager","IT","6.5","2025-03-11 08:51:32","4","2025-03-10 01:51:32","3.9","1"
"admin","Operations","5.2","2025-03-08 17:24:18","8","2025-03-07 22:24:18","3.1","1"
"manager","HR","3.2","2025-03-26 04:29:53","9","2025-03-25 17:29:53","4.1","0"
"manager","Operations","2.5","2025-03-27 23:24:58","8","2025-03-27 20:24:58","4.9","0"
"admin","IT","8.9","2025-03-14 06:43:45","4","2025-03-13 17:43:45","3.8","1"
"admin","Finance","6.0","2025-03-30 16:40:13","5","2025-03-29 05:40:13","3.8","1"
"admin","Finance","2.0","2025-03-02 02:33:26","4","2025-02-28 02:33:26","1.5","1"
"manager","Finance","1.6","2025-03-23 05:33:30","2","2025-03-21 16:33:30","3.4","0"
"admin","IT","7.4","2025-03-05 22:37:20","5","2025-03-04 08:37:20","0.4","1"
"manager","IT","7.5","2025-03-14 12:46:30","1","2025-03-13 14:46:30","0.6","1"
"manager","HR","1.8","2025-03-24 03:31:47","10","2025-03-23 18:31:47","4.5","0"
"admin","HR","2.2","2025-03-21 06:55:08","8","2025-03-20 04:55:08","3.6","1"
"employee","Finance","5.0","2025-03-01 09:34:10","8","2025-02-27 09:34:10","4.9","0"
"admin","Finance","5.8","2025-03-29 06:47:06","1","2025-03-28 22:47:06","2.8","1"
"employee","Operations","3.7","2025-03-13 18:02:59","4","2025-03-12 22:02:59","1.3","0"
"admin","Operations","7.8","2025-03-27 22:49:11","7","2025-03-26 21:49:11","1.6","1"
"admin","Operations","1.6","2025-03-05 09:04:54","10","2025-03-04 21:04:54","3.2","1"
"manager","IT","2.8","2025-03-29 19:21:00","1","2025-03-29 19:21:00","0.6","0"
"admin","HR","7.7","2025-03-21 21:36:59","9","2025-03-20 13:36:59","1.0","1"
"manager","Finance","2.0","2025-03-27 10:25:48","4","2025-03-26 16:25:48","4.9","1"
"manager","Finance","9.5","2025-03-16 06:24:41","3","2025-03-14 15:24:41","4.8","0"
"manager","Operations","0.5","2025-03-17 10:53:07","7","2025-03-15 11:53:07","4.8","0"
"admin","HR","3.7","2025-03-26 17:21:06","2","2025-03-25 19:21:06","1.8","1"
"manager","IT","9.2","2025-03-28 07:04:31","4","2025-03-26 07:04:31","4.3","1"
"admin","HR","5.8","2025-03-28 16:28:14","1","2025-03-28 00:28:14","1.5","1"
"employee","HR","7.8","2025-03-17 13:54:36","4","2025-03-16 07:54:36","0.2","0"
"admin","Operations","8.2","2025-03-18 13:24:57","6","2025-03-17 07:24:57","2.8","1"
"employee","IT","5.3","2025-03-29 23:08:48","9","2025-03-28 04:08:48","4.2","0"
"admin","Finance","6.5","2025-03-02 22:57:32","4","2025-03-01 17:57:32","4.4","1"
"admin","Finance","0.9","2025-03-05 18:50:34","7","2025-03-04 17:50:34","3.3","1"
"admin","Operations","5.2","2025-03-24 23:45:57","3","2025-03-24 19:45:57","2.3","1"
"admin","Operations","9.7","2025-03-13 06:01:26","6","2025-03-11 19:01:26","0.4","1"
"admin","IT","6.9","2025-03-22 18:42:31","1","2025-03-20 21:42:31","2.4","1"
"manager","Finance","7.6","2025-03-15 16:15:05","1","2025-03-14 09:15:05","0.8","1"
"employee","Operations","0.6","2025-03-30 20:43:49","4","2025-03-29 05:43:49","4.4","0"
"employee","Operations","8.7","2025-03-25 13:06:42","9","2025-03-24 17:06:42","4.1","0"
"employee","Operations","4.5","2025-03-25 00:34:54","10","2025-03-23 02:34:54","3.9","0"
"admin","HR","6.1","2025-03-04 07:08:17","4","2025-03-03 01:08:17","0.5","1"
"employee","IT","1.9","2025-03-19 23:19:33","4","2025-03-19 14:19:33","1.5","1"
"employee","Finance","6.1","2025-03-20 21:23:52","2","2025-03-20 00:23:52","4.5","0"
"manager","Finance","2.5","2025-03-14 01:09:00","1","2025-03-12 08:09:00","4.3","0"
"employee","HR","3.7","2025-03-22 21:03:17","7","2025-03-21 14:03:17","2.2","0"
"employee","Operations","6.5","2025-03-27 19:41:34","7","2025-03-27 14:41:34","3.6","0"
"employee","Operations","1.0","2025-03-27 09:13:30","2","2025-03-26 00:13:30","1.5","1"
"employee","IT","7.1","2025-03-23 05:27:26","4","2025-03-21 13:27:26","2.5","1"
"employee","HR","7.4","2025-03-01 13:10:40","10","2025-02-28 05:10:40","3.6","0"
"manager","IT","9.3","2025-03-09 17:11:29","2","2025-03-08 00:11:29","3.9","1"
"employee","HR","1.4","2025-03-04 23:20:53","2","2025-03-04 13:20:53","4.5","0"
"employee","HR","4.7","2025-03-07 06:11:34","6","2025-03-06 00:11:34","0.7","0"
"manager","Finance","8.5","2025-03-18 03:54:48","5","2025-03-17 14:54:48","3.8","0"
"employee","Finance","2.2","2025-03-02 08:07:27","5","2025-03-01 14:07:27","4.5","0"
"admin","Operations","8.8","2025-03-30 08:28:02","2","2025-03-30 04:28:02","4.9","1"
"admin","HR","3.1","2025-03-16 16:06:51","1","2025-03-15 17:06:51","1.2","1"
"manager","Operations","3.4","2025-03-27 14:07:10","4","2025-03-27 02:07:10","0.5","1"
"admin","IT","8.4","2025-03-29 12:52:56","5","2025-03-28 09:52:56","3.3","1"
"admin","IT","2.1","2025-03-11 19:45:35","10","2025-03-11 17:45:35","3.6","1"
"manager","Finance","4.0","2025-03-10 16:37:29","6","2025-03-09 06:37:29","4.3","0"
"manager","HR","4.6","2025-03-30 13:56:25","5","2025-03-29 05:56:25","2.9","0"
"manager","Finance","5.4","2025-03-07 03:26:31","9","2025-03-06 04:26:31","3.1","0"
"manager","Operations","4.0","2025-03-26 13:57:52","1","2025-03-26 01:57:52","1.7","1"
"admin","IT","7.2","2025-03-19 20:22:11","8","2025-03-17 20:22:11","4.5","1"
"employee","Finance","9.7","2025-03-10 06:52:56","1","2025-03-08 18:52:56","0.1","0"
"manager","IT","5.1","2025-03-08 10:29:45","5","2025-03-06 15:29:45","2.1","0"
"employee","Operations","7.5","2025-03-12 22:25:26","2","2025-03-12 09:25:26","2.8","0"
"employee","Finance","5.0","2025-03-08 22:32:33","5","2025-03-07 09:32:33","0.4","0"
"manager","Operations","1.3","2025-03-15 15:20:10","6","2025-03-14 03:20:10","4.9","0"
"employee","Operations","5.4","2025-03-20 06:37:14","6","2025-03-19 23:37:14","3.5","0"
"employee","Finance","7.5","2025-03-11 01:54:57","5","2025-03-11 00:54:57","1.3","0"
"manager","Operations","9.9","2025-03-17 07:32:58","3","2025-03-15 07:32:58","4.0","0"
"employee","Finance","5.4","2025-03-14 15:06:08","4","2025-03-13 02:06:08","1.8","0"
"manager","IT","5.5","2025-03-06 05:36:46","6","2025-03-06 00:36:46","0.2","0"
"employee","IT","4.4","2025-03-24 23:26:35","6","2025-03-24 16:26:35","4.8","0"
"admin","Finance","1.6","2025-03-25 12:32:11","4","2025-03-25 09:32:11","4.3","1"
"employee","Operations","9.3","2025-03-12 07:29:21","7","2025-03-10 21:29:21","2.7","0"
"employee","IT","2.8","2025-03-10 06:53:53","6","2025-03-09 17:53:53","2.6","0"
"admin","Operations","7.3","2025-03-02 19:53:37","1","2025-03-01 06:53:37","1.5","1"
"employee","HR","6.3","2025-03-12 12:23:16","5","2025-03-11 16:23:16","2.7","0"
"admin","Finance","6.7","2025-03-09 01:32:26","3","2025-03-08 04:32:26","3.6","1"
"manager","HR","8.3","2025-03-15 04:12:33","2","2025-03-14 07:12:33","2.2","0"
"manager","HR","5.7","2025-03-24 03:34:00","10","2025-03-22 07:34:00","1.8","0"
"manager","HR","2.1","2025-03-22 02:34:03","10","2025-03-20 11:34:03","2.2","0"
"manager","Operations","1.7","2025-03-21 11:09:22","9","2025-03-20 14:09:22","4.6","0"
"admin","Operations","4.1","2025-03-10 11:32:20","7","2025-03-09 02:32:20","1.3","1"
"employee","Operations","8.4","2025-03-03 08:59:21","5","2025-03-02 18:59:21","4.4","0"
"employee","Operations","3.4","2025-03-21 06:05:06","7","2025-03-19 19:05:06","1.1","0"
"manager","IT","0.4","2025-03-17 15:05:57","6","2025-03-16 23:05:57","3.0","0"
"manager","IT","8.3","2025-03-04 23:32:45","9","2025-03-03 10:32:45","2.4","0"
"admin","IT","1.6","2025-03-06 14:21:33","8","2025-03-06 02:21:33","2.3","1"
"employee","Operations","6.5","2025-03-21 01:22:41","6","2025-03-19 14:22:41","0.7","0"
"manager","IT","4.4","2025-03-19 11:09:41","3","2025-03-18 04:09:41","1.3","1"
"employee","Finance","1.2","2025-03-16 20:21:16","7","2025-03-16 19:21:16","3.6","0"
"employee","IT","9.3","2025-03-24 04:21:36","4","2025-03-23 03:21:36","1.7","1"
"admin","HR","4.7","2025-03-11 04:38:43","10","2025-03-09 19:38:43","2.2","1"
"manager","Finance","0.4","2025-03-19 19:21:16","4","2025-03-19 09:21:16","0.3","0"
"manager","Operations","2.1","2025-03-13 22:44:17","9","2025-03-13 18:44:17","0.9","0"
"admin","Operations","9.5","2025-03-09 15:08:33","1","2025-03-08 10:08:33","1.2","1"
"employee","IT","0.9","2025-03-19 16:49:40","9","2025-03-19 04:49:40","1.1","0"
"employee","IT","7.3","2025-03-29 22:02:20","3","2025-03-29 07:02:20","0.5","1"
"admin","IT","9.3","2025-03-13 18:22:33","7","2025-03-12 17:22:33","1.8","1"
"admin","HR","4.7","2025-03-28 12:25:15","10","2025-03-27 11:25:15","2.3","1"
"manager","Operations","3.8","2025-03-05 07:15:41","7","2025-03-04 13:15:41","0.8","0"
"employee","Finance","7.1","2025-03-03 07:36:33","7","2025-03-01 16:36:33","4.9","0"
"admin","Operations","1.4","2025-03-30 00:52:20","3","2025-03-28 11:52:20","2.6","1"
"manager","Operations","8.7","2025-03-27 22:36:49","9","2025-03-27 06:36:49","2.6","0"
"admin","IT","7.6","2025-03-27 19:33:54","9","2025-03-26 21:33:54","0.8","1"
"employee","IT","5.4","2025-03-11 13:52:45","8","2025-03-10 12:52:45","1.9","0"
"admin","IT","2.0","2025-03-21 19:58:57","4","2025-03-19 20:58:57","4.1","1"
"employee","Finance","9.0","2025-03-29 00:06:38","7","2025-03-27 14:06:38","4.3","0"
"manager","Finance","3.0","2025-03-27 06:00:40","9","2025-03-25 22:00:40","1.9","0"
"admin","Finance","6.2","2025-03-01 05:31:23","7","2025-02-28 20:31:23","4.8","1"
"employee","Operations","4.0","2025-03-03 12:18:18","10","2025-03-03 03:18:18","4.9","0"
"employee","Finance","9.4","2025-03-17 16:23:20","6","2025-03-16 07:23:20","4.8","0"
"employee","Operations","4.2","2025-03-15 20:43:17","7","2025-03-15 04:43:17","0.9","0"
"manager","Operations","0.9","2025-03-18 18:48:05","5","2025-03-17 20:48:05","1.9","0"
"admin","Operations","4.6","2025-03-26 13:29:17","2","2025-03-26 07:29:17","0.9","1"
"manager","HR","6.6","2025-03-08 14:03:13","9","2025-03-06 14:03:13","3.7","0"
"manager","Operations","0.7","2025-03-17 17:36:36","6","2025-03-17 00:36:36","1.4","1"
"employee","IT","1.6","2025-03-10 16:12:45","4","2025-03-08 17:12:45","4.6","0"
"admin","Finance","0.0","2025-03-08 11:56:20","5","2025-03-06 15:56:20","1.6","1"
"employee","IT","8.8","2025-03-08 11:53:56","3","2025-03-07 07:53:56","1.4","1"
"manager","IT","9.6","2025-03-10 15:43:13","8","2025-03-09 15:43:13","2.0","0"
"admin","Operations","6.0","2025-03-07 09:29:13","5","2025-03-05 13:29:13","1.9","1"
"employee","Finance","7.0","2025-03-21 09:17:32","9","2025-03-20 00:17:32","3.8","0"
"manager","Finance","6.3","2025-03-24 13:15:26","8","2025-03-23 03:15:26","2.0","0"
"admin","Operations","9.7","2025-03-03 01:22:45","1","2025-03-03 01:22:45","4.7","1"
"admin","IT","7.5","2025-03-05 02:51:42","9","2025-03-04 11:51:42","4.4","1"
"manager","Finance","2.5","2025-03-09 17:26:10","8","2025-03-08 01:26:10","5.0","0"
"manager","Operations","3.7","2025-03-19 21:07:49","6","2025-03-18 08:07:49","4.9","0"
"admin","Finance","8.7","2025-03-02 18:08:39","10","2025-03-01 20:08:39","2.8","1"
"admin","Operations","3.0","2025-03-28 22:48:28","8","2025-03-28 08:48:28","2.0","1"
"admin","Finance","2.6","2025-03-26 08:48:44","1","2025-03-25 06:48:44","0.5","1"
"employee","Finance","9.3","2025-03-03 18:51:47","10","2025-03-03 15:51:47","1.5","0"
"employee","IT","3.9","2025-03-05 08:46:58","6","2025-03-03 12:46:58","4.1","0"
"employee","HR","8.1","2025-03-25 06:26:34","2","2025-03-23 15:26:34","2.4","0"
"manager","Operations","4.8","2025-03-03 04:10:49","2","2025-03-02 21:10:49","4.4","0"
"admin","Operations","9.0","2025-03-08 20:18:18","1","2025-03-07 19:18:18","1.4","1"
"employee","Operations","7.7","2025-03-19 06:38:27","10","2025-03-19 05:38:27","3.5","0"
"manager","IT","5.9","2025-03-11 10:19:32","4","2025-03-09 18:19:32","3.6","1"
"employee","HR","4.9","2025-03-09 13:42:43","1","2025-03-07 22:42:43","2.4","1"
"manager","Finance","2.3","2025-03-18 14:51:23","1","2025-03-18 13:51:23","3.8","0"
"manager","Finance","5.3","2025-03-23 13:23:18","10","2025-03-22 17:23:18","1.4","0"
"manager","IT","7.1","2025-03-13 18:28:52","7","2025-03-13 18:28:52","0.5","0"
"admin","Operations","0.4","2025-03-10 01:44:57","9","2025-03-10 00:44:57","4.9","1"
"employee","IT","3.7","2025-03-30 07:20:12","7","2025-03-29 00:20:12","1.4","0"
"employee","Operations","1.6","2025-03-27 15:36:52","1","2025-03-26 09:36:52","0.5","1"
"manager","Finance","7.5","2025-03-25 10:20:50","5","2025-03-24 13:20:50","4.5","0"
"employee","Operations","8.6","2025-03-06 06:46:28","9","2025-03-04 15:46:28","0.8","0"
"employee","IT","6.5","2025-03-06 23:10:05","7","2025-03-06 17:10:05","1.5","0"
"manager","Operations","9.2","2025-03-19 14:58:02","3","2025-03-19 14:58:02","4.5","1"
"employee","HR","8.2","2025-03-09 21:18:58","3","2025-03-09 00:18:58","3.8","0"
"admin","Finance","6.0","2025-03-15 02:09:14","1","2025-03-13 17:09:14","0.9","1"
"manager","HR","7.8","2025-03-01 09:41:48","1","2025-02-27 14:41:48","0.5","1"
"manager","Finance","5.7","2025-03-29 15:28:04","3","2025-03-28 18:28:04","4.6","1"
"manager","IT","8.1","2025-03-16 15:07:11","10","2025-03-15 23:07:11","2.7","0"
"manager","HR","1.1","2025-03-25 10:21:50","3","2025-03-24 01:21:50","4.8","0"
"admin","HR","0.9","2025-03-12 09:31:43","8","2025-03-11 20:31:43","1.4","1"
"admin","HR","8.3","2025-03-22 07:52:29","10","2025-03-21 14:52:29","1.8","1"
"admin","Operations","6.9","2025-03-17 16:33:17","10","2025-03-16 11:33:17","4.6","1"
"employee","Finance","0.6","2025-03-03 18:34:53","5","2025-03-02 07:34:53","4.8","0"
"employee","Finance","5.1","2025-03-14 08:05:56","8","2025-03-13 13:05:56","2.8","0"
"manager","IT","5.8","2025-03-28 08:39:55","1","2025-03-28 06:39:55","2.1","1"
"manager","Finance","6.5","2025-03-24 22:55:21","4","2025-03-23 04:55:21","0.3","0"
"admin","IT","7.3","2025-03-05 02:42:26","8","2025-03-03 09:42:26","4.2","1"
"manager","IT","3.7","2025-03-07 19:42:48","10","2025-03-05 20:42:48","4.5","0"
"manager","Operations","1.0","2025-03-15 21:32:55","1","2025-03-14 11:32:55","1.0","0"
"manager","Operations","3.9","2025-03-03 23:50:39","10","2025-03-03 09:50:39","0.3","0"
"manager","Finance","5.1","2025-03-07 20:35:05","1","2025-03-06 02:35:05","0.6","0"
"admin","Operations","9.5","2025-03-28 05:30:15","3","2025-03-28 03:30:15","4.4","1"
"admin","Finance","8.4","2025-03-15 10:28:37","5","2025-03-15 06:28:37","4.8","1"
"admin","HR","7.7","2025-03-20 14:05:10","7","2025-03-18 16:05:10","4.9","1"
"employee","HR","7.3","2025-03-23 20:03:54","10","2025-03-23 16:03:54","4.0","0"
"manager","Operations","0.3","2025-03-06 07:23:46","6","2025-03-04 13:23:46","0.6","0"
"employee","Operations","3.8","2025-03-21 13:58:21","10","2025-03-20 01:58:21","3.3","0"
"employee","IT","4.7","2025-03-15 04:55:22","10","2025-03-14 23:55:22","4.6","0"
"employee","HR","3.9","2025-03-26 20:41:24","4","2025-03-24 21:41:24","3.1","0"
"manager","IT","4.1","2025-03-03 23:45:36","10","2025-03-03 02:45:36","0.4","0"
"admin","IT","0.3","2025-03-13 08:36:01","9","2025-03-13 05:36:01","3.7","1"
"employee","IT","4.7","2025-03-25 08:33:06","8","2025-03-24 13:33:06","1.9","0"
"admin","Operations","9.0","2025-03-25 19:49:33","1","2025-03-25 10:49:33","3.6","1"
"manager","HR","6.5","2025-03-23 08:29:29","3","2025-03-23 00:29:29","4.1","0"
"employee","IT","3.6","2025-03-13 01:15:55","3","2025-03-11 10:15:55","1.4","0"
"manager","IT","8.8","2025-03-26 22:30:58","1","2025-03-26 20:30:58","4.9","1"
"manager","IT","8.3","2025-03-25 11:08:54","4","2025-03-25 02:08:54","0.3","1"
"admin","Finance","6.2","2025-03-05 11:40:57","4","2025-03-03 21:40:57","2.9","1"
"employee","HR","1.6","2025-03-27 10:30:05","5","2025-03-27 09:30:05","4.3","0"
"employee","IT","4.2","2025-03-14 03:58:56","4","2025-03-13 18:58:56","1.2","0"
"employee","HR","4.4","2025-03-03 02:56:58","8","2025-03-02 12:56:58","4.5","0"
"employee","Operations","2.3","2025-03-24 10:50:25","3","2025-03-22 16:50:25","3.1","1"
"employee","Finance","5.3","2025-03-29 10:19:55","7","2025-03-28 16:19:55","1.1","0"
"manager","IT","7.9","2025-03-26 09:20:05","4","2025-03-26 09:20:05","2.3","1"
"admin","HR","9.8","2025-03-23 05:25:25","2","2025-03-21 12:25:25","0.7","1"
"admin","IT","2.2","2025-03-30 06:20:53","10","2025-03-29 21:20:53","0.9","1"
"manager","Finance","4.4","2025-03-30 12:24:38","6","2025-03-28 18:24:38","1.8","0"
"manager","IT","2.0","2025-03-01 11:44:03","2","2025-02-28 02:44:03","0.5","1"
"employee","IT","6.0","2025-03-02 04:44:39","3","2025-03-01 08:44:39","3.2","1"
"employee","IT","5.5","2025-03-01 01:53:21","7","2025-03-01 00:53:21","3.4","0"
"admin","IT","9.9","2025-03-30 07:11:19","2","2025-03-28 11:11:19","4.4","1"
"employee","Operations","4.7","2025-03-21 23:43:36","2","2025-03-21 21:43:36","4.1","0"
"employee","HR","6.5","2025-03-18 18:53:49","2","2025-03-17 15:53:49","3.9","0"
"admin","Operations","5.6","2025-03-02 06:50:06","3","2025-02-28 12:50:06","0.5","1"
"manager","IT","3.4","2025-03-17 01:20:05","9","2025-03-15 13:20:05","1.3","0"
"employee","IT","9.9","2025-03-25 02:07:37","2","2025-03-23 19:07:37","0.9","1"
"manager","HR","4.1","2025-03-26 19:09:37","7","2025-03-25 15:09:37","0.2","0"
"employee","HR","7.4","2025-03-02 10:17:14","8","2025-03-01 14:17:14","0.6","0"
"admin","HR","3.1","2025-03-04 21:20:13","10","2025-03-03 23:20:13","2.3","1"
"admin","IT","0.6","2025-03-11 06:12:15","5","2025-03-10 22:12:15","0.5","1"
"employee","IT","1.6","2025-03-30 13:46:39","7","2025-03-30 10:46:39","4.9","0"
"manager","Finance","3.8","2025-03-01 14:07:27","10","2025-02-28 23:07:27","4.2","0"
"manager","IT","3.0","2025-03-07 12:07:49","2","2025-03-07 11:07:49","2.6","1"
"admin","IT","0.4","2025-03-30 19:29:39","9","2025-03-29 15:29:39","4.7","1"
"admin","Finance","0.1","2025-03-02 16:18:35","5","2025-03-02 00:18:35","0.7","1"
"employee","IT","5.4","2025-03-22 07:50:58","3","2025-03-21 20:50:58","2.7","1"
"admin","Finance","8.9","2025-03-03 17:22:22","3","2025-03-03 12:22:22","4.5","1"
"admin","IT","8.7","2025-03-14 01:48:48","4","2025-03-12 04:48:48","4.7","1"
"manager","IT","9.8","2025-03-01 06:00:52","9","2025-02-27 13:00:52","4.3","0"
"employee","IT","7.2","2025-03-15 03:34:11","1","2025-03-15 00:34:11","1.8","1"
"employee","IT","5.2","2025-03-04 02:40:38","6","2025-03-03 06:40:38","4.8","0"
"admin","Finance","8.9","2025-03-01 12:37:32","5","2025-02-27 20:37:32","2.1","1"
"admin","Finance","1.0","2025-03-06 05:33:17","5","2025-03-05 16:33:17","2.2","1"
"employee","Operations","2.1","2025-03-28 01:25:37","4","2025-03-27 23:25:37","2.5","0"
"admin","IT","1.5","2025-03-29 12:43:42","5","2025-03-28 23:43:42","1.7","1"
"admin","HR","1.8","2025-03-17 17:36:10","6","2025-03-16 17:36:10","3.1","1"
"admin","Operations","9.8","2025-03-01 09:19:36","9","2025-02-27 19:19:36","4.7","1"
"manager","Operations","5.3","2025-03-02 07:52:45","10","2025-02-28 14:52:45","0.6","0"
"manager","Operations","0.3","2025-03-13 12:44:41","10","2025-03-12 10:44:41","1.2","0"
"admin","Operations","9.4","2025-03-09 05:11:40","5","2025-03-07 21:11:40","2.2","1"
"manager","IT","5.0","2025-03-01 23:31:19","10","2025-02-28 19:31:19","5.0","0"
"manager","Operations","9.8","2025-03-22 14:51:59","10","2025-03-22 08:51:59","0.5","0"
"manager","Operations","4.7","2025-03-16 02:42:42","4","2025-03-15 02:42:42","0.3","0"
"employee","Operations","3.6","2025-03-23 13:33:40","10","2025-03-23 01:33:40","0.9","0"
"admin","Operations","5.5","2025-03-17 03:59:11","10","2025-03-16 12:59:11","4.7","1"
"manager","IT","8.6","2025-03-03 11:40:49","10","2025-03-01 15:40:49","4.8","0"
"admin","Finance","8.2","2025-03-15 02:44:50","10","2025-03-13 03:44:50","3.6","1"
"admin","Finance","3.6","2025-03-02 14:27:21","6","2025-02-28 20:27:21","4.8","1"
"manager","IT","4.2","2025-03-30 18:41:19","7","2025-03-29 05:41:19","2.5","0"
"manager","Finance","2.0","2025-03-12 20:43:13","10","2025-03-12 12:43:13","2.5","0"
"manager","Operations","0.6","2025-03-26 10:40:57","4","2025-03-25 07:40:57","4.2","0"
"admin","IT","4.4","2025-03-16 13:52:23","5","2025-03-14 21:52:23","1.5","1"
"admin","HR","3.3","2025-03-25 14:06:24","4","2025-03-24 21:06:24","2.6","1"
"employee","Finance","9.5","2025-03-09 22:26:16","2","2025-03-09 10:26:16","0.4","0"
"employee","Operations","8.7","2025-03-14 22:29:09","6","2025-03-13 18:29:09","3.9","0"
"manager","Operations","3.9","2025-03-18 19:13:29","8","2025-03-17 03:13:29","2.3","0"
"employee","HR","8.0","2025-03-12 13:36:01","9","2025-03-11 17:36:01","1.9","0"
"admin","Operations","4.5","2025-03-18 04:43:04","8","2025-03-17 16:43:04","4.1","1"
"manager","HR","7.2","2025-03-11 02:52:32","9","2025-03-09 17:52:32","2.3","0"
"employee","HR","3.2","2025-03-30 10:35:05","7","2025-03-30 04:35:05","2.1","0"
"employee","IT","3.4","2025-03-02 23:49:46","8","2025-03-02 01:49:46","2.2","0"
"manager","IT","4.6","2025-03-13 00:42:14","10","2025-03-11 17:42:14","4.9","0"
"employee","Finance","3.9","2025-03-26 16:00:10","2","2025-03-25 03:00:10","2.8","1"
"employee","Finance","4.5","2025-03-17 00:46:08","8","2025-03-15 20:46:08","3.3","0"
"employee","Operations","9.2","2025-03-11 21:27:40","2","2025-03-11 19:27:40","1.5","0"
"admin","Operations","2.9","2025-03-24 10:55:05","2","2025-03-24 09:55:05","0.4","1"
"admin","HR","9.4","2025-03-29 10:27:47","1","2025-03-29 02:27:47","2.6","1"
"employee","IT","0.9","2025-03-10 17:37:06","7","2025-03-10 13:37:06","3.9","0"
"manager","Finance","7.1","2025-03-04 20:14:02","3","2025-03-03 22:14:02","2.3","0"
"manager","Finance","9.2","2025-03-27 18:16:50","1","2025-03-27 02:16:50","0.5","0"
"manager","HR","4.8","2025-03-30 23:42:05","2","2025-03-30 05:42:05","0.9","0"
"admin","Finance","2.1","2025-03-15 21:16:43","3","2025-03-15 18:16:43","3.4","1"
"employee","Operations","4.1","2025-03-24 00:11:54","3","2025-03-22 10:11:54","4.1","0"
"manager","HR","3.0","2025-03-22 19:30:57","1","2025-03-22 08:30:57","3.1","0"
"employee","IT","4.6","2025-03-28 08:16:51","2","2025-03-26 18:16:51","1.6","0"
"employee","Finance","3.1","2025-03-12 02:37:02","2","2025-03-10 21:37:02","3.9","0"
"admin","HR","4.6","2025-03-09 15:44:01","9","2025-03-09 06:44:01","4.4","1"
"admin","HR","1.7","2025-03-18 16:54:05","3","2025-03-18 06:54:05","3.4","1"
"employee","IT","2.7","2025-03-02 16:07:08","4","2025-03-01 19:07:08","2.3","1"
"admin","HR","9.3","2025-03-14 08:17:15","9","2025-03-13 09:17:15","5.0","1"
"admin","IT","6.5","2025-03-25 17:22:45","6","2025-03-25 15:22:45","1.0","1"
"admin","Finance","6.4","2025-03-09 11:46:23","1","2025-03-08 03:46:23","0.9","1"
"manager","Operations","6.0","2025-03-15 09:53:42","4","2025-03-14 11:53:42","4.6","0"
"admin","IT","8.9","2025-03-28 10:39:19","6","2025-03-26 11:39:19","2.5","1"
"manager","IT","6.7","2025-03-11 21:02:35","7","2025-03-11 13:02:35","4.0","0"
"employee","IT","9.7","2025-03-22 06:44:52","1","2025-03-20 19:44:52","3.3","1"
"manager","HR","6.3","2025-03-18 02:05:19","8","2025-03-16 13:05:19","3.8","0"
"manager","HR","4.3","2025-03-08 10:25:14","2","2025-03-08 07:25:14","1.6","1"
"employee","HR","9.1","2025-03-22 06:01:20","10","2025-03-21 22:01:20","1.3","0"
"manager","Finance","8.4","2025-03-22 01:20:10","2","2025-03-20 20:20:10","4.8","0"
"manager","HR","1.6","2025-03-28 17:39:30","6","2025-03-27 20:39:30","3.7","0"
"employee","Operations","1.9","2025-03-10 18:51:05","10","2025-03-09 10:51:05","2.0","0"
"employee","HR","6.7","2025-03-04 10:05:12","9","2025-03-03 09:05:12","1.7","0"
"admin","HR","2.6","2025-03-06 06:51:20","6","2025-03-04 10:51:20","3.6","1"
"admin","Operations","1.8","2025-03-21 01:49:06","4","2025-03-19 12:49:06","2.7","1"
"employee","IT","0.4","2025-03-20 15:38:26","4","2025-03-20 06:38:26","1.2","0"
"admin","HR","10.0","2025-03-16 05:15:03","9","2025-03-14 20:15:03","4.3","1"
"manager","Finance","7.7","2025-03-29 18:31:26","1","2025-03-29 15:31:26","3.8","0"
"manager","Operations","4.1","2025-03-17 02:26:05","9","2025-03-15 06:26:05","0.8","0"
"admin","Finance","7.8","2025-03-03 00:49:40","3","2025-03-02 03:49:40","4.1","1"
"manager","IT","1.7","2025-03-26 23:27:47","3","2025-03-25 21:27:47","4.0","0"
"manager","HR","5.5","2025-03-02 20:25:27","7","2025-03-02 20:25:27","1.7","0"
"employee","Operations","1.4","2025-03-06 01:51:41","6","2025-03-04 17:51:41","1.4","0"
"employee","HR","1.6","2025-03-30 20:28:23","1","2025-03-30 15:28:23","2.0","0"
"manager","Operations","0.8","2025-03-27 14:47:31","4","2025-03-26 02:47:31","1.8","0"
"admin","HR","0.4","2025-03-19 17:36:07","10","2025-03-17 22:36:07","4.9","1"
"manager","Operations","4.8","2025-03-10 00:02:18","5","2025-03-09 11:02:18","3.7","0"
"admin","Operations","2.2","2025-03-29 22:46:17","9","2025-03-29 15:46:17","3.3","1"
"admin","HR","9.6","2025-03-21 23:58:26","6","2025-03-21 18:58:26","4.6","1"
"manager","HR","8.3","2025-03-27 18:59:43","9","2025-03-27 15:59:43","4.7","0"
"employee","IT","5.5","2025-03-23 23:19:01","6","2025-03-22 11:19:01","4.4","0"
"manager","HR","0.3","2025-03-16 03:33:52","2","2025-03-15 06:33:52","3.1","0"
"admin","Finance","5.1","2025-03-23 21:00:50","3","2025-03-23 17:00:50","1.4","1"
"employee","HR","2.6","2025-03-08 23:36:22","1","2025-03-07 03:36:22","3.2","0"
"manager","Operations","5.3","2025-03-26 09:10:56","8","2025-03-25 09:10:56","4.0","0"
"employee","Finance","4.0","2025-03-23 08:11:10","2","2025-03-22 01:11:10","1.7","0"
"employee","Finance","4.4","2025-03-08 05:02:21","6","2025-03-07 03:02:21","0.6","0"
"manager","HR","1.7","2025-03-18 18:40:08","6","2025-03-18 00:40:08","1.4","0"
"admin","HR","4.2","2025-03-21 00:24:27","8","2025-03-19 09:24:27","4.2","1"
"employee","Operations","8.0","2025-03-08 04:30:53","3","2025-03-06 15:30:53","0.4","0"
"admin","Finance","4.8","2025-03-08 07:38:27","8","2025-03-07 05:38:27","1.2","1"
"employee","HR","6.2","2025-03-27 18:20:13","3","2025-03-27 08:20:13","1.6","0"
"employee","HR","9.2","2025-03-05 13:41:49","7","2025-03-05 12:41:49","0.5","0"
"manager","HR","3.9","2025-03-30 05:37:30","6","2025-03-29 01:37:30","1.3","0"
"employee","Operations","6.0","2025-03-20 16:50:23","5","2025-03-19 22:50:23","4.1","0"
"admin","HR","2.5","2025-03-02 07:29:10","5","2025-03-01 04:29:10","3.9","1"
"employee","HR","3.7","2025-03-11 03:30:50","9","2025-03-09 16:30:50","3.0","0"
"admin","Finance","8.9","2025-03-27 23:02:41","3","2025-03-27 18:02:41","0.6","1"
"manager","HR","4.6","2025-03-09 11:35:17","10","2025-03-09 04:35:17","4.2","0"
"admin","Finance","6.1","2025-03-29 10:38:43","6","2025-03-29 00:38:43","3.0","1"
"employee","HR","2.1","2025-03-29 10:04:20","3","2025-03-28 21:04:20","2.1","0"
"manager","HR","4.0","2025-03-25 10:59:35","1","2025-03-24 09:59:35","4.7","0"
"employee","Operations","1.9","2025-03-08 10:01:37","6","2025-03-06 18:01:37","2.9","0"
"admin","IT","8.4","2025-03-21 18:14:35","6","2025-03-20 23:14:35","4.2","1"
"admin","Operations","4.1","2025-03-12 14:14:30","10","2025-03-12 10:14:30","3.2","1"
"manager","Finance","2.6","2025-03-07 03:12:41","7","2025-03-07 01:12:41","2.9","0"
"admin","Operations","9.8","2025-03-03 14:45:29","9","2025-03-02 22:45:29","0.9","1"
"manager","IT","8.8","2025-03-29 20:39:59","6","2025-03-29 19:39:59","0.2","1"
"manager","Operations","0.4","2025-03-21 09:34:06","2","2025-03-20 08:34:06","1.5","1"
"admin","HR","9.9","2025-03-09 20:19:39","7","2025-03-09 16:19:39","3.9","1"
"employee","Finance","7.3","2025-03-06 18:45:36","9","2025-03-05 17:45:36","5.0","0"
"admin","Operations","3.4","2025-03-19 17:41:28","6","2025-03-18 03:41:28","3.6","1"
"admin","IT","8.2","2025-03-06 03:56:34","10","2025-03-05 15:56:34","4.0","1"
"manager","Operations","2.0","2025-03-03 16:54:00","10","2025-03-02 14:54:00","1.3","0"
"employee","HR","9.2","2025-03-17 08:03:16","8","2025-03-15 18:03:16","0.1","0"
"admin","IT","4.3","2025-03-02 22:09:19","5","2025-03-01 20:09:19","1.8","1"
"employee","Finance","1.2","2025-03-17 23:14:08","2","2025-03-17 23:14:08","1.6","0"
"employee","Finance","1.5","2025-03-21 23:22:59","4","2025-03-20 14:22:59","1.1","0"
"manager","Finance","2.8","2025-03-02 21:37:20","7","2025-03-01 23:37:20","2.8","0"
"manager","Finance","4.3","2025-03-26 06:54:06","3","2025-03-24 11:54:06","1.5","0"
"employee","Operations","2.7","2025-03-23 00:06:21","5","2025-03-22 17:06:21","4.8","0"
"employee","Finance","6.9","2025-03-17 20:14:35","9","2025-03-16 18:14:35","3.2","0"
"admin","Finance","9.6","2025-03-22 02:58:47","2","2025-03-21 19:58:47","2.9","1"
"employee","Finance","9.5","2025-03-18 16:38:11","1","2025-03-17 03:38:11","2.6","1"
"admin","Finance","8.1","2025-03-05 11:27:59","5","2025-03-04 21:27:59","1.4","1"
"employee","HR","0.7","2025-03-18 23:36:45","2","2025-03-17 12:36:45","3.1","0"
"employee","HR","0.9","2025-03-01 06:00:32","9","2025-02-28 06:00:32","4.5","0"
"admin","Operations","4.4","2025-03-21 22:47:25","6","2025-03-20 10:47:25","4.6","1"
"admin","Operations","6.7","2025-03-16 09:10:18","4","2025-03-16 08:10:18","3.5","1"
"admin","HR","3.7","2025-03-25 06:59:14","8","2025-03-25 06:59:14","0.2","1"
"manager","Finance","3.2","2025-03-24 13:57:33","6","2025-03-23 09:57:33","0.5","0"
"admin","Finance","9.5","2025-03-29 08:44:26","2","2025-03-27 21:44:26","1.7","1"
"employee","Finance","7.7","2025-03-25 01:45:19","3","2025-03-23 06:45:19","3.7","0"
"employee","IT","9.1","2025-03-19 03:29:19","9","2025-03-18 16:29:19","0.9","0"
"manager","HR","4.8","2025-03-15 11:58:01","6","2025-03-15 08:58:01","1.0","1"
"employee","Finance","3.1","2025-03-05 08:08:50","3","2025-03-03 23:08:50","4.3","0"
"admin","Operations","7.5","2025-03-10 23:07:30","1","2025-03-09 06:07:30","4.9","1"
"employee","Finance","0.2","2025-03-07 05:26:08","9","2025-03-05 19:26:08","0.4","0"
"admin","Operations","9.5","2025-03-06 08:02:59","5","2025-03-06 03:02:59","0.9","1"
"manager","HR","3.2","2025-03-02 10:22:44","10","2025-03-02 02:22:44","4.5","0"
"employee","Operations","0.5","2025-03-28 23:28:22","9","2025-03-28 10:28:22","4.0","0"
"employee","Operations","0.0","2025-03-29 15:08:36","7","2025-03-27 21:08:36","4.4","0"
"employee","Operations","3.9","2025-03-14 18:54:25","3","2025-03-14 07:54:25","4.1","0"
"manager","HR","7.6","2025-03-11 07:46:48","10","2025-03-10 12:46:48","1.3","0"
"manager","IT","5.0","2025-03-19 23:27:11","1","2025-03-19 15:27:11","0.7","0"
"manager","IT","3.8","2025-03-02 05:51:22","6","2025-03-01 21:51:22","1.4","0"
"admin","HR","0.1","2025-03-21 13:27:20","7","2025-03-21 04:27:20","3.5","1"
"manager","Operations","7.1","2025-03-03 02:01:20","7","2025-03-02 07:01:20","0.1","0"
"manager","HR","5.7","2025-03-14 12:58:38","7","2025-03-13 08:58:38","2.4","0"
"admin","Operations","7.5","2025-03-19 16:51:25","4","2025-03-19 11:51:25","3.4","1"
"admin","Finance","7.2","2025-03-01 00:56:21","10","2025-02-28 06:56:21","1.5","1"
"employee","Operations","4.7","2025-03-27 12:06:06","3","2025-03-26 10:06:06","0.1","0"
"employee","IT","5.8","2025-03-11 05:17:00","9","2025-03-11 02:17:00","3.4","0"
"admin","Operations","5.0","2025-03-30 11:50:29","3","2025-03-29 20:50:29","4.8","1"
"manager","IT","2.8","2025-03-24 06:14:28","10","2025-03-22 08:14:28","4.4","0"
"manager","Operations","3.5","2025-03-17 03:58:11","3","2025-03-16 21:58:11","0.2","0"
"manager","HR","2.5","2025-03-27 05:50:13","3","2025-03-26 22:50:13","1.8","0"
"employee","HR","3.3","2025-03-11 20:59:53","8","2025-03-10 21:59:53","0.5","0"
"admin","Operations","4.0","2025-03-21 15:35:29","9","2025-03-20 14:35:29","0.6","1"
"manager","Finance","8.0","2025-03-23 02:46:50","4","2025-03-21 04:46:50","1.9","0"
"admin","Operations","0.2","2025-03-08 14:12:55","1","2025-03-06 20:12:55","3.1","1"
"employee","HR","1.1","2025-03-26 23:35:53","7","2025-03-25 15:35:53","0.7","0"
"manager","IT","1.1","2025-03-25 07:00:49","3","2025-03-23 10:00:49","5.0","0"
"employee","IT","1.9","2025-03-17 01:22:17","3","2025-03-16 23:22:17","4.6","0"
"employee","Operations","5.9","2025-03-16 10:17:18","10","2025-03-16 00:17:18","1.0","0"
"employee","HR","8.0","2025-03-09 09:50:55","7","2025-03-08 05:50:55","1.4","0"
"manager","HR","6.5","2025-03-16 09:49:22","6","2025-03-15 07:49:22","2.9","0"
"employee","IT","5.5","2025-03-06 05:26:14","1","2025-03-06 04:26:14","2.7","1"
"manager","Operations","7.0","2025-03-18 22:18:58","9","2025-03-17 15:18:58","1.4","0"
"employee","IT","2.1","2025-03-25 19:20:22","2","2025-03-25 14:20:22","4.8","0"
"manager","IT","2.8","2025-03-25 00:34:07","7","2025-03-23 07:34:07","4.3","0"
"employee","Finance","1.7","2025-03-24 11:32:11","7","2025-03-22 18:32:11","3.2","0"
"manager","Finance","7.4","2025-03-14 17:36:51","4","2025-03-13 02:36:51","2.7","0"
"employee","Finance","0.6","2025-03-11 21:49:14","6","2025-03-10 15:49:14","4.5","0"
"admin","Operations","7.3","2025-03-19 22:34:14","9","2025-03-18 19:34:14","2.0","1"
"employee","Finance","7.2","2025-03-22 06:32:14","8","2025-03-22 02:32:14","1.5","0"
"admin","HR","3.9","2025-03-25 14:28:44","3","2025-03-24 08:28:44","3.5","1"
"employee","Operations","6.4","2025-03-19 08:38:05","7","2025-03-19 07:38:05","2.0","0"
"manager","Operations","5.3","2025-03-16 19:31:17","5","2025-03-15 23:31:17","0.7","0"
"admin","Operations","3.3","2025-03-09 11:14:25","10","2025-03-08 21:14:25","3.7","1"
"admin","Operations","0.5","2025-03-30 19:54:04","3","2025-03-29 15:54:04","2.0","1"
"employee","Finance","9.3","2025-03-14 10:33:19","10","2025-03-13 17:33:19","1.7","0"
"admin","HR","5.4","2025-03-27 21:19:35","1","2025-03-26 15:19:35","5.0","1"
"admin","Operations","4.9","2025-03-03 15:33:09","9","2025-03-02 08:33:09","4.8","1"
"admin","HR","9.9","2025-03-11 04:02:07","3","2025-03-09 04:02:07","0.4","1"
"manager","Finance","1.5","2025-03-20 00:27:31","3","2025-03-19 14:27:31","0.8","0"
"manager","Operations","7.3","2025-03-30 05:21:36","3","2025-03-28 15:21:36","4.8","0"
"employee","HR","0.2","2025-03-24 01:33:20","9","2025-03-22 23:33:20","2.2","0"
"employee","Operations","1.9","2025-03-09 22:52:21","10","2025-03-09 13:52:21","2.0","0"
"admin","Finance","0.2","2025-03-13 19:50:44","4","2025-03-12 17:50:44","2.3","1"
"manager","HR","7.3","2025-03-29 18:42:15","8","2025-03-28 17:42:15","1.0","0"
"admin","Operations","9.8","2025-03-08 16:47:39","9","2025-03-08 14:47:39","1.9","1"
"manager","HR","0.5","2025-03-16 15:55:24","7","2025-03-16 09:55:24","0.6","0"
"employee","Operations","4.9","2025-03-16 16:42:45","7","2025-03-15 04:42:45","0.6","0"
"admin","Finance","0.2","2025-03-12 07:41:57","3","2025-03-11 04:41:57","4.8","1"
"admin","Finance","4.4","2025-03-22 22:35:40","5","2025-03-21 17:35:40","0.2","1"
"admin","Operations","7.2","2025-03-07 08:08:49","2","2025-03-06 18:08:49","1.5","1"
"employee","IT","3.2","2025-03-05 04:40:48","2","2025-03-04 20:40:48","2.0","0"
"employee","IT","4.4","2025-03-08 18:16:34","4","2025-03-06 22:16:34","3.3","0"
"manager","HR","4.2","2025-03-10 13:14:26","10","2025-03-09 15:14:26","0.3","0"
"manager","Finance","8.2","2025-03-19 05:27:29","5","2025-03-18 14:27:29","4.1","0"
"manager","Operations","1.8","2025-03-16 15:58:12","9","2025-03-16 10:58:12","1.2","0"
"admin","HR","8.3","2025-03-24 02:10:21","7","2025-03-23 10:10:21","2.4","1"
"manager","IT","4.1","2025-03-27 17:38:40","7","2025-03-26 02:38:40","1.3","0"
"employee","Operations","3.8","2025-03-22 06:24:54","9","2025-03-21 00:24:54","4.8","0"
"employee","IT","1.2","2025-03-17 23:35:55","7","2025-03-17 17:35:55","3.8","0"
"admin","Operations","4.6","2025-03-11 23:38:31","6","2025-03-10 22:38:31","1.7","1"
"manager","Finance","5.9","2025-03-24 03:51:28","2","2025-03-22 15:51:28","1.0","0"
"manager","Finance","2.2","2025-03-18 06:38:38","2","2025-03-18 00:38:38","0.5","0"
"manager","Finance","3.4","2025-03-30 20:41:00","2","2025-03-29 03:41:00","4.5","0"
"admin","HR","0.7","2025-03-22 20:12:03","6","2025-03-22 20:12:03","3.5","1"
"manager","Operations","9.5","2025-03-14 19:35:32","2","2025-03-14 05:35:32","4.5","0"
"admin","HR","4.7","2025-03-06 07:09:40","3","2025-03-04 09:09:40","4.6","1"
"manager","HR","0.7","2025-03-29 19:31:49","3","2025-03-29 18:31:49","0.3","0"
"manager","Operations","1.0","2025-03-27 10:50:19","5","2025-03-25 16:50:19","3.8","0"
"employee","IT","8.3","2025-03-27 10:17:08","3","2025-03-25 11:17:08","4.7","1"
"admin","Finance","4.0","2025-03-05 14:02:49","5","2025-03-05 06:02:49","4.6","1"
"employee","HR","1.7","2025-03-01 21:03:08","9","2025-02-28 13:03:08","4.5","0"
"admin","Operations","2.0","2025-03-04 06:11:50","3","2025-03-03 15:11:50","2.6","1"
"admin","IT","6.3","2025-03-27 17:08:46","4","2025-03-26 12:08:46","4.7","1"
"manager","IT","9.3","2025-03-13 17:19:13","10","2025-03-13 10:19:13","1.5","0"
"employee","Operations","0.4","2025-03-18 14:27:30","5","2025-03-16 20:27:30","3.1","0"
"employee","IT","9.2","2025-03-24 23:05:21","8","2025-03-24 20:05:21","2.6","0"
"employee","Finance","6.6","2025-03-15 22:40:29","9","2025-03-14 02:40:29","2.6","0"
"employee","Operations","1.7","2025-03-14 15:40:16","2","2025-03-13 10:40:16","1.1","1"
"employee","HR","2.1","2025-03-28 01:18:39","3","2025-03-26 05:18:39","4.8","0"
"manager","HR","5.4","2025-03-12 00:27:54","7","2025-03-10 04:27:54","2.8","0"
"manager","IT","7.8","2025-03-29 17:31:39","4","2025-03-28 02:31:39","2.7","1"
"admin","HR","9.2","2025-03-21 05:26:26","10","2025-03-19 05:26:26","5.0","1"
"manager","Finance","3.6","2025-03-16 08:28:28","7","2025-03-14 20:28:28","4.4","0"
"admin","Finance","3.3","2025-03-04 22:54:11","1","2025-03-03 14:54:11","1.3","1"
"employee","Finance","8.2","2025-03-18 08:59:24","6","2025-03-17 06:59:24","4.8","0"
"manager","Finance","5.9","2025-03-21 01:02:40","10","2025-03-19 05:02:40","4.8","0"
"admin","Finance","3.8","2025-03-04 20:55:27","8","2025-03-04 07:55:27","1.1","1"
"employee","Finance","9.8","2025-03-03 12:36:44","2","2025-03-03 04:36:44","0.4","1"
"employee","IT","9.3","2025-03-26 13:56:08","7","2025-03-25 02:56:08","3.5","0"
"manager","IT","6.8","2025-03-20 06:35:13","9","2025-03-18 08:35:13","0.5","0"
"employee","Operations","2.2","2025-03-17 07:36:16","10","2025-03-15 12:36:16","4.6","0"
"employee","HR","2.9","2025-03-16 10:01:15","5","2025-03-16 10:01:15","3.8","0"
"manager","HR","4.4","2025-03-18 12:57:02","3","2025-03-17 04:57:02","0.3","0"
"manager","IT","5.9","2025-03-05 23:22:06","6","2025-03-04 20:22:06","3.3","0"
"employee","Finance","6.6","2025-03-03 00:42:21","3","2025-03-02 19:42:21","1.3","0"
"manager","Operations","3.9","2025-03-09 00:08:22","5","2025-03-07 01:08:22","2.9","0"
"employee","HR","4.5","2025-03-12 18:49:24","8","2025-03-11 04:49:24","1.3","0"
"admin","IT","4.8","2025-03-21 07:48:22","4","2025-03-19 15:48:22","3.5","1"
"employee","HR","4.3","2025-03-15 05:13:57","6","2025-03-14 15:13:57","1.4","0"
"admin","Operations","9.8","2025-03-10 03:46:26","5","2025-03-08 17:46:26","1.9","1"
"admin","Operations","2.2","2025-03-06 00:47:26","6","2025-03-05 14:47:26","0.9","1"
"admin","Operations","6.8","2025-03-26 02:34:54","9","2025-03-24 22:34:54","2.2","1"
"manager","Operations","1.2","2025-03-02 06:02:31","7","2025-02-28 13:02:31","2.4","0"
"admin","Finance","2.7","2025-03-30 10:33:23","5","2025-03-28 19:33:23","0.4","1"
"manager","IT","6.6","2025-03-09 20:36:57","5","2025-03-08 12:36:57","3.9","0"
"manager","Operations","3.9","2025-03-27 14:21:25","9","2025-03-27 11:21:25","2.8","0"
"employee","HR","8.8","2025-03-09 21:04:24","2","2025-03-09 09:04:24","1.3","0"
"admin","Finance","8.5","2025-03-11 08:10:59","1","2025-03-09 21:10:59","2.3","1"
"manager","IT","5.4","2025-03-28 03:25:04","10","2025-03-26 09:25:04","0.7","0"
"manager","Operations","0.4","2025-03-26 12:26:40","10","2025-03-26 06:26:40","3.0","0"
"admin","Operations","5.5","2025-03-24 17:34:11","7","2025-03-23 01:34:11","4.6","1"
"admin","Operations","0.2","2025-03-17 00:24:35","2","2025-03-16 22:24:35","2.7","1"
"admin","IT","9.4","2025-03-09 03:44:09","1","2025-03-08 05:44:09","4.2","1"
"employee","Finance","4.0","2025-03-18 06:58:10","1","2025-03-18 03:58:10","3.0","0"
"manager","HR","5.5","2025-03-30 01:20:51","6","2025-03-29 07:20:51","4.8","0"
"admin","Finance","2.3","2025-03-27 21:11:55","10","2025-03-27 21:11:55","0.1","1"
"employee","IT","6.1","2025-03-23 06:46:10","1","2025-03-22 05:46:10","0.3","1"
"manager","Finance","5.7","2025-03-18 18:05:49","7","2025-03-16 18:05:49","1.9","0"
"employee","Operations","6.7","2025-03-11 01:15:39","10","2025-03-10 19:15:39","1.9","0"
"manager","IT","5.9","2025-03-05 06:09:38","9","2025-03-04 10:09:38","1.1","0"
"manager","IT","6.9","2025-03-17 22:29:00","5","2025-03-16 09:29:00","4.8","0"
"manager","Operations","7.3","2025-03-15 23:55:50","8","2025-03-14 20:55:50","2.9","0"
"employee","Finance","7.2","2025-03-06 23:08:13","9","2025-03-05 21:08:13","3.2","0"
"manager","HR","6.1","2025-03-09 11:37:06","7","2025-03-07 17:37:06","2.8","0"
"manager","IT","1.1","2025-03-06 21:20:37","2","2025-03-06 16:20:37","0.9","0"
"admin","Operations","2.5","2025-03-11 06:01:31","3","2025-03-10 07:01:31","1.0","1"
"employee","Operations","1.0","2025-03-20 14:54:09","4","2025-03-19 15:54:09","1.2","0"
"employee","IT","5.7","2025-03-13 02:45:46","6","2025-03-11 17:45:46","0.6","0"
"admin","Finance","1.5","2025-03-13 15:03:08","6","2025-03-11 22:03:08","4.1","1"
"employee","HR","7.5","2025-03-29 23:47:56","1","2025-03-29 17:47:56","3.7","0"
"employee","Operations","2.2","2025-03-20 15:38:58","8","2025-03-20 11:38:58","0.9","0"
"employee","Finance","8.4","2025-03-26 16:33:58","2","2025-03-26 11:33:58","2.5","0"
"employee","Finance","5.0","2025-03-18 17:59:51","8","2025-03-17 20:59:51","1.0","0"
"employee","IT","5.5","2025-03-01 10:19:54","2","2025-02-28 04:19:54","2.8","1"
"manager","IT","0.7","2025-03-21 02:49:39","4","2025-03-20 19:49:39","2.9","0"
"manager","Operations","1.2","2025-03-08 03:50:29","2","2025-03-07 17:50:29","4.5","0"
"admin","Finance","3.6","2025-03-27 02:18:18","3","2025-03-27 00:18:18","4.1","1"
"employee","Finance","3.3","2025-03-14 21:37:23","5","2025-03-14 16:37:23","0.5","0"
"employee","Operations","2.0","2025-03-28 02:17:49","4","2025-03-26 13:17:49","0.5","0"
"employee","Finance","2.6","2025-03-17 04:03:07","2","2025-03-16 09:03:07","0.7","0"
"manager","Finance","8.1","2025-03-11 01:30:45","1","2025-03-10 10:30:45","3.9","0"
"manager","HR","8.3","2025-03-18 08:18:22","3","2025-03-16 17:18:22","2.3","0"
"employee","IT","4.8","2025-03-15 19:09:18","9","2025-03-14 13:09:18","3.7","0"
"admin","IT","7.4","2025-03-13 03:00:51","7","2025-03-12 00:00:51","2.6","1"
"employee","HR","3.4","2025-03-25 05:40:18","10","2025-03-23 08:40:18","4.5","0"
"manager","Finance","7.7","2025-03-27 22:37:39","2","2025-03-27 21:37:39","0.9","0"
"manager","Operations","4.5","2025-03-08 06:42:23","2","2025-03-07 20:42:23","3.9","0"
"admin","HR","4.0","2025-03-12 00:16:49","6","2025-03-10 20:16:49","4.3","1"
"employee","Operations","1.5","2025-03-04 04:36:29","9","2025-03-02 20:36:29","2.2","0"
"manager","Operations","7.4","2025-03-19 00:39:44","3","2025-03-17 01:39:44","4.7","0"
"manager","IT","7.6","2025-03-07 07:56:05","3","2025-03-05 22:56:05","2.6","1"
"admin","IT","9.7","2025-03-12 13:46:07","9","2025-03-10 16:46:07","2.7","1"
"employee","Finance","8.1","2025-03-02 17:02:09","9","2025-03-02 00:02:09","0.8","0"
"employee","Finance","3.2","2025-03-14 21:39:37","7","2025-03-13 08:39:37","0.4","0"
"manager","Finance","3.1","2025-03-12 20:19:48","6","2025-03-12 04:19:48","1.7","0"
"manager","Finance","0.5","2025-03-07 05:52:21","5","2025-03-06 04:52:21","3.8","0"
"employee","HR","4.4","2025-03-19 18:33:27","7","2025-03-19 02:33:27","3.3","0"
"employee","IT","4.7","2025-03-15 22:22:01","4","2025-03-15 22:22:01","3.3","0"
"manager","Operations","9.3","2025-03-06 04:37:31","6","2025-03-05 11:37:31","4.1","0"
"admin","Operations","0.1","2025-03-26 01:46:12","8","2025-03-25 06:46:12","3.0","1"
"employee","Operations","8.1","2025-03-12 18:44:38","4","2025-03-11 00:44:38","4.9","0"
"employee","HR","9.5","2025-03-05 12:38:31","9","2025-03-04 01:38:31","0.4","0"
"manager","IT","3.2","2025-03-10 13:34:15","4","2025-03-10 06:34:15","4.9","1"
"employee","HR","8.1","2025-03-10 01:29:31","5","2025-03-09 15:29:31","1.2","0"
"admin","HR","6.9","2025-03-03 23:31:59","10","2025-03-01 23:31:59","4.8","1"
"admin","Operations","3.2","2025-03-28 13:09:20","6","2025-03-27 03:09:20","4.1","1"
"employee","Operations","9.5","2025-03-30 02:55:21","8","2025-03-28 09:55:21","0.5","0"
"admin","Finance","9.3","2025-03-29 09:50:08","4","2025-03-27 17:50:08","2.4","1"
"admin","Operations","8.6","2025-03-07 19:46:01","6","2025-03-07 12:46:01","3.5","1"
"employee","Finance","8.8","2025-03-19 06:40:27","4","2025-03-18 15:40:27","0.2","0"
"employee","Finance","9.9","2025-03-22 12:55:13","6","2025-03-21 04:55:13","2.0","0"
"manager","HR","9.3","2025-03-05 08:34:44","8","2025-03-03 09:34:44","4.6","0"
"manager","Operations","8.6","2025-03-22 23:28:49","8","2025-03-21 05:28:49","4.2","0"
"admin","Finance","5.3","2025-03-22 22:56:28","8","2025-03-22 14:56:28","2.5","1"
"employee","HR","6.9","2025-03-24 11:17:03","1","2025-03-23 04:17:03","2.8","1"
"admin","Operations","5.4","2025-03-04 00:39:31","2","2025-03-02 02:39:31","3.9","1"
"employee","Operations","9.3","2025-03-12 22:29:38","9","2025-03-11 05:29:38","0.8","0"
"employee","IT","8.3","2025-03-07 18:06:45","7","2025-03-06 14:06:45","4.0","0"
"admin","Finance","1.2","2025-03-20 06:11:47","10","2025-03-18 22:11:47","1.5","1"
"manager","Operations","9.9","2025-03-10 04:17:15","1","2025-03-10 03:17:15","4.9","0"
"employee","Operations","1.5","2025-03-30 04:15:53","4","2025-03-29 06:15:53","2.4","0"
"employee","Finance","0.8","2025-03-05 10:50:16","2","2025-03-03 15:50:16","2.9","1"
"manager","Operations","9.2","2025-03-21 23:18:27","5","2025-03-20 06:18:27","3.6","0"
"admin","Operations","3.0","2025-03-28 11:20:41","4","2025-03-26 20:20:41","1.3","1"
"employee","Finance","8.2","2025-03-23 21:28:38","2","2025-03-23 18:28:38","4.8","0"
"admin","Finance","8.9","2025-03-20 03:13:27","4","2025-03-18 04:13:27","0.2","1"
"employee","IT","3.4","2025-03-11 08:06:52","7","2025-03-10 11:06:52","0.7","0"
"admin","Finance","2.0","2025-03-17 20:27:01","1","2025-03-16 06:27:01","1.2","1"
"employee","IT","2.2","2025-03-02 01:33:28","4","2025-02-28 04:33:28","1.6","0"
"employee","Operations","7.6","2025-03-27 12:09:39","3","2025-03-26 23:09:39","4.1","1"
"manager","IT","3.8","2025-03-24 22:51:53","8","2025-03-23 15:51:53","4.2","0"
"employee","Finance","4.6","2025-03-06 21:33:29","7","2025-03-05 20:33:29","4.7","0"
"employee","HR","1.0","2025-03-09 16:19:07","2","2025-03-07 18:19:07","0.2","0"
"admin","Finance","8.7","2025-03-03 18:46:45","10","2025-03-02 02:46:45","1.2","1"
"manager","Operations","3.5","2025-03-15 03:13:17","1","2025-03-14 00:13:17","4.3","0"
"employee","IT","9.9","2025-03-24 02:22:48","3","2025-03-22 04:22:48","0.2","1"
"employee","IT","5.9","2025-03-24 13:00:41","10","2025-03-24 09:00:41","0.3","0"
"manager","IT","2.0","2025-03-29 06:44:59","2","2025-03-28 00:44:59","0.9","0"
"manager","Operations","7.4","2025-03-24 05:20:48","10","2025-03-22 12:20:48","0.2","0"
"manager","IT","1.9","2025-03-18 03:32:21","5","2025-03-16 08:32:21","3.8","0"
"admin","HR","2.1","2025-03-28 00:12:52","8","2025-03-26 23:12:52","0.4","1"
"manager","Operations","8.1","2025-03-23 16:43:08","7","2025-03-23 10:43:08","2.0","0"
"admin","HR","1.9","2025-03-20 01:29:38","8","2025-03-19 22:29:38","4.6","1"
"manager","HR","0.7","2025-03-05 04:00:42","4","2025-03-03 21:00:42","4.4","0"
"employee","HR","1.8","2025-03-22 14:04:32","1","2025-03-21 14:04:32","3.0","0"
"employee","IT","0.2","2025-03-24 12:01:19","9","2025-03-23 04:01:19","3.2","0"
"admin","HR","5.1","2025-03-10 09:25:48","1","2025-03-09 21:25:48","2.5","1"
"employee","HR","9.0","2025-03-02 22:41:19","9","2025-03-01 16:41:19","1.9","0"
"employee","HR","4.9","2025-03-21 01:58:40","9","2025-03-20 09:58:40","2.1","0"
"manager","IT","4.9","2025-03-03 15:40:12","6","2025-03-02 07:40:12","2.0","0"
"manager","HR","0.2","2025-03-24 02:37:45","6","2025-03-22 23:37:45","1.0","0"
"employee","HR","2.4","2025-03-07 20:49:49","3","2025-03-06 20:49:49","1.0","0"
"manager","IT","3.4","2025-03-21 15:03:41","8","2025-03-20 01:03:41","4.2","0"
"employee","HR","4.7","2025-03-14 01:06:46","9","2025-03-13 06:06:46","3.1","0"
"admin","Operations","10.0","2025-03-20 06:15:01","7","2025-03-19 23:15:01","4.9","1"
"manager","Finance","2.9","2025-03-25 20:18:04","9","2025-03-24 16:18:04","4.0","0"
"manager","Operations","3.4","2025-03-11 14:51:54","3","2025-03-11 04:51:54","2.4","0"
"admin","HR","10.0","2025-03-02 07:53:38","4","2025-03-02 06:53:38","0.1","1"
"employee","Finance","3.0","2025-03-19 06:14:59","7","2025-03-18 11:14:59","1.7","0"
"admin","HR","4.6","2025-03-18 12:58:26","7","2025-03-18 09:58:26","0.4","1"
"employee","IT","4.3","2025-03-22 03:16:55","1","2025-03-20 07:16:55","0.7","0"
"manager","Operations","9.8","2025-03-08 08:35:14","10","2025-03-08 08:35:14","4.5","0"
"employee","Finance","7.6","2025-03-07 05:38:18","4","2025-03-06 13:38:18","1.5","0"
"employee","Finance","0.0","2025-03-02 13:29:14","7","2025-03-02 11:29:14","2.2","0"
"employee","IT","3.7","2025-03-03 23:34:10","4","2025-03-03 01:34:10","1.6","0"
"manager","Finance","2.1","2025-03-04 09:24:36","5","2025-03-03 11:24:36","2.5","0"
"admin","Finance","4.5","2025-03-09 03:01:56","4","2025-03-07 23:01:56","4.6","1"
"admin","Finance","3.7","2025-03-18 03:25:29","3","2025-03-17 17:25:29","1.5","1"
"employee","IT","5.6","2025-03-01 00:27:41","2","2025-02-27 21:27:41","4.2","1"
"admin","Operations","4.1","2025-03-19 03:31:54","10","2025-03-17 09:31:54","0.6","1"
"employee","IT","4.5","2025-03-18 03:26:26","7","2025-03-16 04:26:26","0.6","0"
"manager","Finance","1.1","2025-03-10 14:22:35","4","2025-03-10 04:22:35","3.0","1"
"manager","Finance","9.8","2025-03-10 17:06:55","4","2025-03-09 22:06:55","4.9","0"
"manager","Finance","4.0","2025-03-30 21:38:11","10","2025-03-30 08:38:11","1.6","0"
"manager","HR","4.4","2025-03-07 19:26:07","1","2025-03-06 00:26:07","1.4","0"
"employee","Finance","2.0","2025-03-05 07:49:57","5","2025-03-05 05:49:57","2.4","0"
"manager","Operations","4.3","2025-03-15 22:57:39","8","2025-03-15 11:57:39","4.7","0"
"admin","HR","3.9","2025-03-19 13:29:00","7","2025-03-18 12:29:00","1.1","1"
"manager","Finance","6.1","2025-03-01 04:11:23","7","2025-02-28 06:11:23","3.7","0"
"manager","IT","5.8","2025-03-26 11:04:02","6","2025-03-25 22:04:02","0.2","0"
"manager","Operations","5.4","2025-03-17 03:15:24","2","2025-03-16 14:15:24","0.2","0"
"employee","HR","1.6","2025-03-05 04:14:33","2","2025-03-03 17:14:33","2.1","0"
"manager","Operations","6.6","2025-03-12 22:34:42","8","2025-03-11 23:34:42","1.7","0"
"admin","HR","6.4","2025-03-19 20:36:46","8","2025-03-19 06:36:46","2.9","1"
"employee","Operations","2.0","2025-03-06 05:07:58","7","2025-03-04 19:07:58","4.5","0"
"manager","Operations","1.5","2025-03-02 21:27:35","7","2025-03-01 11:27:35","3.1","0"
"admin","IT","2.9","2025-03-15 00:54:16","6","2025-03-13 20:54:16","4.7","1"
"manager","Operations","9.4","2025-03-04 23:46:02","10","2025-03-04 12:46:02","3.7","0"
"manager","IT","0.3","2025-03-17 11:17:26","8","2025-03-16 05:17:26","1.0","0"
"manager","HR","6.4","2025-03-22 18:16:36","2","2025-03-22 15:16:36","3.9","0"
"admin","IT","5.4","2025-03-23 08:56:16","2","2025-03-22 19:56:16","3.1","1"
"employee","Operations","0.1","2025-03-21 06:59:34","4","2025-03-19 23:59:34","4.6","0"
"admin","IT","8.1","2025-03-05 16:46:17","1","2025-03-04 22:46:17","2.4","1"
"admin","HR","2.7","2025-03-05 03:09:29","5","2025-03-04 05:09:29","1.6","1"
"manager","HR","1.1","2025-03-23 15:27:32","1","2025-03-23 06:27:32","3.9","0"
"admin","HR","5.8","2025-03-28 15:04:39","3","2025-03-27 05:04:39","1.5","1"
"manager","HR","2.3","2025-03-12 15:06:14","6","2025-03-11 01:06:14","4.2","0"
"employee","HR","8.7","2025-03-11 06:12:17","10","2025-03-10 21:12:17","4.3","0"
"admin","Operations","2.7","2025-03-01 11:20:57","7","2025-02-28 06:20:57","2.4","1"
"employee","IT","4.1","2025-03-19 14:32:36","7","2025-03-18 07:32:36","3.5","0"
"manager","Finance","9.2","2025-03-27 14:25:20","5","2025-03-26 15:25:20","0.7","0"
"admin","Finance","6.6","2025-03-01 04:31:33","6","2025-02-27 07:31:33","3.8","1"
"manager","Finance","4.8","2025-03-26 07:09:30","10","2025-03-24 12:09:30","4.7","0"
"admin","HR","7.3","2025-03-05 18:11:35","9","2025-03-05 13:11:35","1.7","1"
"employee","Operations","6.7","2025-03-09 04:02:20","6","2025-03-08 15:02:20","2.9","0"
"employee","Operations","3.7","2025-03-17 03:38:04","5","2025-03-16 08:38:04","4.5","0"
"manager","Operations","6.6","2025-03-18 05:04:35","5","2025-03-18 00:04:35","2.2","0"
"manager","Finance","5.8","2025-03-23 23:37:11","9","2025-03-22 16:37:11","2.6","0"
"employee","Finance","9.5","2025-03-20 04:14:00","4","2025-03-18 10:14:00","1.6","0"
"employee","IT","6.6","2025-03-29 13:42:10","9","2025-03-29 04:42:10","2.9","0"
"employee","Operations","7.5","2025-03-07 15:08:06","8","2025-03-06 02:08:06","3.0","0"
"admin","Finance","7.4","2025-03-02 09:35:23","1","2025-03-01 15:35:23","0.3","1"
"manager","HR","7.6","2025-03-14 08:57:28","1","2025-03-13 11:57:28","0.9","0"
"manager","Finance","1.3","2025-03-14 14:29:40","4","2025-03-12 18:29:40","1.4","0"
"manager","IT","0.1","2025-03-22 11:20:39","2","2025-03-21 21:20:39","1.6","1"
"admin","Finance","9.0","2025-03-27 13:50:03","1","2025-03-26 15:50:03","4.4","1"
"manager","IT","7.0","2025-03-04 15:43:00","6","2025-03-03 16:43:00","4.3","0"
"admin","HR","3.8","2025-03-04 13:22:08","4","2025-03-04 03:22:08","3.2","1"
"admin","IT","1.8","2025-03-20 16:28:25","9","2025-03-20 01:28:25","0.7","1"
"manager","IT","6.2","2025-03-08 01:13:22","6","2025-03-06 04:13:22","0.4","0"
"manager","Finance","2.3","2025-03-05 22:38:19","7","2025-03-04 17:38:19","4.8","0"
"manager","Operations","3.8","2025-03-02 11:54:13","4","2025-03-02 10:54:13","4.2","1"
"employee","Operations","1.5","2025-03-12 01:56:35","2","2025-03-10 10:56:35","0.3","0"
"employee","Finance","10.0","2025-03-28 22:01:13","7","2025-03-27 07:01:13","4.5","0"
"employee","IT","8.6","2025-03-01 07:46:22","5","2025-02-27 20:46:22","2.0","0"
"employee","Operations","1.6","2025-03-14 17:44:07","8","2025-03-13 18:44:07","2.3","0"
"admin","Finance","8.2","2025-03-06 04:21:34","6","2025-03-04 10:21:34","2.5","1"
"employee","Finance","1.6","2025-03-06 16:06:36","4","2025-03-06 04:06:36","1.1","0"
"employee","Finance","5.5","2025-03-30 05:11:37","8","2025-03-29 12:11:37","1.7","0"
"manager","IT","4.3","2025-03-01 11:44:40","10","2025-02-27 14:44:40","3.7","0"
"admin","IT","4.1","2025-03-29 11:03:13","7","2025-03-29 06:03:13","1.9","1"
"admin","Finance","9.7","2025-03-02 18:47:40","6","2025-02-28 19:47:40","2.8","1"
"admin","IT","5.2","2025-03-29 15:26:05","3","2025-03-27 22:26:05","0.6","1"
"admin","IT","3.6","2025-03-09 11:05:56","6","2025-03-07 13:05:56","1.3","1"
"admin","HR","8.2","2025-03-28 20:24:16","9","2025-03-28 02:24:16","0.7","1"
"employee","Operations","8.9","2025-03-05 21:29:26","1","2025-03-04 01:29:26","0.6","0"
"employee","Operations","5.1","2025-03-26 07:45:04","5","2025-03-25 06:45:04","1.4","0"
"manager","Finance","2.0","2025-03-01 09:53:04","3","2025-02-28 22:53:04","0.7","1"
"manager","IT","8.2","2025-03-23 03:40:04","9","2025-03-22 16:40:04","4.9","0"
"admin","Operations","3.1","2025-03-08 18:01:56","9","2025-03-07 03:01:56","1.8","1"
"admin","Finance","0.2","2025-03-29 23:32:14","3","2025-03-28 04:32:14","2.3","1"
"employee","IT","6.7","2025-03-02 10:01:24","7","2025-02-28 11:01:24","4.1","0"
"employee","Finance","8.0","2025-03-29 08:46:41","3","2025-03-27 18:46:41","2.7","0"
"manager","Operations","7.7","2025-03-27 09:21:55","4","2025-03-27 06:21:55","4.3","0"
"manager","HR","0.5","2025-03-13 04:26:00","10","2025-03-11 19:26:00","4.5","0"
"employee","IT","6.2","2025-03-08 16:30:21","10","2025-03-08 16:30:21","4.7","0"
"employee","Finance","6.9","2025-03-07 01:41:36","3","2025-03-07 00:41:36","0.2","0"
"employee","Finance","9.1","2025-03-26 12:34:28","5","2025-03-26 09:34:28","4.7","0"
"admin","Operations","0.9","2025-03-02 04:21:27","3","2025-03-01 05:21:27","4.6","1"
"admin","HR","1.8","2025-03-30 03:09:28","7","2025-03-29 03:09:28","1.9","1"
"employee","HR","2.5","2025-03-09 22:52:48","8","2025-03-09 16:52:48","3.5","0"
"manager","IT","0.1","2025-03-21 20:33:30","5","2025-03-21 06:33:30","2.8","0"
"employee","IT","9.5","2025-03-05 15:22:39","9","2025-03-04 16:22:39","0.4","0"
"admin","IT","4.8","2025-03-18 22:40:31","10","2025-03-18 15:40:31","0.3","1"
"admin","Operations","1.1","2025-03-28 01:59:38","3","2025-03-26 21:59:38","2.2","1"
"manager","Operations","0.7","2025-03-21 13:29:58","9","2025-03-19 17:29:58","4.3","0"
"employee","HR","7.7","2025-03-22 19:41:00","8","2025-03-21 18:41:00","0.8","0"
"admin","IT","5.6","2025-03-23 00:33:30","6","2025-03-21 01:33:30","3.6","1"
"manager","Operations","9.7","2025-03-16 10:12:02","6","2025-03-15 10:12:02","4.9","0"
"manager","HR","4.1","2025-03-30 00:41:03","5","2025-03-28 17:41:03","3.0","0"
"admin","Finance","9.9","2025-03-12 09:28:25","2","2025-03-10 15:28:25","4.3","1"
"admin","HR","0.1","2025-03-02 06:30:31","3","2025-02-28 22:30:31","0.6","1"
"manager","IT","7.6","2025-03-04 20:14:01","3","2025-03-04 06:14:01","4.8","1"
"admin","Finance","4.2","2025-03-27 11:34:43","8","2025-03-26 06:34:43","0.4","1"
"manager","Finance","5.5","2025-03-24 03:08:56","8","2025-03-22 11:08:56","4.0","0"
"employee","IT","0.8","2025-03-02 23:53:38","5","2025-03-01 11:53:38","1.8","0"
"admin","HR","6.0","2025-03-06 13:20:30","1","2025-03-05 02:20:30","2.5","1"
"employee","HR","7.5","2025-03-23 05:27:59","1","2025-03-23 01:27:59","2.9","0"
"manager","HR","5.5","2025-03-16 00:47:40","2","2025-03-15 23:47:40","2.6","0"
"admin","HR","8.2","2025-03-09 00:30:26","1","2025-03-07 20:30:26","3.8","1"
"admin","Finance","4.2","2025-03-12 01:38:22","1","2025-03-11 14:38:22","1.3","1"
"admin","Operations","4.3","2025-03-03 23:06:18","9","2025-03-02 01:06:18","2.1","1"
"manager","HR","1.9","2025-03-20 02:00:07","2","2025-03-18 11:00:07","4.4","0"
"admin","HR","1.2","2025-03-03 21:41:38","3","2025-03-02 17:41:38","3.9","1"
"admin","Finance","0.4","2025-03-28 23:46:05","10","2025-03-28 06:46:05","2.0","1"
"admin","Finance","3.2","2025-03-17 18:48:41","10","2025-03-16 17:48:41","3.4","1"
"admin","IT","9.1","2025-03-04 05:09:10","7","2025-03-02 16:09:10","4.9","1"
"employee","Finance","8.0","2025-03-28 08:55:51","6","2025-03-26 22:55:51","3.7","0"
"admin","Operations","0.1","2025-03-09 00:14:04","3","2025-03-08 11:14:04","4.0","1"
"manager","IT","9.8","2025-03-24 16:44:00","1","2025-03-23 04:44:00","1.1","1"
"admin","IT","0.5","2025-03-06 17:20:52","4","2025-03-06 04:20:52","4.2","1"
"admin","Operations","0.5","2025-03-28 05:24:24","1","2025-03-27 16:24:24","3.2","1"
"employee","IT","3.4","2025-03-01 10:33:05","2","2025-02-27 20:33:05","3.2","0"
"employee","Finance","1.0","2025-03-22 23:14:42","1","2025-03-22 12:14:42","3.4","0"
"employee","Finance","9.0","2025-03-22 15:21:23","4","2025-03-21 12:21:23","3.5","0"
"manager","Operations","10.0","2025-03-11 20:21:31","2","2025-03-10 23:21:31","1.5","0"
"employee","Operations","8.2","2025-03-06 22:15:43","10","2025-03-06 07:15:43","3.0","0"
"manager","HR","8.7","2025-03-29 00:07:20","1","2025-03-27 01:07:20","3.1","0"
"admin","Finance","8.6","2025-03-04 22:42:25","3","2025-03-03 23:42:25","3.5","1"
"admin","HR","7.3","2025-03-15 00:20:19","1","2025-03-13 15:20:19","1.8","1"
"employee","Finance","3.0","2025-03-18 19:19:32","7","2025-03-18 04:19:32","1.0","0"
"admin","Finance","6.3","2025-03-12 08:21:28","2","2025-03-10 12:21:28","2.7","1"
"employee","Finance","2.0","2025-03-01 21:02:13","6","2025-03-01 16:02:13","0.9","0"
"manager","Finance","0.2","2025-03-28 13:01:32","7","2025-03-26 14:01:32","1.8","0"
"manager","Operations","0.8","2025-03-14 20:42:35","1","2025-03-14 15:42:35","1.6","0"
"admin","IT","4.7","2025-03-05 22:24:09","5","2025-03-04 05:24:09","1.0","1"
"employee","HR","9.1","2025-03-09 00:27:57","6","2025-03-07 01:27:57","4.0","0"
"employee","Finance","9.7","2025-03-23 03:59:01","8","2025-03-21 03:59:01","3.3","0"
"manager","IT","1.9","2025-03-09 16:51:53","4","2025-03-09 00:51:53","4.9","1"
"manager","HR","9.8","2025-03-07 07:29:18","6","2025-03-07 05:29:18","1.3","0"
"manager","Finance","8.3","2025-03-27 10:03:20","7","2025-03-27 09:03:20","1.8","0"
"employee","Finance","8.0","2025-03-20 14:00:04","9","2025-03-20 05:00:04","1.0","0"
"manager","Finance","9.6","2025-03-17 21:33:55","9","2025-03-17 08:33:55","3.6","0"
"manager","Finance","2.2","2025-03-07 22:13:56","1","2025-03-05 22:13:56","0.7","0"
"employee","HR","8.6","2025-03-16 09:49:14","3","2025-03-15 15:49:14","0.7","1"
"employee","HR","7.1","2025-03-17 20:44:12","1","2025-03-17 15:44:12","1.2","0"
"manager","IT","1.3","2025-03-13 04:39:31","3","2025-03-12 14:39:31","2.5","0"
"admin","Finance","7.6","2025-03-04 16:56:08","9","2025-03-04 01:56:08","3.8","1"
"manager","Finance","2.7","2025-03-29 14:15:01","5","2025-03-28 06:15:01","3.6","0"
"employee","Operations","6.2","2025-03-09 23:50:30","4","2025-03-09 21:50:30","4.7","0"
"employee","HR","0.6","2025-03-13 02:10:48","3","2025-03-12 21:10:48","0.5","0"
"manager","HR","8.8","2025-03-20 20:12:56","5","2025-03-20 03:12:56","4.8","0"
"admin","IT","6.3","2025-03-19 01:12:36","5","2025-03-18 00:12:36","4.0","1"
"employee","Operations","9.9","2025-03-16 05:04:26","1","2025-03-15 05:04:26","4.9","0"
"admin","HR","1.2","2025-03-26 21:08:27","7","2025-03-26 15:08:27","0.7","1"
"admin","IT","4.1","2025-03-09 02:07:50","8","2025-03-08 19:07:50","2.2","1"
"manager","HR","2.2","2025-03-12 13:21:33","3","2025-03-12 04:21:33","2.5","0"
"admin","Finance","8.0","2025-03-01 17:22:53","5","2025-03-01 01:22:53","3.5","1"
"manager","HR","3.2","2025-03-12 20:10:05","2","2025-03-10 20:10:05","1.9","0"
"manager","HR","8.1","2025-03-23 11:41:22","3","2025-03-22 02:41:22","4.7","0"
"employee","Finance","2.8","2025-03-01 05:44:40","9","2025-02-28 01:44:40","4.9","0"
"admin","Finance","0.1","2025-03-14 01:05:45","2","2025-03-13 21:05:45","3.4","1"
"manager","Finance","3.3","2025-03-18 18:19:04","10","2025-03-18 00:19:04","2.0","0"
"manager","Operations","9.8","2025-03-11 14:05:28","7","2025-03-10 22:05:28","2.6","0"
"employee","HR","1.5","2025-03-09 13:53:52","3","2025-03-09 03:53:52","2.0","1"
"admin","IT","6.7","2025-03-06 02:17:34","6","2025-03-05 06:17:34","2.7","1"
"manager","Operations","5.0","2025-03-07 01:22:35","1","2025-03-05 21:22:35","3.4","0"
"employee","IT","5.0","2025-03-24 20:17:34","10","2025-03-23 20:17:34","1.6","0"
"employee","Finance","7.2","2025-03-29 00:46:12","10","2025-03-28 19:46:12","0.5","0"
"admin","Finance","8.1","2025-03-20 04:22:25","10","2025-03-20 04:22:25","0.7","1"
"manager","Finance","2.2","2025-03-26 12:57:32","9","2025-03-24 16:57:32","0.7","0"
"employee","Finance","3.6","2025-03-13 16:16:14","6","2025-03-11 23:16:14","0.9","0"
"employee","Operations","7.0","2025-03-02 07:40:37","7","2025-02-28 20:40:37","3.7","0"
"admin","IT","3.4","2025-03-20 03:22:26","3","2025-03-19 03:22:26","4.0","1"
"manager","IT","5.5","2025-03-15 10:52:08","5","2025-03-13 20:52:08","0.6","0"
"employee","Operations","1.1","2025-03-05 10:47:47","4","2025-03-03 11:47:47","3.2","0"
"employee","Operations","8.5","2025-03-27 16:32:57","5","2025-03-26 00:32:57","4.2","0"
"employee","Finance","7.9","2025-03-28 19:43:01","3","2025-03-28 09:43:01","2.1","0"
"manager","HR","1.9","2025-03-01 00:16:20","4","2025-02-27 16:16:20","2.9","0"
"employee","Operations","4.5","2025-03-20 16:03:48","4","2025-03-19 00:03:48","3.7","0"
"admin","Operations","3.5","2025-03-26 02:21:30","5","2025-03-24 23:21:30","3.7","1"
"employee","HR","2.1","2025-03-18 00:41:25","9","2025-03-16 14:41:25","4.5","0"
"manager","Finance","2.6","2025-03-09 19:43:46","7","2025-03-09 13:43:46","4.2","0"
"employee","IT","5.0","2025-03-08 08:09:55","6","2025-03-08 02:09:55","3.5","0"
"admin","IT","1.9","2025-03-10 19:03:45","4","2025-03-10 07:03:45","3.7","1"
"employee","Operations","1.8","2025-03-06 06:55:31","10","2025-03-06 04:55:31","4.9","0"
"admin","Operations","9.0","2025-03-26 02:45:45","6","2025-03-24 17:45:45","4.0","1"
"manager","HR","8.7","2025-03-10 00:48:42","8","2025-03-08 19:48:42","1.8","0"
"manager","HR","7.4","2025-03-18 02:23:14","2","2025-03-17 05:23:14","1.6","0"
"admin","IT","7.6","2025-03-29 06:32:35","10","2025-03-28 13:32:35","1.6","1"
"admin","Operations","10.0","2025-03-28 20:31:31","10","2025-03-28 01:31:31","1.6","1"
"manager","HR","2.5","2025-03-26 22:15:17","9","2025-03-26 02:15:17","3.9","0"
"admin","Operations","7.9","2025-03-09 09:10:18","2","2025-03-08 18:10:18","3.4","1"
"employee","Operations","4.4","2025-03-15 13:51:58","1","2025-03-13 22:51:58","0.5","1"
"admin","IT","1.0","2025-03-26 15:30:41","7","2025-03-26 11:30:41","1.9","1"
"employee","HR","1.7","2025-03-13 13:09:30","8","2025-03-12 06:09:30","3.5","0"
"admin","Operations","8.2","2025-03-03 17:03:14","5","2025-03-03 06:03:14","2.2","1"
"manager","HR","3.1","2025-03-21 22:26:10","3","2025-03-20 01:26:10","2.6","0"
"manager","Operations","2.5","2025-03-26 18:02:44","9","2025-03-26 14:02:44","1.7","0"
"manager","Operations","8.7","2025-03-18 06:53:36","8","2025-03-17 04:53:36","2.8","0"
"manager","Finance","9.5","2025-03-04 19:55:43","4","2025-03-03 10:55:43","4.5","0"
"admin","HR","8.4","2025-03-09 21:25:45","3","2025-03-08 07:25:45","3.8","1"
"manager","IT","1.3","2025-03-19 16:37:00","8","2025-03-19 01:37:00","0.4","0"
"employee","Operations","2.8","2025-03-13 06:35:53","4","2025-03-12 03:35:53","4.9","0"
"employee","Operations","4.4","2025-03-22 14:27:36","4","2025-03-21 15:27:36","0.4","1"
"admin","HR","1.1","2025-03-04 18:03:18","5","2025-03-04 12:03:18","3.1","1"
"employee","IT","2.2","2025-03-07 09:50:48","4","2025-03-06 05:50:48","4.2","0"
"employee","Operations","5.5","2025-03-27 16:41:03","6","2025-03-27 06:41:03","0.2","1"
"manager","HR","2.0","2025-03-09 06:36:26","8","2025-03-07 15:36:26","4.6","0"
"admin","Operations","3.1","2025-03-09 06:43:37","10","2025-03-07 15:43:37","3.2","1"
"manager","IT","2.5","2025-03-29 02:15:10","4","2025-03-29 00:15:10","2.3","0"
"admin","HR","4.1","2025-03-20 13:05:32","5","2025-03-19 09:05:32","4.1","1"
"admin","HR","5.7","2025-03-24 14:22:54","3","2025-03-24 11:22:54","1.4","1"
"admin","IT","0.0","2025-03-30 20:59:06","9","2025-03-29 03:59:06","3.2","1"
"manager","Operations","9.8","2025-03-11 07:10:36","5","2025-03-09 09:10:36","2.5","0"
"employee","Finance","9.1","2025-03-20 08:37:41","5","2025-03-19 16:37:41","2.0","0"
"admin","Finance","6.7","2025-03-11 13:51:18","1","2025-03-09 19:51:18","0.6","1"
"admin","IT","5.0","2025-03-22 17:38:12","9","2025-03-21 17:38:12","2.6","1"
"admin","HR","4.3","2025-03-16 11:57:52","3","2025-03-14 17:57:52","1.5","1"
"admin","Finance","1.9","2025-03-23 17:59:18","3","2025-03-21 19:59:18","2.2","1"
"admin","HR","5.0","2025-03-20 00:50:48","3","2025-03-19 05:50:48","4.0","1"
"manager","Finance","0.5","2025-03-29 00:08:21","7","2025-03-27 14:08:21","2.4","0"
"employee","HR","5.5","2025-03-03 20:07:32","4","2025-03-03 02:07:32","2.2","0"
"manager","Operations","7.9","2025-03-04 15:59:58","1","2025-03-04 00:59:58","0.4","0"
"admin","IT","8.7","2025-03-20 00:44:25","1","2025-03-18 03:44:25","1.3","1"
"admin","HR","7.7","2025-03-13 15:08:49","7","2025-03-12 00:08:49","2.8","1"
"admin","Finance","2.4","2025-03-02 05:37:33","8","2025-03-02 00:37:33","0.5","1"
"admin","Operations","9.8","2025-03-06 15:38:39","2","2025-03-05 18:38:39","4.6","1"
"manager","Operations","6.1","2025-03-22 04:09:00","3","2025-03-20 12:09:00","3.1","0"
"admin","Operations","7.7","2025-03-28 11:29:53","2","2025-03-26 20:29:53","3.6","1"
"admin","Finance","3.9","2025-03-12 16:30:03","6","2025-03-11 01:30:03","4.6","1"
"manager","HR","4.4","2025-03-30 10:07:50","6","2025-03-28 16:07:50","2.7","0"
"admin","Operations","9.3","2025-03-04 19:55:03","6","2025-03-02 20:55:03","1.3","1"
"admin","Operations","3.8","2025-03-28 16:02:18","9","2025-03-28 04:02:18","2.6","1"
"admin","IT","1.0","2025-03-02 16:06:25","3","2025-03-01 21:06:25","2.1","1"
"manager","Operations","0.0","2025-03-08 12:36:24","1","2025-03-06 21:36:24","3.9","0"
"employee","IT","6.9","2025-03-17 14:12:55","1","2025-03-17 01:12:55","3.0","1"
"employee","Operations","0.4","2025-03-22 23:36:46","6","2025-03-21 18:36:46","2.1","0"
"manager","Operations","4.7","2025-03-08 23:04:16","8","2025-03-07 19:04:16","4.0","0"
"admin","Finance","8.8","2025-03-04 16:30:43","1","2025-03-03 05:30:43","4.0","1"
"employee","Operations","9.1","2025-03-12 16:05:42","1","2025-03-12 06:05:42","2.3","1"
"employee","HR","3.4","2025-03-29 15:33:10","7","2025-03-28 14:33:10","0.9","0"
"employee","IT","8.0","2025-03-29 01:59:40","1","2025-03-28 11:59:40","0.5","1"
"admin","Finance","2.4","2025-03-29 19:09:17","10","2025-03-29 08:09:17","4.5","1"
"manager","Finance","5.7","2025-03-08 00:51:57","8","2025-03-06 02:51:57","1.4","0"
"manager","HR","4.1","2025-03-16 18:00:58","7","2025-03-16 14:00:58","3.6","0"
"employee","Finance","5.2","2025-03-21 07:57:14","6","2025-03-20 09:57:14","3.7","0"
"admin","Operations","7.9","2025-03-21 01:51:27","7","2025-03-19 21:51:27","3.9","1"
"admin","HR","2.4","2025-03-18 02:52:39","2","2025-03-17 15:52:39","1.0","1"
"admin","IT","1.9","2025-03-14 09:48:44","9","2025-03-13 01:48:44","0.8","1"
"manager","Operations","3.5","2025-03-12 22:12:59","5","2025-03-11 15:12:59","4.0","0"
"manager","Finance","8.4","2025-03-25 18:55:48","9","2025-03-23 23:55:48","1.5","0"
"employee","Finance","0.6","2025-03-21 08:38:30","7","2025-03-20 02:38:30","3.3","0"
"manager","HR","7.6","2025-03-15 08:35:36","5","2025-03-13 16:35:36","2.2","0"
"employee","Finance","2.4","2025-03-25 12:49:10","5","2025-03-24 22:49:10","0.3","0"
"employee","Finance","7.9","2025-03-06 04:31:05","10","2025-03-04 22:31:05","3.2","0"
"admin","HR","1.0","2025-03-23 22:41:18","1","2025-03-22 20:41:18","1.9","1"
"employee","Operations","3.2","2025-03-23 04:16:25","8","2025-03-22 09:16:25","3.2","0"
"manager","IT","8.5","2025-03-23 19:16:07","5","2025-03-23 05:16:07","0.7","1"
"manager","HR","2.5","2025-03-07 11:53:57","9","2025-03-07 02:53:57","4.9","0"
"employee","Finance","9.2","2025-03-22 08:22:23","4","2025-03-21 20:22:23","1.7","0"
"admin","IT","2.2","2025-03-30 05:45:53","10","2025-03-29 20:45:53","4.0","1"
"employee","Operations","7.8","2025-03-06 02:33:59","3","2025-03-06 01:33:59","2.9","0"
"admin","IT","0.8","2025-03-16 23:13:26","10","2025-03-15 02:13:26","3.8","1"
"admin","Operations","5.1","2025-03-02 10:55:36","5","2025-03-01 23:55:36","4.3","1"
"admin","HR","6.3","2025-03-03 10:14:26","8","2025-03-01 10:14:26","0.5","1"
"admin","Operations","7.0","2025-03-21 02:33:32","6","2025-03-20 17:33:32","0.1","1"
"manager","HR","1.2","2025-03-13 16:29:10","4","2025-03-13 02:29:10","1.7","0"
"manager","Finance","6.1","2025-03-30 01:40:15","10","2025-03-29 00:40:15","2.9","0"
"manager","IT","8.6","2025-03-07 15:54:48","6","2025-03-06 23:54:48","2.1","1"
"manager","Finance","2.9","2025-03-21 11:56:37","10","2025-03-20 02:56:37","4.7","0"
"admin","Operations","7.4","2025-03-18 17:43:27","5","2025-03-17 01:43:27","2.4","1"
"manager","Finance","2.1","2025-03-11 18:16:31","2","2025-03-11 10:16:31","0.7","0"
"manager","HR","1.3","2025-03-22 06:01:32","2","2025-03-21 00:01:32","0.7","0"
"manager","Operations","4.3","2025-03-01 11:05:01","2","2025-02-27 22:05:01","3.2","0"
"employee","HR","2.5","2025-03-17 22:12:24","7","2025-03-16 21:12:24","3.1","0"
"manager","IT","1.8","2025-03-25 11:42:42","6","2025-03-25 09:42:42","2.3","0"
"employee","Operations","3.1","2025-03-03 18:21:42","1","2025-03-03 16:21:42","1.7","0"
"admin","Operations","1.3","2025-03-28 10:34:26","4","2025-03-27 01:34:26","1.0","1"
"manager","HR","8.7","2025-03-10 17:12:24","9","2025-03-09 15:12:24","2.5","0"
"admin","HR","6.9","2025-03-13 15:24:09","1","2025-03-12 22:24:09","1.8","1"
"manager","Finance","7.4","2025-03-27 05:59:43","8","2025-03-25 13:59:43","4.1","0"
"manager","IT","9.5","2025-03-27 17:53:31","5","2025-03-27 12:53:31","1.5","0"
"admin","Finance","8.5","2025-03-14 21:22:12","7","2025-03-14 13:22:12","3.7","1"
"employee","HR","8.6","2025-03-04 01:13:41","2","2025-03-02 22:13:41","1.3","0"
"employee","Operations","4.3","2025-03-03 16:18:32","7","2025-03-02 02:18:32","3.2","0"
"manager","IT","1.5","2025-03-03 22:27:41","6","2025-03-02 07:27:41","5.0","0"
"admin","Operations","5.9","2025-03-28 00:46:42","6","2025-03-28 00:46:42","2.1","1"
"manager","Finance","2.9","2025-03-11 05:24:54","4","2025-03-10 02:24:54","2.4","0"
"manager","HR","1.5","2025-03-30 13:46:06","10","2025-03-30 10:46:06","3.0","0"
"manager","HR","2.8","2025-03-04 16:07:29","10","2025-03-03 09:07:29","1.8","0"
"employee","HR","0.3","2025-03-01 05:34:52","1","2025-02-27 06:34:52","3.9","0"
"manager","IT","4.3","2025-03-26 16:30:26","3","2025-03-25 06:30:26","4.2","1"
"manager","Operations","8.2","2025-03-23 18:59:49","1","2025-03-23 10:59:49","4.8","0"
"employee","IT","8.5","2025-03-09 21:48:32","2","2025-03-09 10:48:32","4.2","1"
"admin","Finance","6.3","2025-03-16 12:44:41","10","2025-03-14 22:44:41","4.0","1"
"employee","Finance","6.6","2025-03-05 19:21:06","10","2025-03-05 04:21:06","2.4","0"
"manager","IT","5.1","2025-03-05 05:10:36","5","2025-03-04 09:10:36","4.5","0"
"admin","Operations","2.6","2025-03-29 20:47:48","10","2025-03-28 22:47:48","4.6","1"
"employee","Finance","8.6","2025-03-26 10:55:28","2","2025-03-24 16:55:28","3.0","0"
"employee","Operations","3.2","2025-03-12 22:06:10","10","2025-03-11 07:06:10","4.7","0"
"admin","IT","8.1","2025-03-03 02:57:55","9","2025-03-01 03:57:55","0.6","1"
"admin","HR","5.3","2025-03-15 15:56:42","5","2025-03-15 04:56:42","2.5","1"
"admin","Finance","3.0","2025-03-16 05:42:12","6","2025-03-15 04:42:12","3.0","1"
"manager","Finance","3.0","2025-03-07 00:02:14","5","2025-03-06 03:02:14","1.8","0"
"manager","Finance","0.9","2025-03-24 21:26:23","1","2025-03-24 13:26:23","1.0","0"
"employee","IT","5.4","2025-03-02 02:05:59","6","2025-02-28 13:05:59","4.7","0"
"admin","IT","7.0","2025-03-06 04:58:27","2","2025-03-06 01:58:27","2.3","1"
"employee","IT","6.8","2025-03-03 14:22:20","4","2025-03-03 10:22:20","4.6","1"
"admin","Finance","0.6","2025-03-06 00:16:00","6","2025-03-04 20:16:00","0.7","1"
"admin","Finance","9.5","2025-03-28 09:51:25","6","2025-03-26 14:51:25","2.8","1"
"admin","Finance","9.3","2025-03-11 12:21:31","10","2025-03-09 20:21:31","1.0","1"
"employee","HR","8.4","2025-03-26 20:35:53","10","2025-03-26 04:35:53","4.8","0"
"manager","Finance","8.3","2025-03-26 16:33:35","2","2025-03-26 05:33:35","0.2","0"
"admin","Operations","7.9","2025-03-20 20:09:26","9","2025-03-19 09:09:26","3.0","1"
"admin","HR","0.6","2025-03-04 05:52:22","5","2025-03-03 14:52:22","1.6","1"
"employee","Finance","0.0","2025-03-13 17:36:16","8","2025-03-12 12:36:16","2.0","0"
"manager","IT","7.3","2025-03-18 06:49:34","9","2025-03-17 05:49:34","4.9","0"
"employee","Finance","2.1","2025-03-08 08:52:10","1","2025-03-06 23:52:10","3.7","0"
"manager","Finance","1.6","2025-03-17 22:32:49","5","2025-03-16 12:32:49","1.0","0"
"employee","HR","2.2","2025-03-23 22:34:29","6","2025-03-23 21:34:29","2.0","0"
"admin","IT","5.1","2025-03-12 15:24:44","9","2025-03-11 17:24:44","3.7","1"
"manager","Operations","1.9","2025-03-29 16:47:47","4","2025-03-28 12:47:47","3.1","0"
"manager","IT","6.8","2025-03-17 21:21:30","10","2025-03-16 14:21:30","1.4","0"
"manager","IT","5.4","2025-03-05 11:25:52","5","2025-03-03 14:25:52","0.7","0"
"manager","Finance","2.5","2025-03-28 20:47:08","7","2025-03-28 06:47:08","0.9","0"
"employee","Finance","7.8","2025-03-17 02:09:34","2","2025-03-15 22:09:34","2.2","0"
"employee","Operations","5.3","2025-03-15 09:12:45","3","2025-03-14 15:12:45","4.7","0"
"admin","Finance","4.0","2025-03-17 23:54:55","10","2025-03-16 08:54:55","3.3","1"
"manager","Operations","3.5","2025-03-02 01:43:33","2","2025-02-28 16:43:33","4.7","0"
"employee","IT","0.6","2025-03-14 05:47:34","9","2025-03-12 20:47:34","3.8","0"
"employee","IT","2.0","2025-03-17 11:02:13","5","2025-03-15 17:02:13","2.2","0"
"manager","Finance","3.0","2025-03-24 15:19:53","6","2025-03-23 12:19:53","1.8","0"
"manager","IT","6.8","2025-03-22 04:13:39","1","2025-03-20 22:13:39","2.2","1"
"manager","Operations","5.9","2025-03-05 06:10:57","10","2025-03-05 01:10:57","0.2","0"
"admin","Finance","3.0","2025-03-30 22:49:01","4","2025-03-30 18:49:01","1.2","1"
"employee","HR","6.0","2025-03-04 03:30:40","10","2025-03-04 01:30:40","3.3","0"
"employee","IT","5.7","2025-03-19 00:16:08","8","2025-03-17 14:16:08","1.1","0"
"manager","Operations","4.8","2025-03-16 10:20:07","7","2025-03-16 04:20:07","5.0","0"
"employee","IT","5.3","2025-03-30 06:08:54","4","2025-03-28 16:08:54","3.7","1"
"manager","Operations","8.3","2025-03-02 01:22:17","4","2025-02-28 01:22:17","0.6","0"
"manager","Finance","3.3","2025-03-13 14:07:50","1","2025-03-11 14:07:50","2.6","1"
"employee","Finance","9.5","2025-03-01 06:37:10","4","2025-02-27 19:37:10","4.6","0"
"admin","Finance","2.1","2025-03-08 19:31:48","2","2025-03-07 12:31:48","4.4","1"
"employee","Finance","4.4","2025-03-02 04:23:00","8","2025-03-01 06:23:00","2.7","0"
"manager","IT","4.6","2025-03-02 20:05:28","3","2025-03-02 12:05:28","3.0","0"
"manager","IT","6.3","2025-03-11 12:10:05","3","2025-03-11 05:10:05","2.9","1"
"admin","IT","8.0","2025-03-19 01:55:16","2","2025-03-18 06:55:16","1.1","1"
"admin","Finance","2.7","2025-03-14 16:37:20","4","2025-03-12 23:37:20","1.3","1"
"employee","IT","2.5","2025-03-07 02:01:52","7","2025-03-05 20:01:52","3.8","0"
"employee","IT","6.4","2025-03-09 14:38:06","10","2025-03-08 15:38:06","3.4","0"
"admin","IT","8.3","2025-03-28 04:32:19","4","2025-03-27 08:32:19","3.8","1"
"employee","HR","5.9","2025-03-30 05:04:45","10","2025-03-29 12:04:45","4.1","0"
"employee","HR","4.3","2025-03-15 15:46:27","5","2025-03-15 02:46:27","2.9","0"
"employee","HR","7.3","2025-03-01 16:07:42","10","2025-02-28 23:07:42","2.2","0"
"employee","IT","1.1","2025-03-11 04:44:43","6","2025-03-10 04:44:43","4.4","0"
"manager","Finance","4.0","2025-03-04 02:34:25","2","2025-03-02 05:34:25","1.0","0"
"manager","HR","4.8","2025-03-09 18:30:40","10","2025-03-08 22:30:40","0.5","0"
"employee","Finance","8.0","2025-03-18 18:15:47","7","2025-03-18 13:15:47","2.4","0"
"manager","HR","5.7","2025-03-26 15:25:25","9","2025-03-26 15:25:25","1.4","0"
"admin","Finance","2.5","2025-03-25 02:08:29","6","2025-03-23 21:08:29","4.7","1"
"employee","Operations","8.5","2025-03-20 03:19:15","4","2025-03-18 11:19:15","3.1","0"
"employee","Finance","7.3","2025-03-16 03:34:42","3","2025-03-14 10:34:42","3.2","0"
"admin","Operations","6.1","2025-03-02 04:15:12","9","2025-02-28 20:15:12","4.2","1"
"admin","Operations","3.2","2025-03-26 07:13:50","7","2025-03-25 21:13:50","0.8","1"
"employee","Operations","4.4","2025-03-18 17:23:46","1","2025-03-17 15:23:46","1.0","1"
"admin","IT","6.6","2025-03-04 08:03:00","5","2025-03-02 16:03:00","2.2","1"
"employee","HR","4.0","2025-03-09 13:06:06","8","2025-03-08 17:06:06","1.7","0"
"employee","HR","6.1","2025-03-02 03:32:23","5","2025-02-28 03:32:23","4.8","0"
"admin","Finance","5.2","2025-03-19 19:27:41","5","2025-03-18 15:27:41","0.7","1"
"admin","Operations","0.6","2025-03-15 18:43:27","6","2025-03-15 02:43:27","1.1","1"
"manager","Operations","0.4","2025-03-04 15:22:13","5","2025-03-03 11:22:13","1.3","0"
"manager","Operations","9.1","2025-03-30 03:45:51","5","2025-03-29 20:45:51","4.5","0"
"manager","IT","3.8","2025-03-13 03:38:24","9","2025-03-13 01:38:24","1.5","0"
"manager","HR","6.1","2025-03-24 04:32:23","8","2025-03-23 13:32:23","2.5","0"
"employee","IT","8.8","2025-03-24 16:28:30","9","2025-03-22 19:28:30","3.5","0"
"manager","Operations","5.1","2025-03-14 21:30:51","9","2025-03-12 23:30:51","0.6","0"
"employee","Operations","7.9","2025-03-14 08:54:15","7","2025-03-13 22:54:15","3.7","0"
"manager","Operations","5.4","2025-03-28 18:53:45","5","2025-03-27 23:53:45","2.0","0"
"employee","Operations","1.5","2025-03-13 04:16:48","1","2025-03-11 08:16:48","4.4","0"
"admin","HR","8.6","2025-03-05 20:00:31","9","2025-03-05 18:00:31","1.7","1"
"manager","Operations","1.9","2025-03-27 06:46:12","2","2025-03-27 01:46:12","1.4","0"
"admin","HR","6.4","2025-03-20 02:47:49","3","2025-03-18 16:47:49","1.3","1"
"admin","HR","9.4","2025-03-23 22:26:51","5","2025-03-23 17:26:51","0.7","1"
"employee","Finance","8.1","2025-03-23 02:32:51","5","2025-03-21 02:32:51","2.7","0"
"admin","IT","4.7","2025-03-21 18:36:44","8","2025-03-20 23:36:44","2.9","1"
"manager","IT","7.1","2025-03-03 21:52:05","2","2025-03-02 20:52:05","3.2","1"
"employee","HR","7.4","2025-03-15 23:04:25","9","2025-03-14 00:04:25","0.3","0"
"manager","HR","8.1","2025-03-21 01:35:09","9","2025-03-19 14:35:09","0.6","0"
"employee","IT","3.4","2025-03-27 09:16:49","5","2025-03-25 17:16:49","0.4","0"
"employee","Operations","9.6","2025-03-21 11:10:56","7","2025-03-19 17:10:56","1.6","0"
"employee","HR","1.4","2025-03-16 09:16:39","5","2025-03-14 10:16:39","2.0","0"
"employee","HR","4.7","2025-03-24 10:10:51","7","2025-03-23 21:10:51","1.7","0"
"admin","Finance","3.1","2025-03-05 03:53:34","6","2025-03-04 02:53:34","2.6","1"
"employee","Finance","9.0","2025-03-08 01:49:45","5","2025-03-07 18:49:45","1.6","0"
"manager","Finance","9.4","2025-03-01 08:35:42","4","2025-02-28 12:35:42","1.7","0"
"admin","Operations","1.8","2025-03-30 16:45:34","10","2025-03-29 16:45:34","3.2","1"
"employee","Finance","0.7","2025-03-22 21:42:29","5","2025-03-22 04:42:29","4.8","0"
"admin","HR","9.9","2025-03-01 14:09:26","10","2025-02-28 11:09:26","1.7","1"
"employee","Operations","7.7","2025-03-25 05:42:42","10","2025-03-23 11:42:42","2.6","0"
"admin","HR","6.5","2025-03-06 16:45:56","5","2025-03-06 02:45:56","3.7","1"
"admin","HR","5.8","2025-03-06 18:32:11","2","2025-03-04 19:32:11","2.2","1"
"employee","Finance","2.3","2025-03-03 21:35:43","4","2025-03-01 22:35:43","0.2","0"
"manager","IT","6.6","2025-03-08 12:38:24","4","2025-03-08 11:38:24","2.3","1"
"employee","Operations","7.6","2025-03-26 00:00:47","4","2025-03-24 14:00:47","3.1","0"
"manager","HR","6.5","2025-03-23 15:03:29","2","2025-03-21 15:03:29","0.1","0"
"employee","IT","0.9","2025-03-30 06:17:16","9","2025-03-28 11:17:16","0.4","0"
"manager","IT","0.4","2025-03-01 20:05:09","8","2025-03-01 14:05:09","1.3","0"
"employee","HR","5.8","2025-03-09 03:48:12","4","2025-03-07 08:48:12","4.1","0"
"manager","Operations","1.3","2025-03-07 13:18:20","3","2025-03-07 13:18:20","3.3","0"
"admin","Finance","5.3","2025-03-16 06:09:07","5","2025-03-15 02:09:07","4.5","1"
"manager","Operations","8.8","2025-03-01 02:27:01","1","2025-02-28 07:27:01","2.9","0"
"manager","HR","6.9","2025-03-17 20:23:28","2","2025-03-17 07:23:28","0.7","0"
"admin","HR","1.3","2025-03-01 17:40:55","9","2025-02-27 22:40:55","2.8","1"
"manager","HR","8.5","2025-03-16 07:53:22","5","2025-03-14 12:53:22","0.9","0"
"manager","IT","9.3","2025-03-17 05:54:33","2","2025-03-16 18:54:33","0.9","1"
"employee","Operations","1.8","2025-03-03 18:29:58","7","2025-03-02 18:29:58","3.4","0"
"manager","IT","2.8","2025-03-26 23:46:13","7","2025-03-25 13:46:13","4.3","0"
"manager","HR","8.8","2025-03-29 07:57:10","10","2025-03-29 06:57:10","0.2","0"
"employee","HR","4.0","2025-03-06 08:19:28","6","2025-03-05 17:19:28","0.2","0"
"manager","HR","0.2","2025-03-28 10:27:49","9","2025-03-26 19:27:49","3.4","0"
"employee","Finance","3.7","2025-03-02 07:32:06","10","2025-03-01 04:32:06","4.4","0"
"employee","Finance","9.7","2025-03-04 09:29:16","3","2025-03-03 04:29:16","4.3","1"
"manager","Operations","2.9","2025-03-17 07:49:08","1","2025-03-15 14:49:08","2.8","0"
"admin","Finance","0.9","2025-03-23 20:54:22","2","2025-03-23 11:54:22","4.5","1"
"employee","IT","7.5","2025-03-16 23:10:04","6","2025-03-15 05:10:04","2.9","0"
"employee","Operations","1.4","2025-03-15 08:32:59","5","2025-03-15 02:32:59","2.0","0"
"admin","HR","6.7","2025-03-07 23:49:58","7","2025-03-07 20:49:58","4.4","1"
"employee","Finance","3.9","2025-03-28 17:29:33","10","2025-03-27 08:29:33","3.9","0"
"employee","IT","9.0","2025-03-16 06:38:15","10","2025-03-15 21:38:15","4.0","0"
"employee","HR","3.0","2025-03-12 14:22:24","6","2025-03-12 13:22:24","4.1","0"
"admin","IT","0.7","2025-03-16 17:42:23","8","2025-03-15 10:42:23","4.3","1"
"manager","HR","6.6","2025-03-22 04:14:13","3","2025-03-20 20:14:13","0.4","0"
"employee","Finance","6.7","2025-03-10 04:50:28","3","2025-03-09 14:50:28","3.5","0"
"employee","Operations","9.8","2025-03-13 13:26:04","1","2025-03-13 03:26:04","1.9","1"
"manager","HR","8.1","2025-03-10 08:39:47","4","2025-03-09 08:39:47","3.4","0"
"employee","Operations","1.2","2025-03-07 06:35:19","6","2025-03-06 08:35:19","4.0","0"
"manager","Operations","5.1","2025-03-13 16:57:11","1","2025-03-12 12:57:11","3.6","0"
"employee","Operations","3.0","2025-03-12 19:33:28","9","2025-03-10 19:33:28","0.2","0"
"admin","HR","0.9","2025-03-25 07:21:37","1","2025-03-25 04:21:37","3.6","1"
"employee","Finance","8.4","2025-03-02 05:20:17","4","2025-02-28 10:20:17","4.0","0"
"employee","HR","6.2","2025-03-03 00:50:43","3","2025-03-01 09:50:43","0.6","0"
"manager","HR","0.6","2025-03-27 07:15:47","8","2025-03-25 21:15:47","2.7","0"
"admin","Operations","9.1","2025-03-10 13:40:57","7","2025-03-09 18:40:57","0.5","1"
"manager","Operations","0.1","2025-03-23 21:29:19","8","2025-03-22 02:29:19","3.9","0"
"employee","IT","1.2","2025-03-04 00:32:21","4","2025-03-03 13:32:21","3.3","0"
"manager","Finance","0.3","2025-03-17 06:57:03","2","2025-03-15 06:57:03","0.2","0"
"manager","IT","4.0","2025-03-02 21:46:06","9","2025-03-02 04:46:06","0.6","0"
"admin","HR","8.0","2025-03-09 11:16:42","4","2025-03-08 01:16:42","1.1","1"
"manager","Operations","9.7","2025-03-11 14:51:21","5","2025-03-09 20:51:21","0.8","0"
"employee","IT","4.4","2025-03-04 05:03:31","8","2025-03-02 14:03:31","1.9","0"
"employee","Operations","0.6","2025-03-19 08:48:04","2","2025-03-18 22:48:04","2.6","0"
"manager","Operations","1.2","2025-03-19 15:54:34","8","2025-03-19 02:54:34","2.7","0"
"admin","Operations","2.0","2025-03-27 08:38:49","2","2025-03-27 02:38:49","1.1","1"
"admin","Operations","8.3","2025-03-11 05:04:39","3","2025-03-10 18:04:39","3.4","1"
"manager","IT","9.0","2025-03-02 02:34:39","6","2025-03-01 04:34:39","5.0","0"
"admin","Operations","9.3","2025-03-22 05:20:18","7","2025-03-20 16:20:18","4.9","1"
"employee","HR","0.6","2025-03-14 12:07:31","8","2025-03-12 18:07:31","0.9","0"
"admin","Finance","8.5","2025-03-16 11:50:04","6","2025-03-14 12:50:04","2.3","1"
"manager","HR","0.3","2025-03-03 03:22:31","8","2025-03-02 23:22:31","5.0","0"
"employee","Operations","0.0","2025-03-18 03:01:26","3","2025-03-16 05:01:26","1.4","0"
"employee","HR","1.3","2025-03-22 12:30:08","10","2025-03-21 05:30:08","1.1","0"
"manager","IT","1.5","2025-03-23 16:33:03","6","2025-03-22 16:33:03","2.3","1"
"manager","Finance","8.8","2025-03-14 01:43:09","1","2025-03-12 12:43:09","2.0","0"
"admin","Operations","2.8","2025-03-15 19:01:50","5","2025-03-15 01:01:50","4.3","1"
"admin","Operations","0.7","2025-03-28 22:41:17","4","2025-03-27 13:41:17","0.2","1"
"manager","Operations","4.5","2025-03-29 12:12:52","2","2025-03-28 13:12:52","4.1","1"
"admin","Operations","6.1","2025-03-29 16:18:45","8","2025-03-27 16:18:45","2.1","1"
"employee","Operations","2.9","2025-03-27 02:01:06","1","2025-03-25 19:01:06","1.5","0"
"employee","IT","5.7","2025-03-13 21:37:56","1","2025-03-13 16:37:56","3.8","1"
"employee","IT","3.9","2025-03-17 13:34:49","2","2025-03-16 21:34:49","1.5","1"
"manager","HR","0.7","2025-03-22 02:55:57","5","2025-03-21 21:55:57","0.2","0"
"admin","Operations","8.8","2025-03-01 18:30:33","1","2025-02-28 16:30:33","4.8","1"
"employee","Finance","2.4","2025-03-03 22:09:52","9","2025-03-02 14:09:52","4.0","0"
"employee","HR","8.3","2025-03-09 06:18:15","4","2025-03-08 08:18:15","0.4","0"
"employee","HR","2.1","2025-03-18 17:14:54","6","2025-03-18 04:14:54","0.7","1"
"manager","HR","7.1","2025-03-16 05:58:49","8","2025-03-15 20:58:49","5.0","0"
"manager","Operations","0.7","2025-03-10 05:47:49","3","2025-03-08 13:47:49","1.0","0"
"admin","IT","2.3","2025-03-15 10:27:29","8","2025-03-14 17:27:29","0.2","1"
"manager","Finance","8.5","2025-03-12 01:11:48","5","2025-03-10 03:11:48","3.6","0"
"manager","IT","3.5","2025-03-13 05:33:39","5","2025-03-11 13:33:39","0.7","0"
"admin","Finance","3.6","2025-03-12 14:35:42","8","2025-03-12 03:35:42","0.2","1"
"admin","Finance","4.1","2025-03-21 09:29:11","5","2025-03-20 07:29:11","3.5","1"
"admin","IT","6.4","2025-03-11 16:06:50","10","2025-03-11 14:06:50","4.9","1"
"manager","Finance","5.0","2025-03-19 17:07:44","9","2025-03-18 03:07:44","2.6","0"
"employee","Finance","1.0","2025-03-21 00:30:33","5","2025-03-20 22:30:33","2.9","0"
"admin","Operations","1.2","2025-03-24 13:11:53","7","2025-03-24 12:11:53","2.9","1"
"admin","Finance","3.0","2025-03-11 16:37:12","2","2025-03-10 17:37:12","3.7","1"
"admin","IT","9.8","2025-03-07 15:22:33","7","2025-03-05 17:22:33","1.6","1"
"employee","Operations","3.1","2025-03-24 10:44:23","10","2025-03-22 21:44:23","1.8","0"
"admin","Finance","5.6","2025-03-11 01:54:50","7","2025-03-09 11:54:50","5.0","1"
"manager","IT","3.8","2025-03-02 00:30:04","6","2025-03-01 11:30:04","4.3","0"
"manager","IT","2.4","2025-03-13 09:07:14","10","2025-03-12 21:07:14","0.1","0"
"employee","IT","2.9","2025-03-07 10:52:32","7","2025-03-05 13:52:32","1.9","0"
"manager","Operations","7.6","2025-03-23 13:52:54","1","2025-03-22 22:52:54","3.5","1"
"admin","Finance","6.0","2025-03-30 04:05:00","10","2025-03-28 10:05:00","2.8","1"
"employee","Finance","4.3","2025-03-26 09:04:12","9","2025-03-26 00:04:12","3.1","0"
"employee","Operations","2.7","2025-03-22 20:33:08","2","2025-03-21 17:33:08","3.1","0"
"admin","IT","6.9","2025-03-05 08:03:01","7","2025-03-05 03:03:01","4.4","1"
"admin","HR","9.0","2025-03-02 16:39:22","5","2025-03-01 21:39:22","2.8","1"
"admin","Finance","9.8","2025-03-29 14:35:42","7","2025-03-29 04:35:42","1.5","1"
"admin","Operations","8.3","2025-03-17 14:18:50","2","2025-03-16 12:18:50","0.7","1"
"manager","IT","5.4","2025-03-24 10:14:44","4","2025-03-24 05:14:44","1.9","1"
"employee","HR","8.9","2025-03-25 20:12:35","5","2025-03-24 21:12:35","3.6","0"
"employee","IT","3.7","2025-03-04 08:32:55","2","2025-03-02 22:32:55","1.2","0"
"manager","IT","7.8","2025-03-19 02:40:12","3","2025-03-17 20:40:12","3.2","1"
"admin","HR","6.7","2025-03-12 14:28:15","10","2025-03-11 13:28:15","2.3","1"
"admin","Operations","7.0","2025-03-13 04:35:01","2","2025-03-12 07:35:01","4.9","1"
"admin","HR","8.5","2025-03-08 05:00:09","6","2025-03-06 11:00:09","3.9","1"
"admin","Operations","4.0","2025-03-14 01:01:04","10","2025-03-12 12:01:04","2.4","1"
"admin","Finance","9.8","2025-03-08 23:26:01","6","2025-03-08 08:26:01","3.2","1"
"employee","HR","9.3","2025-03-16 14:06:54","3","2025-03-16 01:06:54","4.4","1"
"admin","Operations","2.2","2025-03-23 20:59:58","3","2025-03-23 05:59:58","3.7","1"
"employee","IT","4.7","2025-03-16 18:06:33","3","2025-03-16 06:06:33","3.7","1"
"employee","HR","0.8","2025-03-15 17:23:38","5","2025-03-15 11:23:38","1.3","0"
"manager","IT","3.5","2025-03-09 20:34:50","9","2025-03-09 03:34:50","4.5","0"
"admin","IT","9.4","2025-03-01 18:34:49","1","2025-02-28 04:34:49","2.3","1"
"employee","Operations","6.6","2025-03-24 19:23:34","3","2025-03-23 14:23:34","2.6","0"
"manager","Finance","0.2","2025-03-30 04:37:42","2","2025-03-28 11:37:42","4.6","0"
"admin","HR","8.4","2025-03-22 22:10:20","2","2025-03-21 04:10:20","4.3","1"
"admin","Finance","7.7","2025-03-05 16:45:26","7","2025-03-04 19:45:26","3.5","1"
"employee","Finance","0.0","2025-03-18 21:18:08","8","2025-03-18 07:18:08","2.3","0"
"manager","Operations","5.2","2025-03-23 12:41:52","8","2025-03-21 19:41:52","2.3","0"
"manager","Operations","9.2","2025-03-13 17:54:06","8","2025-03-13 12:54:06","3.7","0"
"employee","IT","1.4","2025-03-11 17:05:14","1","2025-03-10 09:05:14","0.8","1"
"admin","HR","1.8","2025-03-23 22:16:58","1","2025-03-22 11:16:58","3.2","1"
"employee","HR","2.2","2025-03-19 04:06:56","5","2025-03-19 00:06:56","1.0","0"
"manager","Finance","1.8","2025-03-30 14:49:28","10","2025-03-28 19:49:28","1.2","0"
"admin","Finance","5.8","2025-03-06 17:46:31","3","2025-03-05 09:46:31","4.2","1"
"employee","Operations","0.1","2025-03-26 21:25:29","4","2025-03-26 14:25:29","4.5","0"
"employee","HR","5.3","2025-03-05 02:03:54","1","2025-03-03 07:03:54","1.0","0"
"admin","IT","8.8","2025-03-24 03:42:55","9","2025-03-23 06:42:55","1.3","1"
"manager","Operations","4.7","2025-03-21 15:45:53","3","2025-03-19 15:45:53","1.0","1"
"employee","Finance","1.9","2025-03-03 12:02:53","9","2025-03-01 20:02:53","0.2","0"
"admin","HR","8.8","2025-03-26 00:31:47","7","2025-03-24 20:31:47","1.7","1"
"manager","Finance","9.8","2025-03-07 11:24:11","2","2025-03-07 08:24:11","1.3","1"
"manager","IT","3.0","2025-03-15 09:51:49","5","2025-03-14 12:51:49","1.5","0"
"manager","IT","0.6","2025-03-16 17:39:10","8","2025-03-14 17:39:10","4.0","0"
"employee","HR","8.6","2025-03-09 11:23:16","7","2025-03-07 20:23:16","0.6","0"
"manager","IT","7.1","2025-03-17 10:48:07","1","2025-03-16 19:48:07","2.4","1"
"manager","IT","3.2","2025-03-17 17:48:41","3","2025-03-16 02:48:41","0.3","0"
"employee","Finance","5.1","2025-03-23 13:36:59","4","2025-03-22 23:36:59","1.1","1"
"admin","Finance","7.4","2025-03-11 03:12:10","2","2025-03-10 23:12:10","2.8","1"
"manager","Operations","2.3","2025-03-02 19:19:38","9","2025-02-28 19:19:38","0.8","0"
"admin","HR","9.2","2025-03-06 13:03:37","6","2025-03-05 23:03:37","1.1","1"
"manager","HR","9.8","2025-03-04 07:31:26","6","2025-03-03 14:31:26","0.8","0"
"manager","Operations","2.9","2025-03-09 14:37:28","1","2025-03-09 00:37:28","4.9","1"
"manager","HR","9.8","2025-03-20 00:16:36","2","2025-03-19 14:16:36","2.5","0"
"manager","IT","7.9","2025-03-08 18:29:29","9","2025-03-07 13:29:29","0.2","0"
"employee","IT","2.5","2025-03-30 19:02:08","7","2025-03-29 19:02:08","4.4","0"
"employee","IT","8.5","2025-03-25 01:10:26","4","2025-03-23 09:10:26","4.1","1"
"manager","Operations","5.2","2025-03-26 19:08:11","10","2025-03-26 11:08:11","4.6","0"
"employee","IT","7.5","2025-03-03 21:21:12","6","2025-03-02 19:21:12","0.7","0"
"manager","Operations","0.5","2025-03-02 17:45:40","10","2025-03-01 01:45:40","1.3","0"
"employee","Operations","4.8","2025-03-20 06:11:02","4","2025-03-19 11:11:02","0.3","0"
"employee","Finance","1.0","2025-03-21 06:39:35","5","2025-03-20 23:39:35","2.3","0"
"employee","Finance","0.7","2025-03-10 11:46:30","1","2025-03-08 16:46:30","4.1","1"
"admin","IT","7.1","2025-03-13 15:52:07","6","2025-03-12 14:52:07","1.1","1"
"admin","HR","5.1","2025-03-17 02:02:45","2","2025-03-15 12:02:45","1.3","1"
"employee","Operations","8.3","2025-03-30 00:24:52","1","2025-03-29 10:24:52","1.2","0"
"admin","Operations","0.5","2025-03-24 03:02:23","3","2025-03-22 12:02:23","4.5","1"
"employee","IT","8.6","2025-03-25 07:57:09","5","2025-03-23 23:57:09","2.4","0"
"admin","IT","9.9","2025-03-16 10:28:23","1","2025-03-15 22:28:23","2.7","1"
"employee","Finance","2.4","2025-03-06 10:36:47","7","2025-03-05 19:36:47","2.2","0"
"employee","IT","1.3","2025-03-16 02:14:17","5","2025-03-15 08:14:17","0.2","0"
"manager","IT","8.0","2025-03-25 04:39:05","9","2025-03-24 19:39:05","0.7","0"
"employee","Finance","5.2","2025-03-02 06:35:18","3","2025-03-02 01:35:18","3.7","0"
"manager","Finance","1.0","2025-03-05 18:18:49","9","2025-03-05 17:18:49","3.6","0"
"employee","HR","3.2","2025-03-24 06:39:02","2","2025-03-23 03:39:02","3.0","0"
"admin","Finance","9.5","2025-03-08 04:14:13","2","2025-03-06 15:14:13","3.6","1"
"manager","HR","6.1","2025-03-11 12:59:39","9","2025-03-11 05:59:39","5.0","0"
"manager","Finance","3.4","2025-03-14 09:35:11","8","2025-03-13 17:35:11","0.5","0"
"manager","IT","6.4","2025-03-03 17:24:16","9","2025-03-03 10:24:16","2.7","0"
"employee","IT","8.6","2025-03-29 16:03:45","7","2025-03-28 22:03:45","4.3","0"
"manager","Finance","6.7","2025-03-27 18:26:30","5","2025-03-26 01:26:30","2.9","0"
"employee","Finance","4.6","2025-03-24 01:08:00","4","2025-03-22 09:08:00","1.5","0"
"manager","Operations","5.9","2025-03-06 08:42:47","1","2025-03-05 16:42:47","2.9","0"
"manager","Operations","3.8","2025-03-21 22:45:54","2","2025-03-20 00:45:54","2.6","0"
"employee","HR","7.5","2025-03-02 11:42:04","9","2025-02-28 23:42:04","4.3","0"
"employee","HR","9.4","2025-03-01 12:29:51","2","2025-03-01 05:29:51","2.5","1"
"employee","Finance","6.3","2025-03-06 20:26:32","6","2025-03-05 04:26:32","0.4","0"
"admin","Operations","1.6","2025-03-22 18:44:35","1","2025-03-21 18:44:35","0.7","1"
"admin","HR","2.7","2025-03-29 12:41:52","2","2025-03-27 14:41:52","2.8","1"
"employee","HR","3.6","2025-03-07 01:03:29","7","2025-03-05 15:03:29","4.0","0"
"employee","Finance","3.8","2025-03-19 00:37:13","5","2025-03-17 01:37:13","3.6","0"
"employee","HR","0.2","2025-03-14 06:17:09","6","2025-03-13 00:17:09","1.3","0"
"admin","IT","7.3","2025-03-28 12:19:08","5","2025-03-27 18:19:08","4.4","1"
"admin","Finance","8.4","2025-03-23 07:42:51","8","2025-03-22 16:42:51","1.8","1"
"admin","Operations","9.3","2025-03-09 23:32:21","10","2025-03-09 13:32:21","3.2","1"
"employee","IT","7.1","2025-03-19 11:35:38","5","2025-03-19 04:35:38","2.6","0"
"admin","IT","7.4","2025-03-23 19:01:12","2","2025-03-23 19:01:12","0.2","1"
"employee","Operations","4.7","2025-03-06 09:37:01","1","2025-03-05 05:37:01","3.8","1"
"admin","HR","2.0","2025-03-25 10:05:16","3","2025-03-24 04:05:16","1.4","1"
"employee","Finance","9.6","2025-03-21 19:49:46","8","2025-03-21 14:49:46","1.8","0"
"employee","Operations","0.8","2025-03-15 10:53:02","7","2025-03-14 04:53:02","4.4","0"
"manager","Finance","9.4","2025-03-05 16:04:32","3","2025-03-05 14:04:32","4.9","1"
"employee","HR","0.5","2025-03-13 03:11:44","7","2025-03-11 12:11:44","2.9","0"
"manager","HR","2.8","2025-03-25 20:44:21","3","2025-03-25 02:44:21","3.5","0"
"employee","Operations","9.3","2025-03-24 10:27:46","4","2025-03-23 06:27:46","1.5","0"
"manager","IT","4.1","2025-03-19 01:45:30","9","2025-03-18 23:45:30","4.6","0"
"manager","IT","5.3","2025-03-07 17:58:32","8","2025-03-07 02:58:32","4.3","0"
"employee","IT","6.4","2025-03-27 03:23:30","5","2025-03-26 19:23:30","4.4","0"
"admin","Finance","8.0","2025-03-05 16:51:17","4","2025-03-04 05:51:17","1.2","1"
"admin","Operations","5.4","2025-03-17 15:06:38","3","2025-03-16 02:06:38","2.7","1"
"admin","Finance","0.1","2025-03-30 12:34:51","1","2025-03-30 09:34:51","3.5","1"
"employee","IT","8.8","2025-03-10 14:37:50","9","2025-03-08 16:37:50","0.7","0"
"admin","Finance","5.3","2025-03-09 16:35:41","10","2025-03-08 06:35:41","1.8","1"
"manager","HR","9.3","2025-03-03 19:24:17","5","2025-03-02 02:24:17","1.1","0"
"manager","IT","5.0","2025-03-04 09:38:30","5","2025-03-03 01:38:30","2.1","0"
"admin","Finance","7.5","2025-03-24 14:30:50","3","2025-03-24 03:30:50","2.5","1"
"employee","IT","7.3","2025-03-25 14:26:32","5","2025-03-24 15:26:32","1.3","1"
"admin","Operations","5.6","2025-03-19 06:18:10","4","2025-03-17 20:18:10","4.8","1"
"admin","HR","9.5","2025-03-27 20:10:11","5","2025-03-27 01:10:11","2.3","1"
"manager","HR","9.9","2025-03-23 21:49:25","7","2025-03-23 03:49:25","2.5","0"
"admin","HR","6.0","2025-03-17 05:59:44","4","2025-03-16 15:59:44","0.3","1"
"employee","Operations","5.5","2025-03-12 12:22:39","6","2025-03-11 07:22:39","0.7","0"
"manager","IT","9.5","2025-03-28 20:34:10","4","2025-03-27 15:34:10","2.0","1"
"manager","HR","8.8","2025-03-27 00:37:19","5","2025-03-26 01:37:19","4.7","0"
"admin","Finance","6.2","2025-03-11 21:20:17","4","2025-03-11 02:20:17","1.9","1"
"manager","HR","3.6","2025-03-20 05:42:36","8","2025-03-19 01:42:36","2.9","0"
"admin","HR","6.2","2025-03-01 08:05:01","6","2025-03-01 02:05:01","4.1","1"
"admin","Operations","1.5","2025-03-03 02:12:30","2","2025-03-02 07:12:30","0.7","1"
"admin","Finance","0.9","2025-03-20 19:53:00","2","2025-03-19 03:53:00","1.8","1"
"employee","IT","8.5","2025-03-12 10:53:27","2","2025-03-11 04:53:27","3.1","1"
"admin","IT","7.2","2025-03-27 20:40:16","5","2025-03-27 12:40:16","2.6","1"
"manager","HR","0.1","2025-03-11 08:54:13","10","2025-03-10 08:54:13","3.4","0"
"employee","Operations","7.9","2025-03-14 13:36:32","5","2025-03-12 18:36:32","2.6","0"
"manager","HR","3.3","2025-03-02 22:33:11","1","2025-02-28 22:33:11","2.2","0"
"employee","IT","2.6","2025-03-19 17:03:20","5","2025-03-18 02:03:20","4.4","0"
"manager","HR","4.9","2025-03-11 18:20:32","6","2025-03-11 14:20:32","4.4","0"
"manager","Operations","9.8","2025-03-18 15:56:12","7","2025-03-18 04:56:12","3.4","0"
"admin","IT","6.7","2025-03-27 05:28:48","3","2025-03-25 09:28:48","4.6","1"
"employee","HR","1.4","2025-03-26 16:48:33","4","2025-03-25 17:48:33","0.3","1"
"employee","Operations","7.2","2025-03-11 13:26:23","9","2025-03-10 20:26:23","0.8","0"
"admin","Operations","6.2","2025-03-29 10:38:25","8","2025-03-28 13:38:25","2.8","1"
"admin","IT","7.0","2025-03-19 17:27:34","2","2025-03-19 12:27:34","0.8","1"
"manager","HR","8.8","2025-03-16 09:53:09","10","2025-03-15 04:53:09","2.9","0"
"admin","Finance","8.7","2025-03-29 18:40:37","4","2025-03-28 23:40:37","3.1","1"
"employee","Operations","0.0","2025-03-05 08:02:34","1","2025-03-04 08:02:34","0.1","0"
"manager","HR","8.8","2025-03-10 03:47:32","2","2025-03-09 07:47:32","1.5","0"
"admin","Finance","6.6","2025-03-16 16:14:17","10","2025-03-16 07:14:17","1.1","1"
"admin","Operations","3.6","2025-03-15 20:49:45","1","2025-03-13 20:49:45","4.0","1"
"admin","Finance","4.0","2025-03-18 10:54:21","10","2025-03-18 05:54:21","2.4","1"
"manager","HR","4.5","2025-03-27 12:41:41","8","2025-03-26 08:41:41","4.9","0"
"employee","IT","6.1","2025-03-07 06:20:23","6","2025-03-06 21:20:23","1.0","0"
"employee","Finance","7.1","2025-03-09 17:52:55","10","2025-03-08 08:52:55","4.4","0"
"employee","Operations","3.2","2025-03-24 08:32:43","6","2025-03-23 17:32:43","3.7","0"
"admin","Finance","7.9","2025-03-07 04:37:48","4","2025-03-05 08:37:48","3.6","1"
"admin","Operations","0.8","2025-03-07 17:56:05","3","2025-03-07 07:56:05","0.3","1"
"manager","HR","2.0","2025-03-10 18:56:58","1","2025-03-08 23:56:58","1.9","0"
"employee","Operations","4.4","2025-03-18 15:40:11","4","2025-03-17 04:40:11","3.9","0"
"manager","IT","5.6","2025-03-05 15:25:00","9","2025-03-04 07:25:00","3.3","0"
"employee","Finance","2.1","2025-03-18 08:37:12","1","2025-03-17 23:37:12","1.1","0"
"manager","Finance","7.9","2025-03-01 01:50:44","7","2025-02-28 22:50:44","0.9","0"
"employee","HR","7.6","2025-03-09 01:00:24","5","2025-03-08 09:00:24","2.8","0"
"employee","HR","7.5","2025-03-04 19:16:45","6","2025-03-04 05:16:45","1.7","0"
"manager","Finance","1.2","2025-03-02 05:16:32","10","2025-02-28 13:16:32","2.3","0"
"manager","Operations","0.0","2025-03-22 14:25:26","5","2025-03-21 00:25:26","3.9","0"
"admin","Operations","1.1","2025-03-12 18:28:52","7","2025-03-12 00:28:52","3.3","1"
"manager","HR","1.3","2025-03-23 06:16:36","3","2025-03-21 15:16:36","0.6","0"
"manager","HR","5.7","2025-03-23 12:22:31","1","2025-03-21 17:22:31","3.5","0"
"manager","Finance","4.4","2025-03-04 15:05:00","6","2025-03-04 02:05:00","2.7","0"
"admin","Operations","8.6","2025-03-05 03:03:22","10","2025-03-04 19:03:22","0.4","1"
"admin","Operations","3.9","2025-03-12 21:52:04","2","2025-03-11 13:52:04","3.1","1"
"employee","HR","7.9","2025-03-06 04:33:59","2","2025-03-05 18:33:59","3.3","0"
"manager","IT","0.1","2025-03-22 18:26:37","7","2025-03-22 15:26:37","4.3","0"
"manager","HR","5.2","2025-03-15 10:57:56","10","2025-03-14 01:57:56","0.8","0"
"admin","IT","4.9","2025-03-28 03:28:26","9","2025-03-26 16:28:26","2.2","1"
"admin","Finance","9.0","2025-03-29 17:13:54","5","2025-03-28 20:13:54","3.8","1"
"employee","Finance","0.6","2025-03-27 07:25:41","8","2025-03-26 15:25:41","0.6","0"
"manager","HR","6.1","2025-03-29 14:15:30","5","2025-03-28 04:15:30","4.8","0"
"manager","Operations","6.3","2025-03-29 08:11:39","8","2025-03-27 08:11:39","4.5","0"
"admin","Finance","6.0","2025-03-25 16:09:00","5","2025-03-25 06:09:00","4.5","1"
"employee","IT","9.9","2025-03-05 08:37:07","10","2025-03-04 12:37:07","5.0","0"
"admin","HR","6.5","2025-03-17 09:27:48","6","2025-03-15 20:27:48","3.1","1"
"admin","IT","1.1","2025-03-17 06:30:52","9","2025-03-15 14:30:52","0.6","1"
"employee","Operations","8.9","2025-03-28 00:20:55","4","2025-03-26 23:20:55","2.9","0"
"admin","Finance","8.2","2025-03-11 08:24:02","3","2025-03-09 13:24:02","3.8","1"
"admin","HR","2.6","2025-03-13 09:21:55","10","2025-03-12 07:21:55","1.5","1"
"employee","HR","9.8","2025-03-20 16:52:29","4","2025-03-20 07:52:29","0.3","1"
"manager","IT","1.5","2025-03-28 02:34:55","2","2025-03-26 12:34:55","4.5","0"
"admin","HR","0.3","2025-03-03 01:19:43","7","2025-03-02 21:19:43","2.7","1"
"admin","Finance","6.4","2025-03-03 08:53:53","2","2025-03-03 07:53:53","1.8","1"
"manager","IT","1.1","2025-03-07 08:05:52","7","2025-03-05 13:05:52","1.9","0"
"admin","IT","2.7","2025-03-10 10:32:05","7","2025-03-09 15:32:05","0.6","1"
"employee","IT","1.7","2025-03-16 03:25:13","2","2025-03-14 12:25:13","3.9","0"
"employee","Operations","0.6","2025-03-11 16:13:09","7","2025-03-09 17:13:09","4.4","0"
"employee","Operations","9.4","2025-03-10 15:04:04","6","2025-03-09 23:04:04","2.3","0"
"admin","HR","5.8","2025-03-21 15:23:07","10","2025-03-20 08:23:07","4.7","1"
"manager","Operations","8.8","2025-03-28 12:44:09","3","2025-03-28 10:44:09","1.5","1"
"admin","Operations","4.9","2025-03-15 11:36:36","5","2025-03-14 17:36:36","2.7","1"
"manager","IT","3.2","2025-03-29 17:01:05","9","2025-03-29 17:01:05","1.0","0"
"admin","HR","0.9","2025-03-24 10:19:00","2","2025-03-22 10:19:00","3.9","1"
"employee","Finance","9.9","2025-03-27 12:24:14","9","2025-03-26 17:24:14","2.9","0"
"admin","Finance","0.9","2025-03-22 01:11:53","2","2025-03-22 00:11:53","3.5","1"
"employee","IT","9.5","2025-03-17 13:03:30","7","2025-03-16 18:03:30","2.5","0"
"admin","IT","1.9","2025-03-30 17:26:48","4","2025-03-29 12:26:48","4.1","1"
"manager","HR","4.4","2025-03-20 11:22:12","9","2025-03-19 14:22:12","4.1","0"
"admin","Finance","3.2","2025-03-21 16:11:07","4","2025-03-20 13:11:07","0.2","1"
"admin","IT","8.8","2025-03-10 20:55:16","1","2025-03-09 09:55:16","1.1","1"
"employee","Finance","8.5","2025-03-12 13:31:30","8","2025-03-10 13:31:30","0.4","0"
"manager","IT","5.1","2025-03-23 06:02:02","1","2025-03-22 10:02:02","4.5","1"
"employee","Finance","5.6","2025-03-20 15:28:33","1","2025-03-19 07:28:33","2.2","1"
"manager","IT","2.2","2025-03-14 11:49:07","7","2025-03-12 13:49:07","1.1","0"
"manager","Finance","1.1","2025-03-10 04:25:18","8","2025-03-08 17:25:18","1.3","0"
"employee","Finance","8.6","2025-03-09 20:55:28","4","2025-03-08 15:55:28","4.1","0"
"admin","Operations","8.0","2025-03-11 11:10:45","5","2025-03-10 08:10:45","1.5","1"
"employee","Finance","5.5","2025-03-05 22:37:27","3","2025-03-04 09:37:27","4.1","0"
"employee","Finance","3.1","2025-03-17 18:55:58","7","2025-03-16 21:55:58","0.2","0"
"admin","IT","0.3","2025-03-01 18:59:38","7","2025-02-28 00:59:38","2.0","1"
"admin","Operations","7.2","2025-03-11 05:48:02","1","2025-03-11 04:48:02","1.7","1"
"manager","HR","0.3","2025-03-13 00:56:56","3","2025-03-11 19:56:56","4.3","0"
"employee","HR","5.2","2025-03-29 12:44:30","4","2025-03-29 00:44:30","1.9","1"
"employee","Operations","4.8","2025-03-06 03:38:52","5","2025-03-04 18:38:52","3.4","0"
"manager","HR","6.5","2025-03-09 21:59:05","8","2025-03-08 05:59:05","0.3","0"
"admin","Operations","5.4","2025-03-20 21:17:42","4","2025-03-19 06:17:42","0.1","1"
"admin","Finance","6.5","2025-03-10 20:31:39","2","2025-03-09 12:31:39","1.6","1"
"manager","Finance","8.7","2025-03-20 06:40:38","10","2025-03-18 23:40:38","2.0","0"
"manager","HR","1.5","2025-03-22 17:22:41","9","2025-03-21 08:22:41","1.5","0"
"admin","Finance","6.3","2025-03-14 19:52:42","5","2025-03-13 04:52:42","2.1","1"
"employee","HR","9.6","2025-03-27 02:52:24","6","2025-03-25 14:52:24","2.5","0"
"employee","HR","1.6","2025-03-08 15:07:05","6","2025-03-08 10:07:05","1.8","1"
"manager","Finance","6.6","2025-03-10 00:51:42","2","2025-03-08 16:51:42","1.4","0"
"manager","Operations","2.7","2025-03-25 03:31:00","2","2025-03-24 22:31:00","2.6","0"
"admin","Operations","0.6","2025-03-11 07:23:27","3","2025-03-10 14:23:27","3.1","1"
"manager","Operations","1.2","2025-03-12 15:41:18","2","2025-03-11 18:41:18","1.7","1"
"employee","Operations","5.5","2025-03-18 02:50:39","8","2025-03-16 11:50:39","0.6","0"
"admin","HR","0.2","2025-03-01 16:06:33","1","2025-02-28 12:06:33","3.9","1"
"employee","Operations","7.1","2025-03-28 16:41:16","3","2025-03-28 00:41:16","1.0","1"
"admin","Finance","2.3","2025-03-07 16:52:49","4","2025-03-06 17:52:49","3.4","1"
"employee","HR","3.3","2025-03-10 09:00:53","2","2025-03-09 06:00:53","2.4","0"
"employee","HR","6.6","2025-03-09 05:19:23","1","2025-03-08 20:19:23","2.8","0"
"admin","Operations","7.2","2025-03-07 08:14:51","9","2025-03-05 13:14:51","4.1","1"
"manager","HR","1.4","2025-03-21 09:06:52","5","2025-03-19 10:06:52","2.6","0"
"manager","IT","4.9","2025-03-20 01:48:08","2","2025-03-19 17:48:08","1.8","0"
"manager","IT","6.6","2025-03-18 15:19:41","4","2025-03-17 16:19:41","4.7","1"
"manager","Finance","10.0","2025-03-11 12:16:45","6","2025-03-11 10:16:45","3.7","0"
"employee","IT","2.2","2025-03-23 08:58:14","10","2025-03-21 08:58:14","0.6","0"
"admin","IT","7.7","2025-03-17 20:12:12","3","2025-03-16 15:12:12","0.3","1"
"manager","HR","2.5","2025-03-19 09:37:44","2","2025-03-17 13:37:44","4.8","0"
"admin","Operations","4.9","2025-03-21 00:54:34","8","2025-03-19 14:54:34","4.6","1"
"manager","Operations","1.8","2025-03-06 05:33:06","4","2025-03-04 18:33:06","0.9","0"
"manager","IT","6.8","2025-03-20 00:41:47","10","2025-03-18 03:41:47","3.5","0"
"employee","Operations","8.8","2025-03-18 20:09:47","3","2025-03-17 15:09:47","0.5","0"
"manager","Operations","6.8","2025-03-15 06:53:34","1","2025-03-15 00:53:34","1.7","0"
"manager","Finance","0.1","2025-03-25 10:45:11","3","2025-03-24 18:45:11","2.5","1"
"employee","HR","1.7","2025-03-24 11:47:13","9","2025-03-22 11:47:13","4.5","0"
"admin","Finance","2.6","2025-03-23 10:59:20","10","2025-03-22 14:59:20","4.4","1"
"manager","Finance","9.4","2025-03-30 00:47:23","9","2025-03-29 12:47:23","4.7","0"
"employee","Finance","9.9","2025-03-24 23:46:42","9","2025-03-24 15:46:42","1.2","0"
"admin","Operations","2.4","2025-03-16 10:08:48","9","2025-03-16 03:08:48","3.9","1"
"manager","HR","7.4","2025-03-23 08:23:07","7","2025-03-21 14:23:07","4.9","0"
"manager","HR","1.6","2025-03-04 12:08:07","10","2025-03-03 22:08:07","2.9","0"
"manager","IT","2.6","2025-03-22 16:57:06","3","2025-03-21 02:57:06","1.2","1"
"employee","Finance","9.9","2025-03-08 07:56:30","1","2025-03-07 22:56:30","0.8","0"
"employee","Operations","8.0","2025-03-06 12:41:43","7","2025-03-05 08:41:43","3.4","0"
"employee","Operations","1.0","2025-03-27 00:08:38","6","2025-03-25 18:08:38","2.4","0"
"manager","IT","9.0","2025-03-11 08:31:53","2","2025-03-11 05:31:53","4.3","1"
"admin","Operations","6.8","2025-03-04 05:58:19","4","2025-03-02 20:58:19","2.4","1"
"manager","Operations","3.9","2025-03-02 15:34:49","9","2025-03-02 10:34:49","1.1","0"
"employee","Finance","7.0","2025-03-02 00:37:29","6","2025-03-02 00:37:29","0.3","0"
"admin","Operations","4.0","2025-03-24 11:59:02","2","2025-03-22 15:59:02","1.6","1"
"manager","HR","7.3","2025-03-16 10:22:27","1","2025-03-15 16:22:27","2.4","1"
"manager","Operations","2.5","2025-03-08 22:37:59","9","2025-03-06 22:37:59","1.2","0"
"manager","HR","8.0","2025-03-25 19:01:55","4","2025-03-25 13:01:55","3.8","0"
"employee","Operations","6.3","2025-03-23 13:36:19","6","2025-03-22 06:36:19","1.5","0"
"manager","Operations","9.6","2025-03-30 03:15:34","8","2025-03-30 02:15:34","1.0","0"
"employee","IT","2.3","2025-03-07 02:11:52","2","2025-03-06 10:11:52","4.3","0"
"manager","Operations","5.0","2025-03-05 21:28:26","5","2025-03-05 07:28:26","3.5","0"
"manager","HR","1.1","2025-03-01 19:14:56","5","2025-03-01 14:14:56","4.7","0"
"employee","Operations","2.8","2025-03-27 04:58:23","2","2025-03-25 09:58:23","1.5","0"
"admin","IT","3.7","2025-03-26 18:16:58","3","2025-03-25 18:16:58","0.6","1"
"manager","IT","3.6","2025-03-22 20:44:46","9","2025-03-22 19:44:46","4.6","0"
"admin","HR","2.9","2025-03-12 15:04:23","10","2025-03-11 12:04:23","1.3","1"
"employee","HR","4.0","2025-03-01 11:33:44","6","2025-03-01 01:33:44","4.4","0"
"admin","IT","8.5","2025-03-19 06:33:40","2","2025-03-18 14:33:40","3.2","1"
"manager","Finance","5.2","2025-03-25 11:28:26","1","2025-03-24 16:28:26","4.0","1"
"manager","Finance","9.7","2025-03-24 13:04:46","8","2025-03-23 02:04:46","4.3","0"
"admin","IT","6.3","2025-03-02 07:12:15","5","2025-02-28 16:12:15","4.7","1"
"admin","Finance","9.6","2025-03-18 20:18:10","7","2025-03-18 16:18:10","4.6","1"
"admin","Finance","0.7","2025-03-16 11:51:48","1","2025-03-15 00:51:48","2.6","1"
"admin","IT","3.2","2025-03-02 08:29:18","8","2025-03-01 04:29:18","3.4","1"
"manager","Operations","8.1","2025-03-09 11:04:35","7","2025-03-09 07:04:35","3.9","0"
"manager","HR","8.5","2025-03-12 14:42:35","6","2025-03-11 12:42:35","1.4","0"
"admin","Finance","9.7","2025-03-03 04:22:54","9","2025-03-03 00:22:54","3.6","1"
"manager","IT","5.4","2025-03-03 11:26:01","8","2025-03-02 23:26:01","1.0","0"
"admin","Operations","8.2","2025-03-20 05:18:57","8","2025-03-18 21:18:57","4.2","1"
"admin","Finance","3.9","2025-03-26 12:23:30","9","2025-03-26 10:23:30","1.9","1"
"admin","Finance","8.5","2025-03-17 04:57:19","1","2025-03-16 15:57:19","2.7","1"
"admin","Finance","3.1","2025-03-17 12:27:55","9","2025-03-16 21:27:55","4.5","1"
"admin","Finance","3.1","2025-03-15 19:50:08","10","2025-03-15 15:50:08","1.7","1"
"admin","IT","9.8","2025-03-03 06:41:41","9","2025-03-01 11:41:41","3.0","1"
"admin","IT","4.8","2025-03-02 03:21:44","2","2025-02-28 03:21:44","3.8","1"
"manager","IT","9.9","2025-03-18 22:49:41","10","2025-03-18 05:49:41","0.8","0"
"manager","Operations","8.6","2025-03-06 04:38:03","8","2025-03-04 14:38:03","4.8","0"
"admin","IT","7.2","2025-03-26 01:39:24","9","2025-03-24 21:39:24","0.6","1"
"manager","IT","9.7","2025-03-05 02:30:45","4","2025-03-03 15:30:45","5.0","1"
"manager","HR","9.8","2025-03-26 04:47:13","7","2025-03-25 01:47:13","2.3","0"
"employee","HR","2.9","2025-03-05 04:26:33","6","2025-03-04 11:26:33","3.2","0"
"admin","IT","2.0","2025-03-09 10:10:16","4","2025-03-08 15:10:16","1.6","1"
"employee","Finance","0.3","2025-03-06 04:04:28","5","2025-03-04 17:04:28","3.4","0"
"manager","IT","7.2","2025-03-23 11:31:16","8","2025-03-22 07:31:16","2.1","0"
"manager","HR","0.5","2025-03-10 09:53:40","6","2025-03-09 01:53:40","2.6","0"
"manager","Finance","7.4","2025-03-17 19:15:45","10","2025-03-15 19:15:45","5.0","0"
"employee","Operations","4.6","2025-03-08 04:59:49","8","2025-03-06 11:59:49","0.3","0"
"admin","HR","8.0","2025-03-24 09:36:58","2","2025-03-22 15:36:58","4.6","1"
"employee","HR","1.6","2025-03-08 15:00:46","3","2025-03-07 13:00:46","1.7","1"
"employee","IT","4.3","2025-03-08 08:56:14","4","2025-03-06 10:56:14","4.8","0"
"manager","Finance","8.6","2025-03-25 19:26:46","7","2025-03-24 05:26:46","3.5","0"
"employee","IT","4.5","2025-03-03 16:04:07","9","2025-03-02 22:04:07","3.4","0"
"manager","Operations","5.2","2025-03-29 07:38:15","4","2025-03-29 00:38:15","3.3","0"
"employee","Finance","7.8","2025-03-02 17:34:00","3","2025-03-01 00:34:00","1.6","1"
"admin","IT","6.3","2025-03-17 19:53:17","3","2025-03-16 04:53:17","1.8","1"
"employee","HR","6.6","2025-03-02 09:50:10","6","2025-03-01 20:50:10","4.9","0"
"manager","HR","3.4","2025-03-21 23:36:04","3","2025-03-20 10:36:04","0.3","0"
"manager","HR","7.1","2025-03-13 20:54:02","8","2025-03-12 02:54:02","1.9","0"
"admin","Finance","4.0","2025-03-02 20:02:37","2","2025-03-02 11:02:37","2.4","1"
"manager","Finance","2.3","2025-03-09 05:35:54","10","2025-03-08 03:35:54","3.4","0"
"admin","IT","6.6","2025-03-06 10:54:57","8","2025-03-04 11:54:57","4.1","1"
"employee","Finance","9.6","2025-03-26 00:31:29","9","2025-03-25 15:31:29","4.1","0"
"admin","Operations","0.1","2025-03-26 15:04:00","6","2025-03-26 03:04:00","2.1","1"
"manager","HR","0.8","2025-03-26 19:34:07","1","2025-03-26 03:34:07","5.0","0"
"admin","Finance","9.0","2025-03-10 21:56:54","6","2025-03-10 15:56:54","3.0","1"
"manager","HR","8.5","2025-03-27 03:06:03","1","2025-03-25 13:06:03","2.8","0"
"admin","Operations","4.8","2025-03-01 18:56:41","5","2025-02-28 02:56:41","2.3","1"
"manager","Finance","1.2","2025-03-16 15:52:50","5","2025-03-15 21:52:50","2.3","1"
"employee","HR","1.9","2025-03-17 08:17:48","1","2025-03-17 05:17:48","1.9","0"
"admin","HR","1.0","2025-03-20 05:37:46","2","2025-03-19 00:37:46","0.4","1"
"manager","IT","5.8","2025-03-24 17:09:11","7","2025-03-24 11:09:11","3.5","0"
"admin","Finance","5.0","2025-03-20 06:45:55","9","2025-03-19 19:45:55","3.2","1"
"admin","Finance","8.2","2025-03-29 03:26:40","2","2025-03-28 01:26:40","4.1","1"
"admin","HR","0.3","2025-03-15 06:29:57","4","2025-03-13 20:29:57","1.6","1"
"manager","HR","9.4","2025-03-09 06:50:18","2","2025-03-07 17:50:18","1.4","0"
"admin","IT","8.3","2025-03-11 05:18:24","7","2025-03-10 03:18:24","2.1","1"
"admin","Operations","4.1","2025-03-19 19:11:40","4","2025-03-19 12:11:40","1.2","1"
"employee","Finance","7.8","2025-03-15 19:48:48","2","2025-03-14 01:48:48","0.9","0"
"admin","IT","5.4","2025-03-15 08:03:25","4","2025-03-15 04:03:25","2.9","1"
"admin","Operations","8.4","2025-03-29 16:30:14","2","2025-03-27 18:30:14","0.9","1"
"manager","Operations","0.6","2025-03-09 19:01:03","4","2025-03-09 10:01:03","4.0","0"
"manager","IT","8.6","2025-03-28 18:53:01","7","2025-03-27 03:53:01","2.0","0"
"employee","IT","4.6","2025-03-18 01:08:11","3","2025-03-16 08:08:11","4.5","0"
"admin","Finance","2.3","2025-03-29 08:14:15","10","2025-03-28 02:14:15","4.7","1"
"employee","IT","8.3","2025-03-19 17:32:05","6","2025-03-17 18:32:05","4.7","0"
"manager","Finance","0.1","2025-03-16 06:24:42","5","2025-03-16 06:24:42","4.1","0"
"employee","IT","6.0","2025-03-24 14:26:04","9","2025-03-23 19:26:04","1.3","0"
"employee","Operations","1.6","2025-03-22 19:31:32","6","2025-03-21 01:31:32","3.9","0"
"employee","Operations","6.1","2025-03-14 13:53:40","7","2025-03-14 01:53:40","1.5","0"
"admin","HR","4.8","2025-03-29 06:36:18","10","2025-03-27 09:36:18","3.5","1"
"manager","HR","0.5","2025-03-14 23:25:10","10","2025-03-14 22:25:10","1.3","0"
"manager","Operations","9.3","2025-03-24 07:49:37","2","2025-03-23 12:49:37","2.0","0"
"employee","Finance","1.4","2025-03-04 04:21:10","7","2025-03-03 21:21:10","4.9","0"
"manager","Operations","9.8","2025-03-01 08:35:14","1","2025-02-28 04:35:14","4.2","0"
"employee","Finance","2.8","2025-03-19 00:46:18","3","2025-03-17 17:46:18","3.8","0"
"manager","IT","9.7","2025-03-30 07:58:02","4","2025-03-29 10:58:02","5.0","1"
"admin","Finance","9.5","2025-03-11 07:19:46","8","2025-03-09 08:19:46","1.4","1"
"admin","Operations","3.7","2025-03-04 04:53:59","2","2025-03-02 14:53:59","1.0","1"
"manager","IT","5.7","2025-03-19 07:18:53","2","2025-03-18 18:18:53","4.4","1"
"admin","Operations","7.1","2025-03-18 23:10:50","1","2025-03-18 21:10:50","0.7","1"
"employee","IT","4.0","2025-03-02 04:56:03","3","2025-03-01 19:56:03","4.9","0"
"employee","Operations","8.1","2025-03-14 13:45:27","1","2025-03-12 14:45:27","1.1","1"
"admin","IT","4.8","2025-03-28 11:24:41","7","2025-03-26 19:24:41","4.9","1"
"manager","Operations","3.9","2025-03-18 00:03:21","8","2025-03-16 03:03:21","1.3","0"
"employee","Finance","4.4","2025-03-15 21:57:38","5","2025-03-15 16:57:38","2.6","0"
"employee","Operations","3.3","2025-03-10 03:39:30","6","2025-03-08 09:39:30","3.6","0"
"manager","Operations","0.4","2025-03-06 00:02:34","10","2025-03-05 13:02:34","2.4","0"
"manager","HR","5.7","2025-03-30 06:28:45","8","2025-03-28 23:28:45","0.4","0"
"manager","Operations","7.8","2025-03-12 18:03:21","2","2025-03-12 07:03:21","0.9","0"
"manager","Operations","0.1","2025-03-01 07:33:09","5","2025-02-28 01:33:09","0.3","0"
"employee","HR","6.0","2025-03-30 14:15:09","5","2025-03-29 16:15:09","3.0","0"
"employee","IT","6.3","2025-03-11 07:08:25","1","2025-03-10 04:08:25","2.0","1"
"admin","HR","6.0","2025-03-21 15:01:34","8","2025-03-20 16:01:34","4.9","1"
"admin","Finance","2.5","2025-03-26 05:27:18","7","2025-03-25 09:27:18","1.3","1"
"manager","IT","9.8","2025-03-02 08:26:42","6","2025-02-28 10:26:42","4.7","0"
"employee","IT","5.3","2025-03-16 21:00:54","5","2025-03-16 13:00:54","0.4","1"
"manager","HR","6.4","2025-03-05 06:02:21","3","2025-03-04 11:02:21","4.1","0"
"manager","Operations","1.0","2025-03-21 21:56:59","6","2025-03-20 02:56:59","4.4","0"
"manager","Operations","8.2","2025-03-14 00:40:25","5","2025-03-12 23:40:25","1.1","0"
"admin","IT","5.9","2025-03-07 01:18:49","1","2025-03-06 11:18:49","4.2","1"
"admin","IT","2.8","2025-03-22 03:09:06","6","2025-03-21 00:09:06","3.1","1"
"manager","IT","1.0","2025-03-20 03:26:24","9","2025-03-19 22:26:24","0.8","0"
"manager","Operations","0.3","2025-03-08 00:31:13","7","2025-03-07 17:31:13","1.4","0"
"employee","IT","2.0","2025-03-02 07:07:48","4","2025-02-28 15:07:48","2.8","0"
"employee","Operations","7.2","2025-03-02 22:13:25","3","2025-03-02 07:13:25","0.5","0"
"employee","HR","1.3","2025-03-18 11:41:36","4","2025-03-18 10:41:36","1.9","0"
"employee","HR","6.7","2025-03-16 14:23:59","10","2025-03-14 17:23:59","1.1","0"
"manager","IT","5.2","2025-03-24 23:02:05","7","2025-03-23 07:02:05","1.5","0"
"manager","Finance","2.6","2025-03-15 02:56:26","8","2025-03-13 18:56:26","1.8","0"
"admin","HR","3.6","2025-03-14 02:22:07","10","2025-03-13 13:22:07","1.2","1"
"employee","HR","6.7","2025-03-30 09:40:29","9","2025-03-30 01:40:29","4.3","0"
"manager","Operations","2.2","2025-03-24 12:49:32","4","2025-03-23 20:49:32","2.0","1"
"employee","IT","8.0","2025-03-27 19:52:24","6","2025-03-26 01:52:24","1.0","0"
"admin","Finance","3.8","2025-03-22 08:27:06","4","2025-03-21 01:27:06","2.6","1"
"manager","Finance","4.5","2025-03-20 03:55:18","10","2025-03-18 12:55:18","3.2","0"
"employee","Operations","8.3","2025-03-01 09:24:45","8","2025-03-01 04:24:45","2.9","0"
"manager","IT","6.8","2025-03-14 06:23:30","5","2025-03-13 19:23:30","0.5","0"
"employee","IT","5.9","2025-03-28 12:43:34","7","2025-03-26 14:43:34","3.8","0"
"admin","IT","7.2","2025-03-07 21:19:17","3","2025-03-06 13:19:17","2.2","1"
"manager","IT","3.7","2025-03-07 23:04:29","6","2025-03-06 17:04:29","1.4","0"
"manager","Operations","9.9","2025-03-09 11:16:03","3","2025-03-08 20:16:03","0.7","1"
"manager","HR","5.3","2025-03-06 23:39:48","2","2025-03-05 09:39:48","0.9","0"
"manager","HR","0.9","2025-03-18 19:35:05","10","2025-03-18 12:35:05","2.1","0"
"employee","IT","8.6","2025-03-23 23:05:46","3","2025-03-22 17:05:46","1.9","1"
"admin","Finance","8.0","2025-03-20 05:12:27","5","2025-03-18 23:12:27","3.1","1"
"employee","Operations","2.5","2025-03-07 16:06:47","1","2025-03-06 00:06:47","1.5","1"
"admin","HR","5.5","2025-03-07 06:30:57","3","2025-03-06 02:30:57","2.6","1"
"manager","Finance","4.2","2025-03-19 03:27:15","4","2025-03-17 08:27:15","1.7","0"
"manager","Operations","3.8","2025-03-28 12:08:49","5","2025-03-27 13:08:49","0.7","1"
"admin","IT","7.5","2025-03-23 14:13:12","5","2025-03-22 01:13:12","2.1","1"
"manager","HR","0.1","2025-03-20 22:30:37","2","2025-03-19 23:30:37","2.3","0"
"employee","HR","5.0","2025-03-16 10:46:37","10","2025-03-15 04:46:37","3.0","0"
"admin","HR","3.0","2025-03-19 00:04:28","10","2025-03-17 01:04:28","2.4","1"
"manager","Operations","7.9","2025-03-25 05:41:01","8","2025-03-25 02:41:01","3.2","0"
"manager","IT","8.6","2025-03-11 07:26:07","6","2025-03-09 10:26:07","1.9","0"
"admin","IT","3.0","2025-03-27 00:28:15","4","2025-03-26 13:28:15","0.4","1"
"manager","HR","0.9","2025-03-27 13:21:45","2","2025-03-26 19:21:45","4.3","0"
"manager","HR","2.9","2025-03-05 08:52:44","5","2025-03-04 15:52:44","2.0","0"
"employee","HR","1.6","2025-03-29 05:32:58","3","2025-03-28 03:32:58","2.5","0"
"manager","HR","6.9","2025-03-03 06:14:47","7","2025-03-02 07:14:47","4.0","0"
"admin","Finance","4.0","2025-03-24 18:23:54","2","2025-03-23 12:23:54","3.2","1"
"employee","HR","7.4","2025-03-25 18:21:42","5","2025-03-24 08:21:42","1.4","0"
"employee","Operations","8.3","2025-03-12 18:57:45","9","2025-03-11 21:57:45","4.8","0"
"employee","Finance","7.0","2025-03-24 05:59:36","6","2025-03-23 20:59:36","1.5","0"
"manager","Finance","2.4","2025-03-18 13:34:21","1","2025-03-17 00:34:21","0.3","1"
"manager","Operations","7.2","2025-03-26 21:54:18","9","2025-03-24 23:54:18","2.0","0"
"manager","Operations","0.7","2025-03-10 12:06:26","7","2025-03-09 02:06:26","3.4","0"
"manager","HR","8.6","2025-03-23 09:16:41","5","2025-03-21 21:16:41","4.3","0"
"employee","Finance","5.8","2025-03-01 12:05:39","3","2025-02-28 01:05:39","3.3","1"
"manager","Finance","5.5","2025-03-24 04:38:40","6","2025-03-22 11:38:40","2.2","0"
"admin","IT","4.0","2025-03-26 00:37:04","10","2025-03-25 12:37:04","1.6","1"
"admin","Finance","8.9","2025-03-30 08:26:57","2","2025-03-28 16:26:57","2.0","1"
"admin","IT","6.3","2025-03-10 21:05:43","4","2025-03-09 00:05:43","4.3","1"
"admin","HR","1.7","2025-03-28 01:25:48","3","2025-03-27 20:25:48","1.3","1"
"manager","HR","3.2","2025-03-06 11:43:56","9","2025-03-04 15:43:56","4.5","0"
"employee","HR","8.7","2025-03-28 08:39:14","8","2025-03-27 21:39:14","2.4","0"
"employee","Finance","3.9","2025-03-19 08:07:38","5","2025-03-18 02:07:38","1.8","0"
"manager","Finance","4.1","2025-03-16 09:59:25","3","2025-03-15 04:59:25","0.5","1"
"admin","HR","9.7","2025-03-26 16:16:31","9","2025-03-25 02:16:31","3.0","1"
"admin","Operations","2.5","2025-03-07 18:35:26","5","2025-03-06 18:35:26","2.7","1"
"manager","IT","7.5","2025-03-25 17:13:36","8","2025-03-25 17:13:36","1.2","0"
"employee","IT","3.5","2025-03-21 03:43:43","7","2025-03-19 20:43:43","2.4","0"
"admin","Finance","7.1","2025-03-16 03:25:50","6","2025-03-16 02:25:50","3.7","1"
"manager","Finance","0.3","2025-03-23 06:39:24","1","2025-03-21 14:39:24","0.1","0"
"employee","HR","3.6","2025-03-21 18:15:42","7","2025-03-20 03:15:42","3.9","0"
"employee","IT","4.4","2025-03-29 10:59:26","8","2025-03-27 17:59:26","4.5","0"
"employee","HR","1.9","2025-03-27 06:07:52","3","2025-03-25 06:07:52","2.9","0"
"employee","Finance","6.6","2025-03-19 01:22:53","8","2025-03-18 03:22:53","4.8","0"
"admin","Finance","5.5","2025-03-11 11:45:00","1","2025-03-10 02:45:00","2.0","1"
"employee","HR","8.9","2025-03-17 05:20:15","10","2025-03-16 04:20:15","3.7","0"
"manager","Operations","7.1","2025-03-27 17:00:41","6","2025-03-27 17:00:41","0.1","1"
"admin","Operations","6.2","2025-03-16 00:04:24","4","2025-03-14 07:04:24","0.8","1"
"employee","Finance","6.6","2025-03-18 18:57:40","2","2025-03-17 17:57:40","0.1","0"
"admin","Finance","6.4","2025-03-28 15:05:37","2","2025-03-28 01:05:37","2.8","1"
"admin","Finance","9.6","2025-03-07 01:19:56","1","2025-03-05 18:19:56","4.1","1"
"manager","HR","0.3","2025-03-11 09:39:43","6","2025-03-10 06:39:43","4.3","0"
"manager","HR","9.4","2025-03-30 01:23:23","10","2025-03-29 22:23:23","4.6","0"
"employee","Finance","1.6","2025-03-25 05:28:02","6","2025-03-24 11:28:02","2.8","0"
"admin","Finance","6.6","2025-03-11 07:56:31","1","2025-03-09 08:56:31","1.7","1"
"admin","Finance","9.1","2025-03-22 14:52:52","9","2025-03-21 00:52:52","0.9","1"
"admin","Finance","2.5","2025-03-10 08:19:54","8","2025-03-08 21:19:54","4.1","1"
"employee","HR","3.3","2025-03-05 01:09:17","4","2025-03-03 22:09:17","4.6","0"
"manager","IT","5.8","2025-03-15 20:47:32","10","2025-03-15 07:47:32","2.3","0"
"employee","Finance","4.4","2025-03-25 18:58:07","1","2025-03-24 11:58:07","2.7","0"
"admin","HR","9.2","2025-03-09 22:23:00","6","2025-03-09 19:23:00","3.3","1"
"admin","HR","3.7","2025-03-11 08:14:00","5","2025-03-10 20:14:00","3.9","1"
"employee","Operations","5.4","2025-03-08 07:06:14","10","2025-03-07 05:06:14","2.2","0"
"admin","HR","1.9","2025-03-22 00:28:57","9","2025-03-20 00:28:57","3.2","1"
"manager","Operations","7.3","2025-03-29 20:34:39","5","2025-03-28 08:34:39","1.5","0"
"employee","Operations","4.8","2025-03-23 13:18:32","9","2025-03-22 06:18:32","4.9","0"
"employee","IT","8.2","2025-03-20 20:44:38","4","2025-03-20 06:44:38","3.3","1"
"manager","HR","5.3","2025-03-03 21:02:45","9","2025-03-03 00:02:45","2.8","0"
"employee","Operations","7.9","2025-03-16 15:06:03","1","2025-03-16 00:06:03","0.3","0"
"admin","Operations","6.3","2025-03-30 05:55:25","5","2025-03-30 04:55:25","4.0","1"
"admin","Finance","2.9","2025-03-29 04:01:57","3","2025-03-28 07:01:57","4.3","1"
"admin","Finance","3.0","2025-03-03 20:04:05","6","2025-03-03 01:04:05","1.9","1"
"admin","Finance","4.7","2025-03-11 13:41:35","10","2025-03-11 12:41:35","4.4","1"
"employee","IT","7.6","2025-03-18 11:33:19","7","2025-03-16 19:33:19","1.2","0"
"employee","Finance","9.4","2025-03-05 22:55:51","6","2025-03-04 17:55:51","0.8","0"
"employee","HR","7.4","2025-03-13 02:42:17","4","2025-03-12 08:42:17","0.3","0"
"employee","Finance","8.5","2025-03-27 11:57:19","4","2025-03-27 08:57:19","4.0","0"
"manager","Finance","6.2","2025-03-21 10:55:19","1","2025-03-19 20:55:19","0.9","1"
"manager","HR","2.3","2025-03-21 03:10:58","10","2025-03-21 03:10:58","3.6","0"
"manager","HR","0.5","2025-03-04 14:54:51","8","2025-03-03 21:54:51","0.3","0"
"employee","Operations","1.4","2025-03-18 18:53:03","8","2025-03-16 22:53:03","4.7","0"
"manager","HR","4.5","2025-03-20 03:19:17","7","2025-03-18 21:19:17","4.7","0"
"manager","Finance","3.2","2025-03-27 15:54:47","2","2025-03-26 03:54:47","4.7","0"
"employee","Operations","8.9","2025-03-09 23:57:40","2","2025-03-08 12:57:40","1.8","0"
"admin","Finance","8.5","2025-03-30 19:41:08","3","2025-03-29 16:41:08","4.5","1"
"employee","HR","1.5","2025-03-08 18:16:44","8","2025-03-07 21:16:44","0.3","0"
"employee","IT","6.2","2025-03-05 07:29:47","2","2025-03-03 22:29:47","0.9","1"
"admin","Finance","3.5","2025-03-30 02:32:06","6","2025-03-28 19:32:06","1.8","1"
"manager","IT","6.0","2025-03-25 13:59:22","4","2025-03-25 12:59:22","4.2","1"
"admin","IT","4.2","2025-03-19 03:47:05","3","2025-03-17 23:47:05","4.1","1"
"admin","HR","9.5","2025-03-30 14:37:03","4","2025-03-28 15:37:03","4.0","1"
"manager","HR","8.7","2025-03-23 00:07:22","5","2025-03-22 22:07:22","2.7","0"
"employee","HR","5.5","2025-03-04 05:23:10","9","2025-03-03 11:23:10","3.2","0"
"admin","HR","3.1","2025-03-20 14:36:33","8","2025-03-19 16:36:33","4.8","1"
"admin","IT","6.6","2025-03-14 19:40:04","9","2025-03-13 04:40:04","3.5","1"
"employee","Finance","6.5","2025-03-11 03:11:42","9","2025-03-10 05:11:42","3.8","0"
"manager","HR","2.4","2025-03-26 21:08:24","1","2025-03-25 08:08:24","0.9","0"
"manager","HR","1.9","2025-03-27 22:09:40","2","2025-03-27 12:09:40","3.5","0"
"manager","IT","0.4","2025-03-12 02:55:02","4","2025-03-11 11:55:02","2.1","0"
"admin","Operations","0.0","2025-03-25 09:57:06","9","2025-03-24 02:57:06","2.5","1"
"admin","Finance","2.7","2025-03-10 00:33:07","2","2025-03-08 16:33:07","4.4","1"
"admin","Finance","0.8","2025-03-02 05:08:17","10","2025-03-01 07:08:17","2.0","1"
"admin","Operations","3.0","2025-03-15 21:59:46","7","2025-03-15 13:59:46","0.7","1"
"employee","Operations","1.3","2025-03-24 16:37:30","8","2025-03-23 09:37:30","0.8","0"
"employee","HR","4.0","2025-03-16 03:01:46","8","2025-03-15 12:01:46","2.6","0"
"employee","HR","5.0","2025-03-11 08:32:36","9","2025-03-09 08:32:36","0.7","0"
"manager","Operations","2.1","2025-03-20 19:23:04","8","2025-03-20 12:23:04","2.1","0"
"admin","Finance","1.4","2025-03-11 04:50:52","1","2025-03-09 13:50:52","2.0","1"
"employee","HR","0.4","2025-03-03 12:32:10","7","2025-03-02 15:32:10","4.7","0"
"employee","IT","3.6","2025-03-10 15:48:28","10","2025-03-09 05:48:28","2.3","0"
"admin","Operations","3.6","2025-03-25 22:58:54","4","2025-03-24 21:58:54","2.6","1"
"employee","IT","1.0","2025-03-04 23:35:21","10","2025-03-04 23:35:21","3.5","0"
"admin","Operations","5.8","2025-03-07 02:38:14","10","2025-03-05 05:38:14","2.5","1"
"manager","Operations","8.7","2025-03-01 15:48:04","8","2025-03-01 01:48:04","1.0","0"
"admin","HR","6.6","2025-03-17 17:17:58","9","2025-03-17 04:17:58","4.6","1"
"admin","Operations","0.3","2025-03-08 06:23:16","6","2025-03-07 13:23:16","2.0","1"
"employee","Operations","0.6","2025-03-06 13:56:08","8","2025-03-06 04:56:08","4.9","0"
"admin","Finance","4.5","2025-03-17 01:36:01","3","2025-03-16 07:36:01","3.7","1"
"admin","IT","0.7","2025-03-18 15:31:53","3","2025-03-18 07:31:53","1.3","1"
"employee","IT","3.3","2025-03-05 05:07:23","2","2025-03-05 03:07:23","3.1","0"
"manager","Operations","1.9","2025-03-28 05:45:07","1","2025-03-27 21:45:07","1.1","0"
"employee","HR","0.1","2025-03-17 06:07:00","3","2025-03-15 15:07:00","3.7","0"
"employee","Finance","7.1","2025-03-20 02:02:56","2","2025-03-19 05:02:56","4.6","0"
"admin","IT","5.2","2025-03-29 07:21:44","4","2025-03-28 19:21:44","1.7","1"
"admin","IT","8.4","2025-03-30 01:04:26","1","2025-03-28 14:04:26","3.7","1"
"admin","IT","2.3","2025-03-07 11:06:42","9","2025-03-07 10:06:42","4.0","1"
"manager","Finance","6.8","2025-03-20 23:26:33","4","2025-03-19 03:26:33","2.8","0"
"employee","IT","0.7","2025-03-01 07:21:48","4","2025-02-27 21:21:48","3.6","0"
"manager","Operations","6.4","2025-03-10 19:26:27","5","2025-03-09 11:26:27","3.0","0"
"admin","IT","4.9","2025-03-08 03:17:58","10","2025-03-07 23:17:58","0.3","1"
"employee","Operations","9.7","2025-03-19 02:12:02","1","2025-03-18 18:12:02","4.7","0"
"employee","Finance","7.9","2025-03-23 19:11:38","7","2025-03-23 02:11:38","2.7","0"
"admin","Finance","5.7","2025-03-13 09:47:32","8","2025-03-12 10:47:32","0.6","1"
"employee","Operations","9.2","2025-03-10 13:55:10","7","2025-03-09 02:55:10","1.4","0"
"manager","Operations","8.7","2025-03-08 20:08:56","8","2025-03-08 14:08:56","3.2","0"
"employee","Finance","3.4","2025-03-10 08:13:45","10","2025-03-10 02:13:45","2.5","0"
"manager","Finance","7.2","2025-03-03 19:05:08","7","2025-03-03 05:05:08","1.4","0"
"employee","Operations","8.2","2025-03-03 20:21:57","9","2025-03-01 20:21:57","2.6","0"
"manager","IT","2.0","2025-03-04 22:45:22","10","2025-03-03 20:45:22","3.1","0"
"manager","IT","1.5","2025-03-16 05:53:14","6","2025-03-14 15:53:14","4.2","0"
"employee","IT","5.4","2025-03-24 09:17:16","6","2025-03-22 20:17:16","3.6","0"
"employee","IT","6.0","2025-03-18 20:33:39","5","2025-03-18 05:33:39","0.1","1"
"employee","IT","1.9","2025-03-03 18:51:02","2","2025-03-02 22:51:02","3.6","1"
"manager","Finance","1.0","2025-03-18 17:58:36","3","2025-03-17 16:58:36","1.1","1"
"employee","HR","7.4","2025-03-27 04:10:13","1","2025-03-27 00:10:13","3.2","0"
"employee","HR","3.9","2025-03-19 18:36:33","10","2025-03-17 20:36:33","4.3","0"
"admin","IT","9.8","2025-03-09 19:39:37","4","2025-03-09 16:39:37","3.7","1"
"manager","Finance","2.2","2025-03-23 10:54:34","2","2025-03-21 11:54:34","3.0","0"
"admin","HR","0.4","2025-03-19 22:08:12","9","2025-03-19 00:08:12","2.8","1"
"manager","Operations","8.0","2025-03-24 09:20:19","1","2025-03-22 09:20:19","4.8","0"
"admin","HR","9.4","2025-03-04 23:29:03","5","2025-03-03 05:29:03","0.4","1"
"admin","Operations","1.6","2025-03-05 21:02:35","8","2025-03-05 01:02:35","3.4","1"
"employee","Operations","0.6","2025-03-21 20:18:02","8","2025-03-20 05:18:02","4.9","0"
"admin","Operations","9.6","2025-03-20 04:12:07","4","2025-03-18 10:12:07","4.6","1"
"employee","HR","9.6","2025-03-16 15:45:20","4","2025-03-16 09:45:20","1.3","0"
"manager","Finance","8.8","2025-03-22 15:25:09","1","2025-03-20 18:25:09","2.6","1"
"manager","HR","5.4","2025-03-08 02:53:28","2","2025-03-07 22:53:28","2.5","0"
"admin","HR","6.0","2025-03-21 07:41:43","1","2025-03-20 15:41:43","1.6","1"
"employee","Finance","5.6","2025-03-25 03:22:25","6","2025-03-24 22:22:25","2.4","0"
"admin","IT","8.7","2025-03-30 13:18:53","5","2025-03-30 10:18:53","2.3","1"
"admin","Operations","9.0","2025-03-01 19:45:59","7","2025-02-28 12:45:59","2.8","1"
"admin","HR","3.5","2025-03-06 10:04:48","1","2025-03-04 14:04:48","3.2","1"
"manager","Operations","7.2","2025-03-21 01:44:04","4","2025-03-19 15:44:04","0.9","0"
"manager","HR","2.6","2025-03-03 23:46:55","9","2025-03-02 11:46:55","2.4","0"
"manager","Operations","3.0","2025-03-01 01:13:09","1","2025-02-27 22:13:09","3.6","0"
"manager","Finance","4.7","2025-03-08 02:15:25","2","2025-03-06 10:15:25","4.4","0"
"admin","HR","3.8","2025-03-04 13:35:22","6","2025-03-03 12:35:22","0.5","1"
"manager","HR","3.9","2025-03-09 07:27:05","4","2025-03-07 09:27:05","1.9","0"
"employee","IT","6.8","2025-03-25 13:09:11","10","2025-03-25 13:09:11","3.8","0"
"employee","Operations","9.7","2025-03-10 08:22:17","9","2025-03-09 21:22:17","4.3","0"
"employee","Operations","7.8","2025-03-21 13:58:39","7","2025-03-21 01:58:39","2.6","0"
"manager","HR","4.6","2025-03-09 10:45:32","9","2025-03-09 00:45:32","2.5","0"
"manager","HR","5.6","2025-03-11 00:03:48","7","2025-03-09 03:03:48","2.8","0"
"employee","IT","3.4","2025-03-30 01:37:12","4","2025-03-29 12:37:12","0.5","0"
"employee","HR","7.2","2025-03-04 16:53:28","7","2025-03-02 16:53:28","2.1","0"
"admin","HR","3.9","2025-03-29 21:38:37","6","2025-03-27 23:38:37","4.0","1"
"manager","HR","3.9","2025-03-02 20:46:50","1","2025-03-02 06:46:50","3.2","0"
"employee","Finance","5.2","2025-03-08 14:43:15","3","2025-03-08 04:43:15","1.0","1"
"admin","IT","6.7","2025-03-08 07:23:37","8","2025-03-06 15:23:37","3.6","1"
"employee","Finance","9.4","2025-03-16 19:05:47","8","2025-03-15 17:05:47","4.9","0"
"admin","IT","4.4","2025-03-05 18:41:54","10","2025-03-04 16:41:54","4.7","1"
"admin","Finance","6.2","2025-03-20 23:34:34","10","2025-03-19 16:34:34","3.6","1"
"admin","Finance","8.7","2025-03-30 10:48:28","4","2025-03-29 03:48:28","1.0","1"
"employee","Operations","9.3","2025-03-09 07:10:56","7","2025-03-08 06:10:56","4.1","0"
"employee","IT","2.2","2025-03-12 21:38:31","1","2025-03-11 19:38:31","1.3","0"
"manager","Finance","8.7","2025-03-19 22:08:08","1","2025-03-19 01:08:08","1.8","0"
"employee","IT","4.9","2025-03-03 19:43:25","3","2025-03-03 12:43:25","2.1","1"
"admin","HR","3.6","2025-03-17 17:13:21","10","2025-03-17 17:13:21","1.6","1"
"admin","IT","5.7","2025-03-28 00:05:03","9","2025-03-26 15:05:03","0.5","1"
"admin","Finance","3.0","2025-03-24 12:03:10","8","2025-03-24 00:03:10","1.9","1"
"admin","Operations","0.8","2025-03-01 19:55:12","4","2025-02-28 03:55:12","4.3","1"
"manager","Operations","3.7","2025-03-08 16:57:58","5","2025-03-06 21:57:58","2.1","0"
"admin","Operations","5.2","2025-03-27 21:49:26","4","2025-03-26 21:49:26","1.6","1"
"manager","Operations","3.1","2025-03-08 10:31:12","10","2025-03-06 10:31:12","4.4","0"
"manager","IT","3.4","2025-03-03 12:48:49","9","2025-03-02 15:48:49","4.7","0"
"employee","IT","4.1","2025-03-09 14:03:30","8","2025-03-08 06:03:30","0.5","0"
"manager","HR","3.4","2025-03-11 18:07:05","9","2025-03-11 14:07:05","1.7","0"
"manager","HR","5.5","2025-03-05 01:40:02","10","2025-03-05 01:40:02","4.1","0"
"admin","Finance","8.8","2025-03-10 03:52:51","6","2025-03-08 10:52:51","2.7","1"
"admin","Operations","8.6","2025-03-16 13:50:29","8","2025-03-15 06:50:29","3.1","1"
"admin","IT","0.1","2025-03-10 11:23:25","3","2025-03-09 16:23:25","3.4","1"
"employee","Finance","3.5","2025-03-26 18:03:24","8","2025-03-24 21:03:24","4.6","0"
"manager","HR","6.0","2025-03-23 12:17:38","1","2025-03-22 00:17:38","1.1","1"
"manager","IT","4.0","2025-03-21 23:48:42","9","2025-03-21 19:48:42","1.8","0"
"employee","HR","3.3","2025-03-08 17:03:16","10","2025-03-08 17:03:16","1.4","0"
"manager","Operations","8.3","2025-03-01 16:29:13","10","2025-03-01 16:29:13","1.8","0"
"employee","HR","5.5","2025-03-30 02:47:46","9","2025-03-28 18:47:46","0.7","0"
"employee","Finance","8.4","2025-03-10 09:25:38","4","2025-03-09 22:25:38","3.7","0"
"admin","IT","0.5","2025-03-05 21:26:07","1","2025-03-04 02:26:07","3.2","1"
"manager","IT","4.4","2025-03-11 02:30:14","6","2025-03-10 08:30:14","1.6","0"
"manager","Finance","3.8","2025-03-05 06:02:46","7","2025-03-05 04:02:46","1.1","0"
"admin","Finance","1.1","2025-03-10 20:30:50","9","2025-03-10 13:30:50","0.5","1"
"employee","IT","9.6","2025-03-06 04:58:34","6","2025-03-04 14:58:34","3.8","0"
"employee","Operations","6.7","2025-03-25 18:52:13","7","2025-03-25 12:52:13","3.3","0"
"employee","Operations","8.3","2025-03-23 15:41:10","10","2025-03-23 05:41:10","3.6","0"
"manager","HR","6.3","2025-03-04 23:49:05","8","2025-03-03 23:49:05","1.7","0"
"manager","Operations","3.2","2025-03-05 06:28:32","1","2025-03-04 12:28:32","4.1","0"
"manager","IT","6.9","2025-03-07 02:42:02","10","2025-03-06 21:42:02","0.4","0"
"employee","Operations","3.8","2025-03-05 04:00:43","3","2025-03-03 08:00:43","3.5","0"
"admin","IT","1.5","2025-03-17 01:01:37","9","2025-03-15 15:01:37","0.4","1"
"employee","IT","5.4","2025-03-15 21:27:35","2","2025-03-15 10:27:35","1.5","1"
"admin","IT","4.9","2025-03-21 08:40:56","2","2025-03-21 07:40:56","2.3","1"
"admin","HR","3.3","2025-03-17 11:58:21","9","2025-03-16 06:58:21","0.8","1"
"manager","IT","5.4","2025-03-16 07:27:19","5","2025-03-15 18:27:19","3.0","0"
"employee","Operations","8.6","2025-03-07 00:16:20","9","2025-03-06 04:16:20","4.9","0"
"admin","Operations","8.4","2025-03-25 08:28:32","3","2025-03-24 04:28:32","4.4","1"
"admin","IT","4.7","2025-03-18 00:48:49","6","2025-03-16 05:48:49","4.7","1"
"admin","HR","9.9","2025-03-02 09:01:18","5","2025-02-28 20:01:18","2.4","1"
"employee","Operations","2.2","2025-03-22 13:51:52","4","2025-03-21 19:51:52","3.1","0"
"admin","IT","0.0","2025-03-08 20:55:50","2","2025-03-08 12:55:50","2.4","1"
"admin","Operations","0.7","2025-03-30 14:01:34","5","2025-03-29 23:01:34","3.0","1"
"employee","HR","4.1","2025-03-26 03:17:49","8","2025-03-25 00:17:49","1.5","0"
"admin","HR","5.5","2025-03-06 21:44:40","5","2025-03-06 20:44:40","2.1","1"
"employee","Operations","5.9","2025-03-08 04:42:56","2","2025-03-06 10:42:56","0.1","0"
"admin","HR","7.5","2025-03-27 15:58:45","1","2025-03-26 01:58:45","2.3","1"
"admin","HR","5.8","2025-03-03 03:49:58","1","2025-03-02 01:49:58","2.2","1"
"admin","Finance","0.5","2025-03-28 05:44:21","4","2025-03-26 09:44:21","1.0","1"
"manager","HR","6.9","2025-03-25 20:28:55","1","2025-03-25 08:28:55","1.2","0"
"employee","HR","3.6","2025-03-20 10:14:38","3","2025-03-18 17:14:38","4.8","0"
"manager","Operations","1.6","2025-03-24 05:22:59","6","2025-03-23 12:22:59","3.3","0"
"employee","Operations","7.6","2025-03-05 23:00:46","2","2025-03-05 19:00:46","4.6","0"
"manager","Operations","1.5","2025-03-04 11:30:04","7","2025-03-03 05:30:04","2.3","0"
"manager","Operations","1.4","2025-03-17 13:22:59","2","2025-03-17 13:22:59","4.4","0"
"admin","IT","8.5","2025-03-26 22:19:15","7","2025-03-25 03:19:15","1.6","1"
"manager","Operations","0.1","2025-03-13 19:22:08","5","2025-03-12 07:22:08","4.3","0"
"manager","Operations","2.2","2025-03-29 18:48:25","10","2025-03-28 13:48:25","4.2","0"
"employee","Operations","2.2","2025-03-23 13:17:48","10","2025-03-22 10:17:48","2.4","0"
"admin","Operations","9.8","2025-03-24 19:55:39","2","2025-03-23 12:55:39","3.9","1"
"admin","HR","4.6","2025-03-17 05:08:59","8","2025-03-15 07:08:59","0.6","1"
"admin","Operations","8.3","2025-03-11 04:00:07","8","2025-03-10 14:00:07","1.0","1"
"manager","Finance","8.3","2025-03-22 11:05:35","5","2025-03-22 01:05:35","1.3","0"
"manager","Operations","6.9","2025-03-28 01:49:18","8","2025-03-28 01:49:18","1.6","0"
"employee","IT","0.5","2025-03-20 19:14:37","5","2025-03-19 23:14:37","2.9","0"
"employee","Finance","7.4","2025-03-11 20:11:11","2","2025-03-11 01:11:11","2.8","0"
"manager","IT","1.6","2025-03-27 03:40:05","6","2025-03-26 00:40:05","1.1","0"
"manager","Operations","3.2","2025-03-10 22:14:49","7","2025-03-09 01:14:49","1.6","0"
"employee","IT","3.5","2025-03-26 15:17:04","10","2025-03-26 11:17:04","0.3","0"
"employee","IT","9.4","2025-03-23 00:49:27","5","2025-03-22 23:49:27","1.4","0"
"employee","IT","2.0","2025-03-12 20:12:47","5","2025-03-11 19:12:47","1.0","0"
"employee","IT","2.5","2025-03-24 19:38:33","7","2025-03-24 00:38:33","2.4","0"
"manager","Finance","6.0","2025-03-16 18:15:58","9","2025-03-15 08:15:58","2.1","0"
"employee","IT","1.7","2025-03-19 19:30:13","2","2025-03-18 02:30:13","1.1","0"
"manager","Operations","6.9","2025-03-13 12:01:10","7","2025-03-13 11:01:10","2.3","0"
"employee","IT","9.7","2025-03-30 17:34:47","1","2025-03-29 00:34:47","4.2","1"
"manager","IT","9.3","2025-03-19 20:01:24","7","2025-03-18 15:01:24","1.5","0"
"admin","Finance","1.9","2025-03-26 19:07:37","3","2025-03-25 21:07:37","1.8","1"
"employee","Operations","8.5","2025-03-06 17:33:42","3","2025-03-05 08:33:42","0.9","1"
"admin","Finance","5.1","2025-03-24 15:00:40","2","2025-03-24 09:00:40","4.0","1"
"employee","IT","0.2","2025-03-02 06:13:25","2","2025-03-01 06:13:25","4.0","0"
"manager","HR","6.2","2025-03-19 09:53:58","8","2025-03-18 15:53:58","1.4","0"
"manager","HR","0.3","2025-03-22 02:15:31","2","2025-03-21 01:15:31","2.9","0"
"admin","HR","3.0","2025-03-14 00:21:17","9","2025-03-13 18:21:17","2.2","1"
"manager","HR","2.6","2025-03-11 20:17:06","8","2025-03-11 16:17:06","0.2","0"
"manager","Finance","9.1","2025-03-15 09:51:43","6","2025-03-13 11:51:43","1.9","0"
"admin","Finance","3.5","2025-03-27 15:48:27","8","2025-03-27 02:48:27","1.9","1"
"manager","IT","0.3","2025-03-14 16:10:50","3","2025-03-14 12:10:50","3.0","1"
"employee","IT","0.8","2025-03-10 15:00:49","1","2025-03-08 16:00:49","2.0","1"
"manager","IT","9.8","2025-03-04 10:57:07","6","2025-03-02 20:57:07","1.6","0"
"manager","HR","4.9","2025-03-08 17:18:11","9","2025-03-08 11:18:11","3.5","0"
"employee","HR","9.7","2025-03-23 23:54:02","6","2025-03-22 06:54:02","1.8","0"
"admin","Finance","6.1","2025-03-06 17:38:41","3","2025-03-06 05:38:41","2.2","1"
"manager","Finance","4.0","2025-03-27 13:44:02","5","2025-03-27 00:44:02","3.9","0"
"manager","Finance","8.0","2025-03-24 13:38:30","5","2025-03-23 21:38:30","2.8","0"
"manager","IT","9.6","2025-03-25 18:27:21","6","2025-03-24 23:27:21","1.9","1"
"manager","Operations","4.8","2025-03-19 21:16:31","6","2025-03-19 00:16:31","1.2","0"
"admin","Finance","1.6","2025-03-30 19:07:06","1","2025-03-29 12:07:06","2.1","1"
"admin","Finance","5.1","2025-03-26 16:16:09","3","2025-03-26 10:16:09","1.6","1"
"manager","Operations","0.4","2025-03-19 10:07:46","8","2025-03-18 18:07:46","3.2","0"
"manager","Finance","1.3","2025-03-10 13:36:34","10","2025-03-10 03:36:34","4.7","0"
"manager","HR","7.4","2025-03-20 17:52:28","6","2025-03-19 18:52:28","3.5","0"
"manager","IT","9.6","2025-03-13 19:49:00","4","2025-03-12 09:49:00","0.7","1"
"employee","IT","0.5","2025-03-26 10:20:35","9","2025-03-25 13:20:35","4.5","0"
"manager","HR","1.8","2025-03-03 12:11:21","6","2025-03-02 02:11:21","4.5","0"
"employee","Operations","3.1","2025-03-12 10:12:35","10","2025-03-11 03:12:35","4.5","0"
"employee","Finance","6.4","2025-03-06 18:28:33","9","2025-03-06 16:28:33","4.5","0"
"admin","Operations","1.6","2025-03-18 16:43:39","2","2025-03-17 12:43:39","0.4","1"
"admin","IT","1.8","2025-03-14 18:00:03","6","2025-03-14 05:00:03","0.7","1"
"manager","Finance","0.1","2025-03-14 23:21:27","10","2025-03-13 01:21:27","0.6","0"
"employee","Operations","9.2","2025-03-15 12:39:03","10","2025-03-15 00:39:03","2.0","0"
"employee","IT","1.0","2025-03-17 18:26:20","10","2025-03-16 12:26:20","3.5","0"
"employee","Finance","0.5","2025-03-17 19:54:08","2","2025-03-16 20:54:08","1.3","0"
"admin","HR","9.6","2025-03-08 05:23:05","8","2025-03-07 04:23:05","4.5","1"
"admin","IT","8.6","2025-03-11 10:46:50","3","2025-03-10 17:46:50","2.5","1"
"manager","Finance","1.0","2025-03-19 11:43:02","9","2025-03-17 22:43:02","0.6","0"
"employee","HR","9.2","2025-03-24 11:51:41","1","2025-03-23 19:51:41","1.4","1"
"manager","Operations","8.5","2025-03-12 19:01:53","3","2025-03-11 16:01:53","2.4","0"
"employee","Operations","3.6","2025-03-23 08:41:59","4","2025-03-22 16:41:59","1.8","0"
"employee","Operations","6.0","2025-03-13 01:45:11","1","2025-03-11 09:45:11","1.4","0"
"manager","Operations","1.9","2025-03-25 02:47:09","4","2025-03-23 11:47:09","2.1","0"
"admin","Operations","3.6","2025-03-17 09:29:11","9","2025-03-15 17:29:11","2.1","1"
"employee","IT","9.5","2025-03-06 08:41:13","6","2025-03-04 11:41:13","1.2","0"
"admin","Finance","8.4","2025-03-17 12:25:44","2","2025-03-16 12:25:44","1.9","1"
"employee","Finance","5.8","2025-03-07 14:08:14","1","2025-03-06 21:08:14","3.7","0"
"manager","Finance","1.4","2025-03-14 13:29:27","8","2025-03-12 19:29:27","1.6","0"
"admin","Operations","5.2","2025-03-03 10:11:36","10","2025-03-01 10:11:36","2.2","1"
"manager","Operations","8.3","2025-03-11 02:12:10","10","2025-03-11 02:12:10","3.0","0"
"employee","IT","5.0","2025-03-11 08:54:18","3","2025-03-09 11:54:18","3.8","0"
"admin","Finance","3.1","2025-03-28 12:41:15","1","2025-03-28 10:41:15","0.9","1"
"manager","IT","8.3","2025-03-10 20:57:32","5","2025-03-10 12:57:32","3.6","0"
"employee","Finance","9.1","2025-03-19 01:29:32","5","2025-03-17 18:29:32","3.1","0"
"admin","IT","1.8","2025-03-25 03:49:26","9","2025-03-23 11:49:26","3.1","1"
"manager","IT","0.0","2025-03-28 22:23:00","7","2025-03-26 23:23:00","1.4","0"
"admin","Finance","3.6","2025-03-13 09:10:12","1","2025-03-12 10:10:12","2.1","1"
"manager","HR","2.9","2025-03-17 03:40:49","5","2025-03-16 02:40:49","2.1","0"
"admin","Operations","0.7","2025-03-27 13:59:51","6","2025-03-27 13:59:51","3.1","1"
"manager","HR","5.0","2025-03-13 02:01:19","2","2025-03-11 04:01:19","1.9","0"
"employee","Operations","1.7","2025-03-13 11:52:29","5","2025-03-12 03:52:29","1.7","0"
"admin","IT","0.1","2025-03-12 22:12:22","9","2025-03-10 22:12:22","3.1","1"
"manager","IT","4.9","2025-03-14 19:14:06","7","2025-03-14 07:14:06","0.8","0"
"manager","Finance","1.5","2025-03-18 16:50:38","9","2025-03-18 08:50:38","3.3","0"
"manager","IT","8.1","2025-03-14 03:09:36","9","2025-03-12 10:09:36","1.3","0"
"manager","IT","6.2","2025-03-15 14:29:49","1","2025-03-14 23:29:49","1.4","1"
"manager","IT","1.2","2025-03-22 10:33:24","5","2025-03-20 16:33:24","3.5","0"
"employee","Finance","3.3","2025-03-27 23:31:35","7","2025-03-26 03:31:35","1.6","0"
"admin","IT","3.3","2025-03-25 06:42:12","6","2025-03-25 06:42:12","1.8","1"
"employee","Operations","5.8","2025-03-11 02:38:51","6","2025-03-09 14:38:51","1.4","0"
"manager","IT","8.2","2025-03-08 07:42:02","2","2025-03-08 04:42:02","4.5","1"
"manager","Operations","7.9","2025-03-17 04:31:22","5","2025-03-16 16:31:22","1.8","0"
"admin","Operations","7.4","2025-03-23 20:56:29","6","2025-03-22 00:56:29","2.0","1"
"manager","Finance","1.6","2025-03-19 19:30:47","7","2025-03-19 08:30:47","4.4","0"
"admin","Operations","7.4","2025-03-23 14:09:51","4","2025-03-22 15:09:51","1.9","1"
"admin","Finance","4.4","2025-03-07 13:42:29","6","2025-03-07 12:42:29","3.4","1"
"manager","Operations","3.4","2025-03-28 01:26:36","10","2025-03-26 12:26:36","4.1","0"
"employee","HR","6.1","2025-03-29 13:03:26","8","2025-03-29 06:03:26","5.0","0"
"manager","IT","6.5","2025-03-01 14:21:40","8","2025-02-28 05:21:40","1.4","0"
"admin","IT","1.9","2025-03-24 10:42:44","1","2025-03-22 15:42:44","1.8","1"
"admin","IT","3.5","2025-03-27 14:17:45","10","2025-03-27 01:17:45","2.5","1"
"admin","IT","7.5","2025-03-15 16:37:22","6","2025-03-14 18:37:22","1.0","1"
"manager","IT","5.3","2025-03-12 22:02:17","2","2025-03-12 22:02:17","3.7","1"
"manager","Finance","8.0","2025-03-15 19:59:58","7","2025-03-13 19:59:58","0.3","0"
"manager","HR","2.9","2025-03-09 05:56:44","4","2025-03-08 06:56:44","2.5","0"
"admin","IT","4.5","2025-03-24 03:54:06","2","2025-03-24 02:54:06","4.0","1"
"employee","IT","3.8","2025-03-28 00:35:30","6","2025-03-26 12:35:30","2.0","0"
"employee","HR","9.4","2025-03-01 06:19:51","1","2025-02-27 20:19:51","0.2","0"
"employee","IT","4.4","2025-03-08 05:23:29","5","2025-03-06 14:23:29","1.6","0"
"admin","Finance","5.7","2025-03-04 18:23:16","3","2025-03-03 07:23:16","2.8","1"
"employee","Operations","2.5","2025-03-15 08:21:49","1","2025-03-15 07:21:49","0.7","0"
"admin","Finance","7.5","2025-03-28 22:22:02","1","2025-03-28 20:22:02","3.8","1"
"employee","Finance","4.7","2025-03-21 09:48:36","5","2025-03-20 15:48:36","1.3","1"
"employee","HR","8.7","2025-03-10 19:09:14","9","2025-03-09 19:09:14","0.7","0"
"employee","HR","9.8","2025-03-05 22:17:04","6","2025-03-04 00:17:04","4.5","0"
"employee","Finance","4.3","2025-03-30 12:59:02","5","2025-03-29 15:59:02","3.3","0"
"employee","IT","7.4","2025-03-14 14:52:32","9","2025-03-13 09:52:32","1.5","0"
"employee","IT","0.9","2025-03-07 04:01:04","1","2025-03-05 10:01:04","3.2","0"
"manager","Finance","6.4","2025-03-05 03:23:15","6","2025-03-04 23:23:15","1.5","0"
"admin","Finance","6.8","2025-03-05 02:55:19","1","2025-03-03 18:55:19","0.2","1"
"employee","Operations","8.5","2025-03-18 23:06:02","5","2025-03-17 15:06:02","4.4","0"
"manager","Operations","1.0","2025-03-08 07:15:56","6","2025-03-06 20:15:56","2.0","0"
"employee","HR","9.7","2025-03-04 15:41:26","8","2025-03-03 03:41:26","0.3","0"
"manager","HR","1.0","2025-03-07 07:32:50","1","2025-03-06 23:32:50","0.3","0"
"manager","Operations","5.6","2025-03-29 03:23:15","6","2025-03-27 09:23:15","2.0","0"
"manager","HR","1.6","2025-03-13 20:12:50","1","2025-03-12 22:12:50","4.5","0"
"employee","IT","0.8","2025-03-20 08:12:05","10","2025-03-18 08:12:05","2.3","0"
"admin","Operations","1.7","2025-03-19 23:44:49","4","2025-03-18 08:44:49","2.0","1"
"admin","Finance","5.8","2025-03-18 13:46:46","8","2025-03-17 08:46:46","1.2","1"
"manager","HR","6.1","2025-03-24 06:59:53","3","2025-03-22 18:59:53","0.9","0"
"admin","IT","0.1","2025-03-07 02:55:05","5","2025-03-06 13:55:05","1.8","1"
"employee","IT","6.6","2025-03-11 11:28:19","9","2025-03-09 12:28:19","0.5","0"
"employee","Finance","6.8","2025-03-05 07:48:09","10","2025-03-04 23:48:09","0.6","0"
"employee","HR","3.3","2025-03-29 04:20:26","5","2025-03-28 16:20:26","2.5","0"
"manager","IT","3.1","2025-03-17 04:18:28","4","2025-03-15 08:18:28","0.4","0"
"admin","Finance","1.5","2025-03-30 07:58:49","10","2025-03-30 02:58:49","4.1","1"
"admin","Finance","1.9","2025-03-28 03:46:47","8","2025-03-27 17:46:47","4.5","1"
"admin","Operations","2.2","2025-03-14 15:48:03","2","2025-03-13 00:48:03","3.4","1"
"manager","Finance","6.3","2025-03-02 06:23:33","5","2025-03-02 01:23:33","2.4","0"
"employee","Finance","7.9","2025-03-01 15:59:46","6","2025-02-28 13:59:46","1.5","0"
"employee","Operations","7.8","2025-03-12 14:04:38","4","2025-03-11 23:04:38","0.4","1"
"manager","HR","2.0","2025-03-10 23:25:02","6","2025-03-10 17:25:02","2.0","0"
"employee","Finance","7.9","2025-03-27 08:01:42","8","2025-03-25 18:01:42","3.2","0"
"employee","IT","8.9","2025-03-25 09:35:43","1","2025-03-25 01:35:43","4.5","1"
"employee","IT","4.8","2025-03-26 05:33:33","9","2025-03-24 22:33:33","4.4","0"
"admin","IT","2.5","2025-03-29 19:46:38","8","2025-03-28 13:46:38","0.5","1"
"manager","HR","9.9","2025-03-23 04:30:17","9","2025-03-22 07:30:17","1.4","0"
"employee","IT","9.2","2025-03-19 14:57:18","9","2025-03-18 04:57:18","0.7","0"
"admin","IT","3.4","2025-03-26 14:20:09","4","2025-03-26 08:20:09","1.6","1"
"employee","IT","9.1","2025-03-25 13:53:57","9","2025-03-24 21:53:57","4.1","0"
"employee","IT","1.4","2025-03-12 17:01:53","5","2025-03-12 13:01:53","4.0","0"
"employee","IT","9.1","2025-03-15 07:28:04","6","2025-03-13 08:28:04","4.3","0"
"manager","Operations","3.1","2025-03-26 22:00:35","7","2025-03-26 18:00:35","2.6","0"
"employee","Operations","1.0","2025-03-17 08:37:55","3","2025-03-16 00:37:55","3.5","0"
"employee","Operations","5.3","2025-03-15 10:12:07","4","2025-03-14 13:12:07","1.8","1"
"manager","Finance","8.3","2025-03-29 02:30:10","7","2025-03-27 08:30:10","2.6","0"
"manager","HR","6.6","2025-03-27 20:30:03","4","2025-03-27 00:30:03","2.3","0"
"manager","HR","1.6","2025-03-25 16:43:14","5","2025-03-23 18:43:14","2.3","0"
"manager","IT","8.2","2025-03-26 19:49:02","5","2025-03-25 01:49:02","3.3","0"
"manager","HR","1.0","2025-03-09 12:39:52","3","2025-03-09 12:39:52","1.5","1"
"admin","IT","5.3","2025-03-20 16:06:06","10","2025-03-19 13:06:06","2.9","1"
"employee","Finance","0.2","2025-03-01 16:11:40","10","2025-03-01 06:11:40","1.0","0"
"employee","HR","4.9","2025-03-29 09:26:30","8","2025-03-29 07:26:30","1.8","0"
"admin","Operations","4.5","2025-03-03 11:56:22","7","2025-03-02 18:56:22","1.7","1"
"manager","Finance","7.8","2025-03-12 20:56:10","6","2025-03-12 07:56:10","4.7","0"
"manager","Operations","5.6","2025-03-11 16:15:11","4","2025-03-11 02:15:11","3.3","1"
"admin","Finance","0.1","2025-03-20 13:17:07","10","2025-03-20 03:17:07","3.8","1"
"employee","Operations","3.9","2025-03-15 15:01:24","5","2025-03-13 18:01:24","2.6","0"
"employee","Operations","0.1","2025-03-05 23:33:30","9","2025-03-04 21:33:30","1.4","0"
"employee","HR","3.1","2025-03-12 12:01:03","7","2025-03-12 00:01:03","1.7","0"
"admin","HR","6.3","2025-03-16 14:00:33","5","2025-03-15 16:00:33","4.6","1"
"admin","Operations","9.9","2025-03-26 07:10:00","2","2025-03-25 16:10:00","0.7","1"
"employee","Operations","4.1","2025-03-12 23:26:57","1","2025-03-11 07:26:57","2.3","0"
"admin","Finance","8.9","2025-03-12 17:09:14","9","2025-03-11 20:09:14","2.6","1"
"admin","Operations","3.0","2025-03-01 20:00:53","9","2025-02-28 01:00:53","0.5","1"
"manager","IT","3.9","2025-03-19 16:00:42","4","2025-03-19 14:00:42","4.7","0"
"employee","HR","6.5","2025-03-25 02:06:21","3","2025-03-23 04:06:21","4.8","0"
"admin","Operations","1.4","2025-03-29 11:26:47","6","2025-03-28 08:26:47","1.2","1"
"admin","Finance","5.3","2025-03-21 05:42:22","6","2025-03-21 03:42:22","1.6","1"
"employee","HR","4.6","2025-03-08 05:39:59","5","2025-03-07 17:39:59","0.3","0"
"employee","Operations","1.9","2025-03-29 08:27:39","4","2025-03-27 14:27:39","4.1","0"
"manager","IT","5.1","2025-03-22 05:04:29","8","2025-03-20 12:04:29","4.4","0"
"admin","Finance","7.2","2025-03-29 08:27:13","9","2025-03-28 09:27:13","0.1","1"
"admin","Finance","7.9","2025-03-23 07:46:52","7","2025-03-22 12:46:52","4.7","1"
"manager","Finance","9.2","2025-03-22 01:15:31","10","2025-03-20 09:15:31","0.5","0"
"admin","HR","6.9","2025-03-26 22:16:33","1","2025-03-26 06:16:33","1.7","1"
"employee","Operations","6.3","2025-03-25 14:14:42","3","2025-03-24 02:14:42","1.1","1"
"manager","Operations","4.4","2025-03-06 17:09:35","6","2025-03-04 20:09:35","0.4","0"
"employee","HR","9.3","2025-03-04 15:00:37","1","2025-03-04 09:00:37","2.9","0"
"admin","IT","1.6","2025-03-26 10:41:31","2","2025-03-24 18:41:31","0.6","1"
"admin","HR","6.1","2025-03-28 05:37:42","3","2025-03-27 02:37:42","1.9","1"
"manager","IT","9.6","2025-03-01 11:40:21","6","2025-02-27 16:40:21","2.4","0"
"employee","Operations","3.2","2025-03-26 17:43:47","4","2025-03-25 12:43:47","3.1","0"
"manager","Operations","9.4","2025-03-09 07:03:20","5","2025-03-08 13:03:20","3.3","0"
"admin","Operations","7.9","2025-03-17 14:27:11","8","2025-03-16 21:27:11","3.8","1"
"employee","Operations","6.0","2025-03-27 00:44:26","3","2025-03-25 03:44:26","1.9","0"
"manager","IT","9.1","2025-03-16 03:22:36","2","2025-03-16 03:22:36","0.3","1"
"admin","HR","4.8","2025-03-02 09:13:05","3","2025-02-28 22:13:05","3.5","1"
"employee","Finance","5.1","2025-03-28 22:47:36","3","2025-03-27 08:47:36","2.5","0"
"admin","HR","2.0","2025-03-28 03:46:16","9","2025-03-27 15:46:16","2.7","1"
"employee","HR","8.0","2025-03-21 23:09:34","4","2025-03-21 23:09:34","3.0","0"
"employee","IT","8.9","2025-03-04 04:03:53","4","2025-03-04 02:03:53","4.2","1"
"employee","Finance","1.6","2025-03-28 17:26:17","1","2025-03-27 18:26:17","3.2","1"
"admin","Finance","4.7","2025-03-09 07:09:05","9","2025-03-07 22:09:05","1.2","1"
"admin","IT","3.0","2025-03-01 02:57:24","5","2025-02-27 18:57:24","3.2","1"
"admin","Finance","3.5","2025-03-19 19:18:07","4","2025-03-18 10:18:07","3.0","1"
"admin","IT","0.9","2025-03-01 07:21:53","4","2025-03-01 03:21:53","2.7","1"
"manager","Operations","2.8","2025-03-21 00:43:43","3","2025-03-19 17:43:43","4.5","0"
"admin","Operations","7.9","2025-03-06 04:46:20","7","2025-03-05 23:46:20","2.2","1"
"admin","Finance","2.8","2025-03-03 20:52:58","6","2025-03-02 22:52:58","1.1","1"
"manager","Finance","7.2","2025-03-03 18:28:55","1","2025-03-02 23:28:55","3.5","0"
"manager","HR","6.1","2025-03-06 19:06:34","1","2025-03-04 19:06:34","1.8","0"
"employee","Finance","5.0","2025-03-23 11:32:27","7","2025-03-22 16:32:27","4.5","0"
"manager","Operations","2.3","2025-03-10 12:58:04","2","2025-03-09 22:58:04","1.8","1"
"employee","Operations","5.9","2025-03-02 12:37:39","3","2025-02-28 18:37:39","4.4","0"
"manager","HR","1.4","2025-03-01 02:50:37","8","2025-02-27 22:50:37","0.3","0"
"manager","IT","5.8","2025-03-02 06:59:38","5","2025-03-01 18:59:38","3.3","0"
"admin","Operations","4.3","2025-03-21 23:36:04","8","2025-03-20 04:36:04","4.9","1"
"employee","HR","1.8","2025-03-03 02:26:58","7","2025-03-02 21:26:58","0.2","0"
"employee","HR","8.9","2025-03-12 06:15:12","9","2025-03-10 16:15:12","0.8","0"
"employee","Finance","7.3","2025-03-30 14:17:25","1","2025-03-30 01:17:25","0.5","1"
"manager","Operations","7.5","2025-03-22 17:57:29","9","2025-03-22 14:57:29","3.1","0"
"manager","HR","2.3","2025-03-02 17:57:50","5","2025-03-02 07:57:50","3.5","0"
"admin","HR","10.0","2025-03-01 05:00:44","1","2025-02-27 07:00:44","3.4","1"
"manager","Finance","6.6","2025-03-26 04:22:57","1","2025-03-26 00:22:57","0.8","0"
"admin","Operations","0.2","2025-03-21 02:53:13","5","2025-03-20 18:53:13","4.1","1"
"manager","Finance","7.2","2025-03-10 20:36:00","10","2025-03-09 13:36:00","4.8","0"
"admin","Operations","5.2","2025-03-02 02:51:55","7","2025-02-28 15:51:55","0.9","1"
"manager","IT","2.9","2025-03-05 17:14:12","6","2025-03-04 06:14:12","1.8","0"
"manager","Finance","0.7","2025-03-22 13:51:45","9","2025-03-21 03:51:45","3.1","0"
"manager","HR","3.3","2025-03-15 04:55:08","10","2025-03-13 12:55:08","2.1","0"
"employee","IT","9.2","2025-03-04 18:18:42","9","2025-03-03 04:18:42","1.6","0"
"employee","Operations","8.2","2025-03-14 06:49:39","1","2025-03-13 08:49:39","5.0","0"
"employee","IT","9.4","2025-03-24 00:49:36","10","2025-03-23 07:49:36","3.4","0"
"admin","Operations","9.0","2025-03-05 08:53:25","5","2025-03-04 13:53:25","3.0","1"
"employee","Finance","7.8","2025-03-27 09:19:17","1","2025-03-26 16:19:17","1.0","1"
"manager","Finance","2.3","2025-03-10 10:53:49","1","2025-03-08 12:53:49","2.9","0"
"admin","IT","4.6","2025-03-21 14:47:17","4","2025-03-21 14:47:17","0.8","1"
"employee","HR","7.2","2025-03-28 04:27:15","1","2025-03-27 16:27:15","4.2","0"
"manager","IT","5.3","2025-03-08 03:45:10","1","2025-03-06 20:45:10","4.1","1"
"admin","HR","6.5","2025-03-11 01:34:33","2","2025-03-09 14:34:33","2.1","1"
"manager","Operations","6.6","2025-03-05 13:21:15","5","2025-03-04 10:21:15","3.7","0"
"employee","Finance","9.4","2025-03-26 17:58:56","9","2025-03-25 21:58:56","0.2","0"
"employee","HR","3.3","2025-03-03 01:31:39","9","2025-03-02 19:31:39","1.2","0"
"manager","HR","1.2","2025-03-19 00:29:48","9","2025-03-18 06:29:48","3.1","0"
"manager","Operations","5.4","2025-03-18 21:12:10","1","2025-03-17 09:12:10","2.2","0"
"employee","Finance","1.8","2025-03-04 20:11:26","2","2025-03-03 15:11:26","2.4","0"
"employee","Finance","2.1","2025-03-13 02:12:50","3","2025-03-11 22:12:50","2.0","0"
"manager","Finance","3.3","2025-03-21 12:17:47","2","2025-03-20 09:17:47","0.7","1"
"manager","Finance","8.6","2025-03-05 00:21:16","3","2025-03-04 19:21:16","0.7","0"
"employee","IT","10.0","2025-03-27 20:44:17","5","2025-03-27 08:44:17","2.1","0"
"admin","Finance","4.6","2025-03-07 20:22:04","9","2025-03-06 21:22:04","3.0","1"
"employee","IT","9.0","2025-03-11 07:28:24","3","2025-03-10 22:28:24","3.8","1"
"employee","IT","5.7","2025-03-10 00:56:04","4","2025-03-09 03:56:04","4.6","1"
"manager","Operations","7.4","2025-03-16 05:30:39","7","2025-03-15 15:30:39","2.6","0"
"admin","IT","8.2","2025-03-20 19:25:12","6","2025-03-20 07:25:12","2.4","1"
"admin","HR","7.0","2025-03-28 12:09:36","6","2025-03-28 05:09:36","1.9","1"
"employee","IT","0.4","2025-03-03 11:13:05","2","2025-03-03 04:13:05","0.2","1"
"manager","IT","10.0","2025-03-26 09:03:24","4","2025-03-25 03:03:24","2.2","1"
"admin","Operations","7.1","2025-03-27 02:27:02","10","2025-03-25 12:27:02","4.1","1"
"admin","IT","1.8","2025-03-05 11:25:36","2","2025-03-04 20:25:36","3.9","1"
"employee","Finance","9.2","2025-03-16 01:25:52","7","2025-03-15 15:25:52","4.7","0"
"employee","IT","5.3","2025-03-09 04:55:39","10","2025-03-07 21:55:39","5.0","0"
"manager","IT","0.9","2025-03-02 03:51:01","9","2025-03-01 04:51:01","2.4","0"
"admin","Finance","3.8","2025-03-12 17:14:34","9","2025-03-11 05:14:34","4.8","1"
"admin","Finance","4.0","2025-03-03 11:10:12","1","2025-03-03 08:10:12","1.3","1"
"employee","IT","2.9","2025-03-11 10:42:38","1","2025-03-11 01:42:38","3.6","0"
"manager","Operations","8.2","2025-03-03 09:03:05","4","2025-03-02 01:03:05","1.1","0"
"manager","HR","9.6","2025-03-10 20:25:32","3","2025-03-09 13:25:32","4.9","0"
"employee","IT","2.6","2025-03-05 02:17:23","1","2025-03-03 15:17:23","3.8","0"
"admin","IT","3.0","2025-03-28 12:18:52","2","2025-03-27 22:18:52","1.2","1"
"admin","HR","6.4","2025-03-27 14:24:13","1","2025-03-26 02:24:13","1.4","1"
"admin","Finance","0.7","2025-03-23 01:27:10","9","2025-03-22 03:27:10","0.5","1"
"admin","Operations","8.2","2025-03-26 18:52:03","7","2025-03-25 20:52:03","0.6","1"
"manager","Finance","6.1","2025-03-08 03:35:27","7","2025-03-06 06:35:27","4.4","0"
"manager","Finance","9.4","2025-03-07 21:12:28","7","2025-03-06 16:12:28","4.4","0"
"admin","IT","1.0","2025-03-11 04:57:19","5","2025-03-09 21:57:19","4.1","1"
"manager","HR","2.3","2025-03-09 05:01:45","5","2025-03-08 08:01:45","4.5","0"
"admin","Operations","4.3","2025-03-05 08:40:25","10","2025-03-04 12:40:25","0.2","1"
"manager","Finance","1.4","2025-03-26 09:37:23","1","2025-03-25 11:37:23","1.5","1"
"employee","HR","9.5","2025-03-24 10:45:21","7","2025-03-23 20:45:21","4.6","0"
"admin","Finance","9.5","2025-03-28 23:05:10","5","2025-03-27 03:05:10","2.8","1"
"employee","Finance","3.9","2025-03-20 01:48:48","4","2025-03-20 00:48:48","0.1","0"
"admin","IT","8.5","2025-03-02 15:07:27","4","2025-03-02 15:07:27","0.3","1"
"employee","Finance","3.3","2025-03-29 00:56:19","5","2025-03-28 05:56:19","0.3","0"
"admin","IT","6.4","2025-03-15 21:26:48","6","2025-03-15 21:26:48","3.2","1"
"employee","Operations","2.4","2025-03-22 19:10:51","3","2025-03-20 20:10:51","0.2","0"
"admin","HR","0.7","2025-03-19 20:21:11","5","2025-03-18 19:21:11","1.3","1"
"admin","HR","8.0","2025-03-24 07:10:22","10","2025-03-24 02:10:22","4.3","1"
"manager","IT","4.3","2025-03-09 22:13:24","6","2025-03-09 14:13:24","4.0","0"
"employee","Finance","8.6","2025-03-16 08:04:39","8","2025-03-14 19:04:39","4.2","0"
"employee","Operations","7.9","2025-03-17 13:54:46","2","2025-03-16 12:54:46","0.2","1"
"manager","Finance","5.8","2025-03-22 22:22:25","4","2025-03-22 13:22:25","4.6","0"
"admin","HR","8.0","2025-03-12 13:42:07","4","2025-03-10 19:42:07","1.6","1"
"manager","IT","0.8","2025-03-28 13:59:37","2","2025-03-28 13:59:37","0.1","0"
"manager","Operations","8.4","2025-03-25 15:16:27","4","2025-03-25 15:16:27","0.8","1"
"admin","IT","9.3","2025-03-17 23:09:44","7","2025-03-16 07:09:44","1.5","1"
"admin","Finance","2.4","2025-03-03 04:42:04","8","2025-03-02 11:42:04","4.2","1"
"admin","Operations","0.8","2025-03-26 14:26:54","1","2025-03-26 05:26:54","2.9","1"
"admin","Finance","6.7","2025-03-03 14:59:48","10","2025-03-01 20:59:48","0.9","1"
"manager","Finance","9.3","2025-03-19 02:31:25","5","2025-03-18 00:31:25","2.9","0"
"employee","Operations","9.7","2025-03-26 02:35:28","2","2025-03-25 09:35:28","4.6","0"
"employee","IT","7.5","2025-03-23 23:34:55","7","2025-03-23 07:34:55","1.9","0"
"admin","Operations","1.2","2025-03-12 15:46:58","9","2025-03-12 06:46:58","3.2","1"
"admin","Operations","2.1","2025-03-18 15:41:35","2","2025-03-18 01:41:35","3.3","1"
"employee","Finance","4.8","2025-03-23 05:14:33","3","2025-03-21 23:14:33","0.9","0"
"manager","Finance","0.8","2025-03-28 20:51:38","8","2025-03-26 22:51:38","2.9","0"
"manager","Operations","3.0","2025-03-04 17:52:02","9","2025-03-04 06:52:02","1.3","0"
"manager","IT","9.1","2025-03-15 17:43:26","7","2025-03-14 14:43:26","3.9","0"
"manager","Finance","8.1","2025-03-18 19:20:49","5","2025-03-17 17:20:49","1.8","0"
"manager","Finance","1.7","2025-03-29 11:16:21","8","2025-03-28 01:16:21","1.5","0"
"manager","HR","2.9","2025-03-17 12:55:00","7","2025-03-15 19:55:00","3.7","0"
"admin","Operations","7.3","2025-03-20 22:47:54","10","2025-03-20 13:47:54","1.0","1"
"manager","IT","1.2","2025-03-21 17:04:37","1","2025-03-21 08:04:37","3.2","0"
"manager","IT","5.3","2025-03-05 08:48:10","3","2025-03-03 09:48:10","0.1","1"
"employee","HR","6.9","2025-03-28 02:12:56","9","2025-03-26 18:12:56","4.1","0"
"manager","Operations","6.3","2025-03-25 19:32:55","9","2025-03-25 15:32:55","0.9","0"
"admin","Operations","9.5","2025-03-14 12:52:09","3","2025-03-13 01:52:09","3.1","1"
"admin","Finance","1.5","2025-03-13 17:55:16","2","2025-03-12 21:55:16","2.1","1"
"manager","IT","5.2","2025-03-27 18:09:00","2","2025-03-26 10:09:00","3.6","1"
"admin","Operations","1.3","2025-03-27 02:29:17","6","2025-03-26 23:29:17","1.6","1"
"manager","Operations","8.0","2025-03-05 00:46:17","5","2025-03-03 04:46:17","2.9","0"
"employee","Operations","1.5","2025-03-17 09:02:33","5","2025-03-17 06:02:33","2.2","1"
"employee","Operations","3.6","2025-03-10 04:04:28","9","2025-03-08 20:04:28","2.8","0"
"admin","Operations","1.7","2025-03-18 04:31:21","6","2025-03-18 01:31:21","2.4","1"
"admin","Finance","7.3","2025-03-06 01:55:19","1","2025-03-04 17:55:19","2.6","1"
"manager","IT","1.4","2025-03-15 06:31:55","6","2025-03-14 06:31:55","3.1","0"
"manager","Finance","9.8","2025-03-15 05:08:03","8","2025-03-13 23:08:03","4.1","0"
"manager","HR","3.8","2025-03-28 02:08:47","5","2025-03-27 23:08:47","1.3","0"
"admin","Finance","3.4","2025-03-28 21:31:14","5","2025-03-27 06:31:14","4.5","1"
"manager","IT","5.4","2025-03-16 14:46:48","9","2025-03-16 14:46:48","3.3","0"
"employee","Operations","9.1","2025-03-16 13:25:59","10","2025-03-14 17:25:59","4.7","0"
"employee","HR","9.6","2025-03-23 23:38:16","6","2025-03-23 12:38:16","1.6","0"
"manager","Operations","7.3","2025-03-24 08:31:32","1","2025-03-23 01:31:32","4.9","0"
"employee","Operations","0.0","2025-03-29 15:57:22","5","2025-03-29 05:57:22","2.7","0"
"employee","HR","7.9","2025-03-06 08:31:58","3","2025-03-06 08:31:58","3.5","0"
"employee","HR","0.3","2025-03-14 09:08:24","3","2025-03-13 08:08:24","1.3","1"
"manager","HR","8.8","2025-03-09 13:27:40","6","2025-03-07 20:27:40","0.6","0"
"manager","Operations","6.8","2025-03-23 13:04:24","6","2025-03-21 17:04:24","5.0","0"
"employee","HR","7.8","2025-03-13 01:33:33","2","2025-03-11 08:33:33","0.8","0"
"manager","Finance","3.4","2025-03-20 22:11:57","10","2025-03-20 05:11:57","1.5","0"
"manager","Finance","0.5","2025-03-10 21:04:30","8","2025-03-09 22:04:30","0.9","0"
"manager","HR","4.6","2025-03-10 05:18:59","5","2025-03-09 11:18:59","0.2","0"
"manager","Finance","8.0","2025-03-20 05:27:31","4","2025-03-18 05:27:31","1.8","0"
"manager","IT","7.0","2025-03-29 07:43:55","9","2025-03-28 15:43:55","0.2","0"
"manager","Finance","1.7","2025-03-25 22:08:55","1","2025-03-24 12:08:55","4.0","0"
"employee","HR","7.7","2025-03-18 10:04:53","2","2025-03-17 14:04:53","1.1","1"
"manager","Finance","9.5","2025-03-03 03:18:28","4","2025-03-01 23:18:28","4.8","0"
"employee","Operations","6.4","2025-03-06 10:27:42","6","2025-03-04 16:27:42","4.1","0"
"employee","IT","1.1","2025-03-16 00:44:38","1","2025-03-15 05:44:38","2.6","0"
"admin","IT","9.1","2025-03-15 04:13:50","6","2025-03-14 05:13:50","4.5","1"
"admin","Finance","6.0","2025-03-16 01:17:14","6","2025-03-15 16:17:14","0.5","1"
"admin","HR","6.0","2025-03-11 12:54:46","7","2025-03-10 15:54:46","3.7","1"
"manager","Finance","8.6","2025-03-22 02:46:16","9","2025-03-21 08:46:16","4.6","0"
"admin","HR","4.8","2025-03-21 19:17:59","8","2025-03-21 00:17:59","2.1","1"
"admin","IT","5.5","2025-03-18 18:30:45","7","2025-03-17 21:30:45","3.8","1"
"admin","HR","8.8","2025-03-04 15:43:51","9","2025-03-04 06:43:51","3.2","1"
"employee","Finance","4.0","2025-03-26 14:48:34","8","2025-03-25 22:48:34","1.6","0"
"employee","IT","4.7","2025-03-20 02:18:17","6","2025-03-19 13:18:17","2.3","0"
"employee","IT","9.0","2025-03-26 22:41:37","2","2025-03-26 20:41:37","2.9","1"
"manager","Operations","9.5","2025-03-24 03:25:29","5","2025-03-23 15:25:29","2.7","0"
"admin","HR","6.0","2025-03-13 03:58:15","6","2025-03-12 01:58:15","1.4","1"
"manager","Operations","3.4","2025-03-25 06:03:57","10","2025-03-25 04:03:57","0.2","0"
"employee","HR","2.3","2025-03-24 02:40:36","4","2025-03-23 06:40:36","0.6","0"
"manager","Operations","5.4","2025-03-07 02:15:28","10","2025-03-06 00:15:28","4.0","0"
"admin","Finance","1.3","2025-03-30 13:11:28","3","2025-03-29 23:11:28","1.3","1"
"manager","IT","4.6","2025-03-04 20:47:59","8","2025-03-04 09:47:59","1.7","0"
"admin","IT","8.6","2025-03-27 13:12:08","9","2025-03-26 09:12:08","4.6","1"
"manager","IT","4.5","2025-03-06 22:08:55","7","2025-03-06 10:08:55","1.3","0"
"employee","Operations","4.4","2025-03-27 16:04:28","9","2025-03-26 15:04:28","2.1","0"
"employee","Operations","0.4","2025-03-29 10:06:11","10","2025-03-28 20:06:11","4.7","0"
"manager","Finance","9.1","2025-03-13 04:47:53","8","2025-03-12 08:47:53","1.5","0"
"admin","IT","6.1","2025-03-18 16:41:39","3","2025-03-18 13:41:39","4.4","1"
"admin","Operations","1.9","2025-03-11 23:24:01","2","2025-03-11 09:24:01","0.2","1"
"manager","IT","3.8","2025-03-20 17:21:08","8","2025-03-18 23:21:08","4.4","0"
"admin","HR","4.2","2025-03-19 20:56:52","6","2025-03-18 00:56:52","0.5","1"
"manager","IT","0.4","2025-03-18 11:36:38","4","2025-03-18 05:36:38","4.7","1"
"manager","HR","5.1","2025-03-21 03:06:32","6","2025-03-20 22:06:32","2.1","0"
"manager","HR","7.6","2025-03-20 20:54:28","4","2025-03-19 15:54:28","4.9","0"
"manager","Finance","9.9","2025-03-03 05:44:42","1","2025-03-01 15:44:42","0.5","0"
"employee","Operations","6.1","2025-03-13 11:50:08","3","2025-03-11 17:50:08","3.8","0"
"employee","Operations","6.5","2025-03-04 14:37:27","1","2025-03-03 17:37:27","1.7","1"
"employee","Finance","0.4","2025-03-08 11:58:33","1","2025-03-07 23:58:33","2.3","1"
"employee","HR","3.2","2025-03-30 06:51:05","10","2025-03-29 05:51:05","4.3","0"
"employee","HR","4.7","2025-03-28 05:58:06","9","2025-03-27 17:58:06","4.1","0"
"employee","IT","8.1","2025-03-16 23:18:53","7","2025-03-16 07:18:53","1.4","0"
"employee","IT","0.5","2025-03-08 23:21:45","9","2025-03-07 18:21:45","3.6","0"
"admin","Finance","0.7","2025-03-22 09:10:22","10","2025-03-20 09:10:22","0.6","1"
"admin","Operations","4.8","2025-03-29 08:58:41","5","2025-03-27 16:58:41","0.6","1"
"employee","Operations","4.3","2025-03-19 13:06:21","6","2025-03-17 21:06:21","0.6","0"
"employee","Operations","6.2","2025-03-09 02:20:04","10","2025-03-07 02:20:04","1.2","0"
"admin","HR","0.6","2025-03-28 15:55:46","1","2025-03-28 10:55:46","0.2","1"
"admin","HR","2.2","2025-03-23 23:39:06","4","2025-03-22 14:39:06","3.6","1"
"employee","IT","1.3","2025-03-15 15:35:40","2","2025-03-14 00:35:40","0.9","1"
"employee","HR","4.6","2025-03-30 01:14:34","5","2025-03-28 18:14:34","1.4","0"
"employee","HR","7.2","2025-03-27 23:16:57","4","2025-03-27 18:16:57","3.3","0"
"admin","Finance","3.0","2025-03-29 09:06:09","6","2025-03-27 16:06:09","0.9","1"
"manager","Operations","7.4","2025-03-21 21:38:02","10","2025-03-20 19:38:02","4.6","0"
"admin","Operations","6.6","2025-03-15 03:55:25","10","2025-03-14 14:55:25","1.6","1"
"admin","Operations","4.0","2025-03-15 13:41:36","9","2025-03-13 19:41:36","4.0","1"
"manager","IT","5.0","2025-03-03 07:49:59","9","2025-03-01 07:49:59","4.1","0"
"manager","IT","1.5","2025-03-28 03:32:18","10","2025-03-26 04:32:18","1.3","0"
"manager","Operations","2.0","2025-03-11 21:16:41","2","2025-03-10 21:16:41","3.9","0"
"admin","Finance","3.7","2025-03-16 16:01:57","4","2025-03-16 10:01:57","0.4","1"
"admin","HR","8.7","2025-03-19 03:03:30","3","2025-03-18 17:03:30","0.7","1"
"employee","IT","2.1","2025-03-17 13:40:56","6","2025-03-15 22:40:56","3.8","0"
"admin","Finance","1.8","2025-03-10 18:17:18","6","2025-03-09 11:17:18","4.7","1"
"admin","Finance","5.8","2025-03-02 07:25:16","9","2025-02-28 19:25:16","3.7","1"
"admin","Finance","0.9","2025-03-14 18:34:11","3","2025-03-13 01:34:11","1.0","1"
"manager","Finance","1.8","2025-03-25 08:40:27","5","2025-03-24 07:40:27","4.6","0"
"manager","IT","9.4","2025-03-10 10:41:43","4","2025-03-09 19:41:43","0.3","1"
"employee","HR","5.8","2025-03-28 19:00:11","10","2025-03-27 00:00:11","0.6","0"
"employee","HR","0.8","2025-03-17 12:00:08","5","2025-03-16 00:00:08","2.6","0"
"admin","Finance","2.4","2025-03-13 11:12:48","5","2025-03-12 00:12:48","1.0","1"
"admin","HR","1.9","2025-03-15 17:37:36","9","2025-03-14 02:37:36","4.4","1"
"employee","IT","3.6","2025-03-25 18:54:43","9","2025-03-25 06:54:43","3.2","0"
"manager","Finance","9.2","2025-03-16 23:50:56","2","2025-03-15 13:50:56","2.5","0"
"admin","Finance","2.1","2025-03-04 06:20:30","9","2025-03-04 01:20:30","4.2","1"
"employee","Finance","0.6","2025-03-24 21:23:05","3","2025-03-23 09:23:05","3.2","0"
"admin","IT","3.2","2025-03-26 20:38:50","10","2025-03-25 11:38:50","4.3","1"
"admin","IT","6.6","2025-03-03 18:37:57","4","2025-03-03 11:37:57","1.7","1"
"admin","Finance","9.3","2025-03-06 18:02:42","9","2025-03-06 17:02:42","4.2","1"
"manager","Finance","4.4","2025-03-07 06:41:25","10","2025-03-06 23:41:25","3.2","0"
"manager","HR","9.7","2025-03-12 07:00:55","5","2025-03-10 15:00:55","1.9","0"
"manager","IT","6.1","2025-03-09 16:48:06","5","2025-03-09 11:48:06","3.4","0"
"admin","Finance","4.0","2025-03-30 10:27:45","8","2025-03-29 09:27:45","2.1","1"
"manager","Finance","0.5","2025-03-19 16:57:57","7","2025-03-18 01:57:57","3.3","0"
"employee","Operations","2.5","2025-03-08 03:07:32","4","2025-03-08 03:07:32","3.9","0"
"employee","Finance","7.0","2025-03-12 18:59:30","6","2025-03-11 06:59:30","4.2","0"
"manager","Finance","8.8","2025-03-19 15:14:01","1","2025-03-19 00:14:01","1.9","1"
"employee","Finance","8.9","2025-03-20 07:55:05","1","2025-03-20 02:55:05","4.8","0"
"admin","IT","8.2","2025-03-30 20:40:04","4","2025-03-29 00:40:04","3.4","1"
"employee","HR","2.8","2025-03-16 04:12:05","1","2025-03-14 23:12:05","2.8","0"
"admin","IT","5.4","2025-03-11 12:01:25","6","2025-03-09 20:01:25","2.2","1"
"admin","HR","1.1","2025-03-01 15:21:35","6","2025-02-28 05:21:35","4.5","1"
"employee","Operations","8.0","2025-03-05 00:27:13","10","2025-03-04 11:27:13","2.4","0"
"admin","IT","4.6","2025-03-02 18:03:37","2","2025-03-02 07:03:37","0.1","1"
"employee","IT","9.2","2025-03-15 16:12:56","10","2025-03-14 03:12:56","4.9","0"
"manager","IT","2.3","2025-03-16 05:18:21","10","2025-03-16 04:18:21","3.3","0"
"employee","IT","6.7","2025-03-30 07:04:08","4","2025-03-29 16:04:08","1.5","1"
"employee","IT","4.7","2025-03-13 10:10:05","8","2025-03-13 03:10:05","1.6","0"
"manager","HR","8.2","2025-03-26 02:39:44","10","2025-03-25 13:39:44","2.4","0"
"employee","HR","7.1","2025-03-12 06:28:39","10","2025-03-11 04:28:39","2.6","0"
"admin","IT","6.0","2025-03-06 23:03:33","5","2025-03-06 02:03:33","1.7","1"
"admin","Operations","7.1","2025-03-05 18:17:38","9","2025-03-05 06:17:38","4.5","1"
"employee","Finance","4.8","2025-03-24 09:59:50","1","2025-03-23 05:59:50","0.5","1"
"manager","Operations","3.5","2025-03-06 01:28:44","10","2025-03-04 21:28:44","2.3","0"
"manager","Finance","0.5","2025-03-19 01:36:55","1","2025-03-18 23:36:55","0.5","0"
"admin","Finance","3.1","2025-03-08 05:03:30","7","2025-03-07 19:03:30","3.6","1"
"employee","Finance","9.8","2025-03-07 22:47:54","9","2025-03-06 02:47:54","2.3","0"
"admin","Finance","4.5","2025-03-20 11:30:48","4","2025-03-18 23:30:48","3.9","1"
"manager","Finance","0.0","2025-03-16 14:34:44","2","2025-03-14 17:34:44","2.6","0"
"admin","IT","4.4","2025-03-21 03:34:05","1","2025-03-21 03:34:05","2.9","1"
"employee","HR","5.1","2025-03-11 11:02:48","3","2025-03-10 06:02:48","0.9","1"
"employee","HR","2.2","2025-03-29 18:08:56","10","2025-03-27 21:08:56","0.2","0"
"manager","Finance","7.7","2025-03-28 00:37:22","7","2025-03-27 03:37:22","2.5","0"
"employee","Finance","8.7","2025-03-22 10:41:36","6","2025-03-21 11:41:36","0.6","1"
"employee","HR","9.2","2025-03-24 01:41:07","9","2025-03-22 05:41:07","0.8","0"
"employee","IT","7.8","2025-03-16 11:43:11","6","2025-03-15 13:43:11","4.2","0"
"manager","Operations","9.8","2025-03-02 23:15:52","10","2025-03-02 14:15:52","1.3","0"
"manager","IT","1.1","2025-03-25 01:13:15","10","2025-03-23 23:13:15","1.8","0"
"admin","IT","8.9","2025-03-25 23:33:16","9","2025-03-24 17:33:16","3.3","1"
"admin","IT","1.9","2025-03-05 00:34:22","8","2025-03-04 05:34:22","3.7","1"
"admin","Operations","5.2","2025-03-07 06:50:37","1","2025-03-05 23:50:37","0.2","1"
"manager","HR","4.3","2025-03-04 01:41:12","8","2025-03-04 00:41:12","4.3","0"
"manager","Finance","2.1","2025-03-30 16:14:28","1","2025-03-29 07:14:28","0.9","1"
"manager","Operations","7.0","2025-03-22 20:27:56","3","2025-03-21 16:27:56","1.8","0"
"admin","IT","1.9","2025-03-15 07:02:45","7","2025-03-15 00:02:45","3.4","1"
"employee","IT","8.3","2025-03-06 20:34:02","8","2025-03-05 11:34:02","0.6","0"
"admin","IT","7.1","2025-03-15 10:05:09","7","2025-03-13 19:05:09","0.6","1"
"employee","Finance","8.1","2025-03-27 22:58:49","2","2025-03-27 11:58:49","1.4","0"
"employee","HR","5.4","2025-03-09 21:21:23","1","2025-03-08 14:21:23","1.6","0"
"admin","HR","1.9","2025-03-08 12:16:03","1","2025-03-08 00:16:03","3.1","1"
"admin","HR","7.6","2025-03-23 07:57:11","9","2025-03-22 08:57:11","1.8","1"
"manager","Operations","9.1","2025-03-23 06:12:30","7","2025-03-21 22:12:30","3.7","0"
"employee","Operations","6.2","2025-03-26 19:13:11","9","2025-03-25 23:13:11","1.9","0"
"employee","Operations","4.2","2025-03-07 17:21:17","4","2025-03-07 13:21:17","4.0","1"
"admin","Operations","4.1","2025-03-06 02:13:24","4","2025-03-05 19:13:24","3.4","1"
"admin","HR","6.7","2025-03-21 10:15:28","7","2025-03-20 14:15:28","4.9","1"
"employee","Finance","9.1","2025-03-25 10:52:55","2","2025-03-23 20:52:55","4.8","0"
"admin","Finance","1.8","2025-03-17 05:17:37","6","2025-03-16 15:17:37","3.8","1"
"employee","Finance","2.3","2025-03-26 22:21:11","10","2025-03-26 11:21:11","2.4","0"
"employee","Finance","3.7","2025-03-04 10:09:49","2","2025-03-04 08:09:49","3.9","0"
"admin","IT","3.5","2025-03-21 22:44:32","9","2025-03-20 20:44:32","1.5","1"
"manager","IT","7.5","2025-03-08 05:16:22","6","2025-03-06 07:16:22","1.9","0"
"manager","IT","6.3","2025-03-26 12:44:47","4","2025-03-25 07:44:47","4.0","1"
"employee","HR","3.4","2025-03-13 02:30:27","3","2025-03-11 12:30:27","2.5","0"
"manager","Finance","6.4","2025-03-03 16:15:51","5","2025-03-03 10:15:51","2.1","1"
"admin","Finance","5.3","2025-03-25 04:48:56","3","2025-03-24 05:48:56","0.3","1"
"manager","Operations","7.7","2025-03-23 18:32:38","3","2025-03-22 11:32:38","2.3","0"
"employee","IT","8.9","2025-03-30 05:21:06","10","2025-03-28 08:21:06","0.1","0"
"employee","Operations","2.2","2025-03-04 02:41:00","4","2025-03-02 22:41:00","3.4","0"
"manager","Operations","2.7","2025-03-27 13:14:21","2","2025-03-27 10:14:21","3.5","1"
"admin","HR","6.2","2025-03-30 10:03:45","1","2025-03-29 08:03:45","3.0","1"
"manager","Finance","3.8","2025-03-14 14:54:43","8","2025-03-12 15:54:43","2.1","0"
"manager","Operations","0.3","2025-03-24 08:01:12","9","2025-03-22 19:01:12","3.7","0"
"employee","Finance","1.6","2025-03-18 11:56:06","9","2025-03-17 23:56:06","1.4","0"
"employee","Operations","9.6","2025-03-05 19:11:58","9","2025-03-05 04:11:58","4.2","0"
"employee","HR","4.9","2025-03-07 18:01:26","1","2025-03-07 08:01:26","0.9","0"
"manager","HR","6.4","2025-03-23 10:20:06","10","2025-03-21 19:20:06","1.9","0"
"admin","Finance","3.9","2025-03-30 12:40:43","7","2025-03-29 12:40:43","1.4","1"
"employee","Finance","4.9","2025-03-26 11:27:37","9","2025-03-25 17:27:37","2.1","0"
"admin","Operations","4.8","2025-03-25 11:47:41","4","2025-03-25 02:47:41","3.8","1"
"manager","HR","3.4","2025-03-17 23:36:12","3","2025-03-17 01:36:12","4.3","0"
"admin","IT","5.9","2025-03-17 21:29:25","2","2025-03-15 23:29:25","2.5","1"
"manager","IT","8.3","2025-03-13 17:42:08","9","2025-03-12 12:42:08","3.6","0"
"employee","Finance","0.1","2025-03-04 10:55:49","2","2025-03-03 10:55:49","4.4","0"
"employee","HR","3.7","2025-03-03 06:25:50","7","2025-03-02 05:25:50","4.5","0"
"admin","IT","3.2","2025-03-25 02:21:46","2","2025-03-24 16:21:46","0.8","1"
"employee","HR","8.6","2025-03-09 16:51:13","4","2025-03-09 12:51:13","2.0","1"
"employee","Finance","4.1","2025-03-23 16:35:31","2","2025-03-23 08:35:31","3.0","1"
"employee","IT","3.9","2025-03-02 19:42:20","8","2025-03-01 23:42:20","0.1","0"
"admin","Finance","1.4","2025-03-17 19:27:00","6","2025-03-17 07:27:00","3.8","1"
"employee","Operations","9.6","2025-03-09 10:36:33","10","2025-03-08 03:36:33","0.3","0"
"manager","Operations","9.2","2025-03-05 21:44:14","9","2025-03-05 18:44:14","4.0","0"
"manager","Operations","8.9","2025-03-20 13:57:51","6","2025-03-20 04:57:51","4.7","0"
"manager","Finance","8.5","2025-03-30 09:49:34","1","2025-03-28 13:49:34","4.1","0"
"employee","Finance","0.8","2025-03-08 10:22:39","6","2025-03-07 10:22:39","0.6","0"
"employee","HR","2.2","2025-03-27 20:40:40","9","2025-03-27 04:40:40","4.6","0"
"manager","IT","5.6","2025-03-27 14:30:37","8","2025-03-27 01:30:37","1.9","0"
"admin","HR","2.9","2025-03-17 02:00:59","5","2025-03-16 14:00:59","1.1","1"
"employee","IT","4.5","2025-03-26 01:17:51","1","2025-03-25 13:17:51","1.1","0"
"employee","HR","5.0","2025-03-10 21:04:57","3","2025-03-10 06:04:57","3.0","0"
"employee","Operations","9.8","2025-03-03 23:53:53","2","2025-03-03 15:53:53","4.7","0"
"employee","IT","4.2","2025-03-12 07:55:30","1","2025-03-10 12:55:30","0.6","0"
"manager","IT","9.2","2025-03-04 23:09:40","8","2025-03-03 08:09:40","2.8","0"
"admin","IT","1.2","2025-03-05 08:51:17","8","2025-03-04 17:51:17","0.8","1"
"employee","Finance","6.8","2025-03-07 10:41:41","5","2025-03-06 09:41:41","1.8","0"
"manager","IT","6.0","2025-03-03 05:41:06","3","2025-03-01 16:41:06","2.0","1"
"employee","Operations","2.2","2025-03-16 00:14:48","5","2025-03-15 21:14:48","1.7","0"
"employee","HR","5.5","2025-03-19 08:38:33","4","2025-03-17 10:38:33","2.8","0"
"manager","IT","7.6","2025-03-28 00:53:14","6","2025-03-26 19:53:14","3.8","0"
"admin","Finance","5.4","2025-03-14 10:12:23","7","2025-03-13 02:12:23","2.8","1"
"employee","Finance","0.8","2025-03-05 17:21:21","6","2025-03-05 10:21:21","2.2","0"
"manager","Operations","8.7","2025-03-23 18:39:46","5","2025-03-22 09:39:46","0.1","0"
"admin","IT","6.7","2025-03-13 23:21:33","9","2025-03-12 13:21:33","2.3","1"
"manager","HR","2.5","2025-03-21 13:06:39","6","2025-03-21 04:06:39","0.2","1"
"admin","Operations","3.5","2025-03-02 06:07:00","2","2025-02-28 17:07:00","4.0","1"
"manager","Finance","7.5","2025-03-13 02:06:26","6","2025-03-11 08:06:26","1.5","0"
"admin","HR","6.5","2025-03-29 03:52:22","4","2025-03-29 00:52:22","1.3","1"
"employee","Operations","7.6","2025-03-29 00:09:47","8","2025-03-27 04:09:47","1.1","0"
"manager","IT","9.9","2025-03-01 20:17:28","2","2025-03-01 17:17:28","1.8","1"
"manager","HR","3.3","2025-03-27 08:25:12","9","2025-03-26 21:25:12","0.7","0"
"employee","Operations","0.1","2025-03-01 05:04:36","5","2025-02-27 23:04:36","2.9","0"
"manager","Operations","2.5","2025-03-23 15:39:10","8","2025-03-22 10:39:10","2.2","0"
"employee","IT","7.9","2025-03-15 20:07:35","9","2025-03-15 11:07:35","4.2","0"
"manager","Operations","5.7","2025-03-12 21:10:18","8","2025-03-11 22:10:18","1.3","0"
"manager","Operations","6.1","2025-03-09 05:50:10","3","2025-03-07 15:50:10","2.9","0"
"manager","Finance","2.9","2025-03-11 20:20:02","7","2025-03-10 21:20:02","1.8","0"
"manager","IT","4.7","2025-03-01 08:31:56","4","2025-02-27 15:31:56","3.2","0"
"employee","Finance","6.4","2025-03-02 17:08:01","8","2025-03-01 07:08:01","4.2","0"
"admin","Finance","9.4","2025-03-30 20:08:50","4","2025-03-30 03:08:50","1.9","1"
"employee","HR","2.1","2025-03-04 12:40:01","9","2025-03-04 10:40:01","0.1","0"
"admin","HR","6.5","2025-03-25 16:52:56","3","2025-03-25 05:52:56","2.1","1"
"employee","HR","5.1","2025-03-26 07:28:06","10","2025-03-24 09:28:06","0.8","0"
"employee","Finance","5.9","2025-03-12 23:36:18","2","2025-03-11 19:36:18","1.5","0"
"manager","Operations","9.7","2025-03-20 14:56:48","4","2025-03-19 08:56:48","3.3","0"
"admin","Finance","1.6","2025-03-20 23:37:52","8","2025-03-19 08:37:52","1.9","1"
"employee","Operations","1.9","2025-03-27 21:59:04","8","2025-03-26 08:59:04","3.7","0"
"manager","HR","6.9","2025-03-05 04:30:53","6","2025-03-03 15:30:53","1.3","0"
"employee","Operations","8.2","2025-03-19 02:33:27","8","2025-03-17 17:33:27","3.9","0"
"employee","IT","3.9","2025-03-11 18:04:31","9","2025-03-10 21:04:31","4.6","0"
"employee","HR","1.8","2025-03-20 00:35:38","8","2025-03-19 15:35:38","4.5","0"
"admin","Finance","9.6","2025-03-17 03:50:32","10","2025-03-16 19:50:32","0.7","1"
"manager","Operations","5.5","2025-03-02 02:54:55","6","2025-03-01 08:54:55","4.8","0"
"employee","Finance","2.5","2025-03-18 11:41:00","7","2025-03-17 05:41:00","4.5","0"
"manager","Operations","8.8","2025-03-28 19:10:53","9","2025-03-26 19:10:53","3.9","0"
"admin","IT","2.5","2025-03-22 10:37:44","10","2025-03-22 05:37:44","4.2","1"
"employee","Finance","6.2","2025-03-19 08:40:25","6","2025-03-18 21:40:25","1.8","0"
"admin","Operations","2.6","2025-03-10 22:25:51","10","2025-03-10 14:25:51","3.9","1"
"employee","Operations","5.7","2025-03-05 08:56:04","9","2025-03-05 08:56:04","3.6","0"
"employee","Operations","9.8","2025-03-10 20:59:41","10","2025-03-10 01:59:41","2.6","0"
"employee","Finance","1.7","2025-03-06 03:24:25","1","2025-03-04 16:24:25","2.8","0"
"manager","IT","7.1","2025-03-22 16:04:02","1","2025-03-21 00:04:02","3.1","1"
"employee","IT","4.8","2025-03-22 00:50:52","7","2025-03-21 07:50:52","3.6","0"
"employee","Finance","8.6","2025-03-06 00:09:46","7","2025-03-05 11:09:46","0.7","0"
"employee","HR","4.6","2025-03-01 11:23:46","9","2025-02-28 17:23:46","1.4","0"
"employee","Operations","9.6","2025-03-23 15:59:02","5","2025-03-23 01:59:02","3.3","0"
"employee","IT","2.9","2025-03-06 15:43:44","10","2025-03-04 20:43:44","1.1","0"
"employee","IT","8.2","2025-03-27 00:40:16","1","2025-03-26 23:40:16","2.6","1"
"employee","HR","2.1","2025-03-25 07:42:02","8","2025-03-24 21:42:02","1.3","0"
"manager","HR","8.5","2025-03-15 20:27:37","6","2025-03-15 02:27:37","0.2","0"
"employee","HR","8.3","2025-03-10 06:23:48","1","2025-03-09 12:23:48","2.3","0"
"employee","Finance","0.3","2025-03-03 03:39:18","10","2025-03-03 03:39:18","1.2","0"
"admin","IT","5.3","2025-03-22 16:10:43","9","2025-03-21 04:10:43","4.4","1"
"employee","Finance","3.6","2025-03-07 11:13:40","3","2025-03-06 04:13:40","4.1","0"
"employee","Operations","7.2","2025-03-14 20:54:46","1","2025-03-13 10:54:46","3.6","0"
"manager","Finance","0.2","2025-03-10 01:39:30","8","2025-03-08 01:39:30","0.6","0"
"manager","IT","1.8","2025-03-06 19:41:11","4","2025-03-06 19:41:11","1.0","1"
"manager","Finance","5.4","2025-03-02 20:47:01","7","2025-03-02 15:47:01","4.5","0"
"admin","Operations","0.6","2025-03-27 01:29:09","9","2025-03-25 05:29:09","4.4","1"
"manager","HR","5.1","2025-03-17 17:05:04","3","2025-03-16 01:05:04","1.8","1"
"manager","HR","5.6","2025-03-27 12:31:19","10","2025-03-27 01:31:19","1.2","0"
"manager","HR","0.1","2025-03-19 20:41:58","5","2025-03-19 15:41:58","1.9","0"
"manager","HR","9.7","2025-03-07 18:57:45","6","2025-03-06 00:57:45","1.7","0"
"manager","IT","1.9","2025-03-30 02:12:04","10","2025-03-28 20:12:04","1.7","0"
"manager","Operations","6.8","2025-03-07 13:40:47","8","2025-03-06 01:40:47","2.7","0"
"employee","HR","4.3","2025-03-06 05:24:31","8","2025-03-05 19:24:31","2.7","0"
"employee","Finance","8.9","2025-03-13 21:41:29","6","2025-03-12 15:41:29","3.5","0"
"employee","IT","2.2","2025-03-22 16:56:25","2","2025-03-21 01:56:25","2.8","1"
"employee","Operations","5.5","2025-03-09 21:10:11","4","2025-03-09 19:10:11","3.0","0"
"admin","HR","3.1","2025-03-29 12:32:19","7","2025-03-27 15:32:19","3.3","1"
"admin","Operations","4.5","2025-03-19 08:48:32","7","2025-03-17 12:48:32","4.8","1"
"admin","Finance","5.3","2025-03-09 20:29:18","8","2025-03-08 11:29:18","1.7","1"
"manager","Finance","6.4","2025-03-12 22:56:10","6","2025-03-10 22:56:10","0.7","0"
"admin","HR","2.0","2025-03-11 21:46:18","7","2025-03-11 01:46:18","3.3","1"
"employee","HR","2.7","2025-03-26 15:45:54","1","2025-03-24 16:45:54","1.4","1"
"admin","Operations","6.2","2025-03-20 08:41:09","4","2025-03-19 19:41:09","0.7","1"
"admin","HR","0.7","2025-03-09 06:17:39","7","2025-03-08 18:17:39","0.5","1"
"manager","IT","4.8","2025-03-29 06:39:43","10","2025-03-29 03:39:43","4.5","0"
"admin","HR","7.7","2025-03-10 10:06:15","3","2025-03-09 02:06:15","1.1","1"
"admin","Finance","8.2","2025-03-17 08:49:49","6","2025-03-17 04:49:49","3.0","1"
"admin","HR","9.2","2025-03-28 08:08:03","4","2025-03-26 16:08:03","1.0","1"
"manager","Operations","5.2","2025-03-25 08:27:39","5","2025-03-25 05:27:39","0.8","0"
"manager","Finance","4.3","2025-03-09 11:37:44","9","2025-03-08 03:37:44","4.2","0"
"employee","Operations","0.1","2025-03-24 15:13:32","10","2025-03-22 22:13:32","1.7","0"
"manager","HR","5.2","2025-03-15 20:31:48","3","2025-03-15 11:31:48","4.5","0"
"employee","IT","7.5","2025-03-24 04:14:29","3","2025-03-23 11:14:29","3.9","1"
"manager","Finance","9.1","2025-03-19 05:29:02","9","2025-03-18 17:29:02","3.2","0"
"admin","Finance","3.0","2025-03-05 06:10:41","4","2025-03-03 08:10:41","3.3","1"
"manager","HR","7.2","2025-03-25 19:47:52","6","2025-03-24 15:47:52","1.1","0"
"admin","HR","8.7","2025-03-25 22:59:34","8","2025-03-23 22:59:34","2.9","1"
"manager","Finance","7.6","2025-03-20 18:09:44","4","2025-03-20 12:09:44","0.1","0"
"admin","HR","9.8","2025-03-23 08:58:45","4","2025-03-22 03:58:45","0.2","1"
"manager","Finance","1.2","2025-03-23 15:16:12","10","2025-03-23 13:16:12","4.9","0"
"admin","Finance","7.7","2025-03-17 03:49:12","3","2025-03-15 05:49:12","1.3","1"
"manager","HR","6.8","2025-03-07 21:32:37","4","2025-03-05 21:32:37","4.9","0"
"manager","HR","6.0","2025-03-25 23:43:23","7","2025-03-24 14:43:23","2.7","0"
"manager","IT","1.7","2025-03-01 14:05:19","9","2025-02-27 15:05:19","1.6","0"
"manager","Operations","9.3","2025-03-07 09:12:07","10","2025-03-05 17:12:07","3.4","0"
"employee","Operations","0.2","2025-03-13 22:34:31","10","2025-03-13 19:34:31","1.6","0"
"admin","HR","3.0","2025-03-17 03:35:52","9","2025-03-15 18:35:52","0.2","1"
"employee","IT","3.9","2025-03-25 03:56:33","6","2025-03-23 08:56:33","0.3","0"
"manager","Operations","0.8","2025-03-18 01:14:17","3","2025-03-17 19:14:17","1.5","0"
"employee","Operations","7.5","2025-03-17 00:40:07","7","2025-03-15 09:40:07","1.2","0"
"manager","Operations","4.5","2025-03-22 14:43:47","1","2025-03-21 04:43:47","3.0","0"
"manager","Operations","2.3","2025-03-23 05:39:14","4","2025-03-22 07:39:14","4.0","0"
"employee","IT","1.8","2025-03-12 22:56:11","3","2025-03-11 05:56:11","3.2","1"
"manager","Operations","7.0","2025-03-27 00:29:11","6","2025-03-26 20:29:11","1.7","0"
"admin","IT","8.4","2025-03-30 13:41:51","9","2025-03-30 04:41:51","3.8","1"
"manager","IT","4.9","2025-03-26 03:29:22","8","2025-03-25 08:29:22","2.8","0"
"manager","IT","5.1","2025-03-12 17:48:59","4","2025-03-10 20:48:59","1.4","1"
"admin","HR","9.1","2025-03-03 03:51:52","6","2025-03-02 06:51:52","4.3","1"
"admin","Operations","9.8","2025-03-06 00:02:50","7","2025-03-05 19:02:50","1.1","1"
"admin","Finance","3.4","2025-03-30 17:43:58","8","2025-03-29 13:43:58","4.5","1"
"employee","HR","9.8","2025-03-26 12:27:48","1","2025-03-24 12:27:48","1.3","1"
"manager","Finance","3.8","2025-03-05 06:01:04","3","2025-03-03 07:01:04","2.8","0"
"manager","HR","3.1","2025-03-23 16:02:58","7","2025-03-22 21:02:58","3.7","0"
"employee","Operations","3.3","2025-03-21 03:50:54","4","2025-03-19 13:50:54","4.0","0"
"employee","Finance","2.7","2025-03-24 01:49:06","5","2025-03-23 05:49:06","4.0","0"
"manager","HR","9.7","2025-03-25 01:39:15","5","2025-03-24 17:39:15","3.4","0"
"employee","Finance","7.8","2025-03-25 04:05:32","6","2025-03-23 09:05:32","3.9","0"
"manager","IT","2.7","2025-03-29 14:23:42","1","2025-03-28 07:23:42","1.1","1"
"admin","IT","8.8","2025-03-20 09:06:47","6","2025-03-19 03:06:47","2.2","1"
"manager","HR","4.7","2025-03-02 02:27:50","5","2025-03-01 09:27:50","4.6","0"
"manager","Operations","6.8","2025-03-06 05:10:08","1","2025-03-05 06:10:08","2.1","0"
"admin","Operations","7.8","2025-03-11 15:15:23","10","2025-03-09 17:15:23","4.7","1"
"employee","HR","1.1","2025-03-16 23:41:52","2","2025-03-15 23:41:52","4.9","0"
"manager","HR","4.9","2025-03-11 02:42:59","9","2025-03-10 18:42:59","3.1","0"
"admin","Finance","9.1","2025-03-18 07:04:45","1","2025-03-18 01:04:45","2.0","1"
"admin","HR","3.4","2025-03-19 15:23:17","4","2025-03-18 20:23:17","2.5","1"
"manager","Operations","5.6","2025-03-23 01:17:00","6","2025-03-22 11:17:00","0.2","0"
"admin","HR","9.2","2025-03-23 05:25:14","7","2025-03-22 17:25:14","0.7","1"
"manager","Finance","6.5","2025-03-08 17:45:47","3","2025-03-08 08:45:47","2.4","1"
"employee","HR","5.4","2025-03-23 00:44:25","9","2025-03-21 02:44:25","2.2","0"
"admin","Finance","7.0","2025-03-17 13:09:11","8","2025-03-16 23:09:11","1.4","1"
"admin","IT","3.8","2025-03-12 03:10:59","5","2025-03-10 03:10:59","0.8","1"
"employee","Finance","5.3","2025-03-14 22:31:52","7","2025-03-13 13:31:52","1.1","0"
"admin","IT","7.6","2025-03-12 03:40:55","7","2025-03-10 11:40:55","4.4","1"
"admin","HR","0.7","2025-03-30 03:55:54","1","2025-03-29 03:55:54","4.3","1"
"employee","Finance","5.8","2025-03-03 09:10:10","3","2025-03-02 06:10:10","2.8","1"
"employee","IT","5.9","2025-03-07 08:21:08","8","2025-03-06 20:21:08","2.1","0"
"admin","Operations","9.1","2025-03-21 00:45:54","3","2025-03-19 17:45:54","0.7","1"
"employee","Finance","7.7","2025-03-04 05:56:14","2","2025-03-03 12:56:14","2.7","0"
"manager","Operations","0.1","2025-03-11 19:12:01","1","2025-03-10 00:12:01","1.4","0"
"manager","Operations","0.3","2025-03-24 08:17:52","4","2025-03-23 08:17:52","3.5","0"
"admin","IT","0.5","2025-03-21 20:26:21","1","2025-03-20 22:26:21","4.3","1"
"admin","Finance","2.2","2025-03-27 08:54:54","2","2025-03-26 23:54:54","0.9","1"
"employee","HR","2.2","2025-03-03 07:20:43","7","2025-03-01 17:20:43","2.4","0"
"employee","Operations","0.1","2025-03-15 11:58:37","4","2025-03-14 03:58:37","4.1","0"
"manager","Finance","1.7","2025-03-16 02:57:49","5","2025-03-15 22:57:49","3.7","0"
"manager","HR","4.3","2025-03-24 01:02:55","9","2025-03-22 13:02:55","1.2","0"
"manager","IT","8.1","2025-03-14 17:03:29","7","2025-03-14 14:03:29","2.1","0"
"admin","IT","9.9","2025-03-05 23:47:39","6","2025-03-04 16:47:39","3.3","1"
"admin","IT","8.3","2025-03-12 03:07:57","7","2025-03-10 08:07:57","0.9","1"
"manager","Operations","1.6","2025-03-02 01:54:50","2","2025-02-28 17:54:50","3.9","0"
"admin","HR","2.3","2025-03-10 02:27:56","1","2025-03-09 18:27:56","3.9","1"
"manager","Finance","9.1","2025-03-02 12:12:30","5","2025-03-01 20:12:30","3.3","0"
"admin","Operations","6.3","2025-03-01 12:09:39","9","2025-03-01 03:09:39","1.0","1"
"employee","HR","1.1","2025-03-02 21:54:31","8","2025-03-01 18:54:31","3.5","0"
"admin","IT","8.2","2025-03-07 14:09:53","9","2025-03-06 05:09:53","3.7","1"
"manager","IT","3.8","2025-03-14 01:07:38","2","2025-03-13 03:07:38","2.7","0"
"admin","Finance","4.9","2025-03-02 03:17:10","2","2025-03-01 01:17:10","3.1","1"
"manager","Operations","3.6","2025-03-11 11:21:32","10","2025-03-10 02:21:32","4.5","0"
"manager","Finance","10.0","2025-03-06 19:24:36","9","2025-03-05 03:24:36","2.3","0"
"manager","HR","4.5","2025-03-24 03:22:44","5","2025-03-23 13:22:44","2.6","0"
"admin","Operations","1.6","2025-03-17 03:07:35","7","2025-03-15 13:07:35","4.5","1"
"manager","Finance","5.6","2025-03-06 19:44:51","6","2025-03-06 10:44:51","3.7","0"
"employee","HR","5.3","2025-03-10 08:41:24","7","2025-03-09 01:41:24","3.0","0"
"admin","Finance","4.9","2025-03-14 04:26:59","2","2025-03-13 08:26:59","1.6","1"
"manager","HR","1.9","2025-03-21 06:20:24","10","2025-03-20 22:20:24","4.7","0"
"admin","IT","2.2","2025-03-20 23:56:43","6","2025-03-20 04:56:43","0.2","1"
"admin","Operations","3.5","2025-03-28 13:21:00","8","2025-03-26 19:21:00","3.3","1"
"manager","HR","1.7","2025-03-02 04:02:48","5","2025-02-28 15:02:48","2.2","0"
"admin","Finance","9.7","2025-03-25 16:19:10","2","2025-03-24 18:19:10","0.7","1"
"manager","IT","7.3","2025-03-25 17:23:32","6","2025-03-24 17:23:32","1.9","0"
"manager","IT","8.0","2025-03-25 06:45:34","1","2025-03-23 21:45:34","0.5","1"
"admin","HR","8.6","2025-03-30 10:15:34","4","2025-03-30 05:15:34","2.0","1"
"admin","Finance","5.8","2025-03-10 09:47:55","6","2025-03-09 01:47:55","1.9","1"
"admin","HR","2.3","2025-03-29 19:59:04","4","2025-03-29 14:59:04","3.3","1"
"admin","HR","0.4","2025-03-23 07:24:30","4","2025-03-21 23:24:30","1.4","1"
"employee","Finance","4.8","2025-03-27 09:24:36","10","2025-03-25 22:24:36","4.6","0"
"employee","Finance","2.1","2025-03-25 08:34:47","3","2025-03-24 05:34:47","3.9","0"
"manager","Finance","8.2","2025-03-25 15:10:44","7","2025-03-24 22:10:44","2.4","0"
"employee","Operations","4.5","2025-03-01 23:36:30","10","2025-03-01 20:36:30","3.7","0"
"manager","HR","0.3","2025-03-27 20:06:36","5","2025-03-26 09:06:36","3.8","0"
"employee","HR","5.1","2025-03-04 01:13:28","9","2025-03-02 01:13:28","1.2","0"
"employee","HR","6.9","2025-03-30 18:29:36","9","2025-03-30 04:29:36","1.3","0"
"employee","HR","8.9","2025-03-19 06:40:41","6","2025-03-18 06:40:41","4.5","0"
"employee","Operations","1.6","2025-03-03 07:09:25","2","2025-03-02 11:09:25","0.2","0"
"admin","Finance","1.0","2025-03-03 15:42:48","1","2025-03-02 18:42:48","3.4","1"
"admin","HR","5.5","2025-03-30 12:22:51","5","2025-03-29 04:22:51","4.2","1"
"manager","IT","4.5","2025-03-16 01:01:15","2","2025-03-15 19:01:15","4.2","0"
"admin","Finance","7.1","2025-03-17 16:32:27","7","2025-03-15 16:32:27","3.3","1"
"admin","Finance","4.7","2025-03-19 06:15:04","2","2025-03-17 07:15:04","3.1","1"
"manager","Operations","0.4","2025-03-10 02:35:45","9","2025-03-09 15:35:45","0.9","0"
"admin","Finance","6.8","2025-03-24 01:28:08","1","2025-03-23 14:28:08","2.1","1"
"employee","Operations","1.8","2025-03-04 16:14:10","2","2025-03-04 12:14:10","4.2","1"
"employee","HR","8.0","2025-03-05 19:06:48","10","2025-03-04 22:06:48","4.1","0"
"employee","Operations","5.2","2025-03-18 08:25:29","5","2025-03-17 17:25:29","4.8","0"
"admin","Finance","6.0","2025-03-13 12:19:32","10","2025-03-13 06:19:32","1.1","1"
"manager","Operations","4.0","2025-03-23 00:43:03","10","2025-03-22 12:43:03","3.0","0"
"admin","Finance","3.2","2025-03-11 01:15:28","5","2025-03-09 08:15:28","1.4","1"
"admin","Operations","7.2","2025-03-06 05:58:48","2","2025-03-05 09:58:48","0.4","1"
"employee","Finance","4.8","2025-03-15 16:00:38","7","2025-03-15 06:00:38","4.2","0"
"manager","HR","9.8","2025-03-03 09:37:17","1","2025-03-01 18:37:17","2.2","0"
"manager","Operations","3.7","2025-03-15 17:45:45","9","2025-03-15 02:45:45","0.7","0"
"employee","Operations","7.1","2025-03-13 21:27:59","4","2025-03-12 04:27:59","2.5","0"
"manager","Finance","7.4","2025-03-15 06:57:09","6","2025-03-14 06:57:09","0.8","0"
"manager","HR","8.2","2025-03-26 00:56:40","1","2025-03-25 18:56:40","4.4","0"
"admin","IT","1.1","2025-03-02 11:51:42","8","2025-03-01 20:51:42","2.3","1"
"manager","Operations","3.3","2025-03-11 05:42:40","4","2025-03-11 01:42:40","0.6","0"
"admin","Finance","7.7","2025-03-28 14:20:56","9","2025-03-26 23:20:56","4.1","1"
"manager","Operations","6.2","2025-03-07 18:29:04","7","2025-03-06 20:29:04","2.8","0"
"manager","HR","9.9","2025-03-09 06:44:00","6","2025-03-08 15:44:00","4.2","0"
"admin","IT","7.3","2025-03-09 11:41:00","2","2025-03-08 12:41:00","3.9","1"
"employee","HR","6.7","2025-03-18 23:56:18","4","2025-03-18 11:56:18","2.1","0"
"admin","Finance","8.7","2025-03-06 22:16:23","6","2025-03-05 12:16:23","4.1","1"
"manager","Operations","6.0","2025-03-30 23:05:53","6","2025-03-29 14:05:53","1.8","0"
"employee","IT","2.7","2025-03-13 06:09:13","10","2025-03-11 11:09:13","1.1","0"
"employee","Operations","6.4","2025-03-17 12:19:50","10","2025-03-15 15:19:50","3.4","0"
"employee","Finance","7.0","2025-03-28 00:13:49","1","2025-03-26 17:13:49","2.7","0"
"admin","HR","8.5","2025-03-12 21:07:56","4","2025-03-12 18:07:56","4.6","1"
"manager","Finance","5.0","2025-03-11 00:17:46","6","2025-03-09 00:17:46","1.1","0"
"employee","Finance","1.9","2025-03-23 05:03:18","3","2025-03-22 12:03:18","4.2","0"
"admin","Finance","5.3","2025-03-13 20:47:53","10","2025-03-13 03:47:53","1.6","1"
"admin","Finance","6.9","2025-03-23 21:50:49","1","2025-03-22 10:50:49","1.6","1"
"admin","HR","8.5","2025-03-16 09:47:29","9","2025-03-14 12:47:29","3.4","1"
"employee","Operations","7.2","2025-03-21 23:01:09","3","2025-03-21 05:01:09","3.9","0"
"admin","Finance","9.6","2025-03-28 00:49:34","8","2025-03-26 02:49:34","3.3","1"
"manager","Finance","4.2","2025-03-22 06:28:11","6","2025-03-22 04:28:11","0.5","0"
"admin","Finance","8.7","2025-03-08 09:08:11","7","2025-03-07 15:08:11","0.4","1"
"admin","Operations","4.0","2025-03-11 09:37:29","1","2025-03-10 05:37:29","3.7","1"
"employee","Finance","1.8","2025-03-12 22:36:50","3","2025-03-11 04:36:50","4.2","0"
"manager","Finance","7.1","2025-03-19 05:26:00","9","2025-03-18 23:26:00","4.1","0"
"admin","HR","1.1","2025-03-30 13:36:37","7","2025-03-29 06:36:37","1.9","1"
"manager","Finance","8.9","2025-03-23 17:14:50","4","2025-03-23 10:14:50","1.4","1"
"manager","IT","2.5","2025-03-13 01:01:57","7","2025-03-11 23:01:57","4.7","0"
"manager","IT","9.7","2025-03-27 02:42:25","9","2025-03-25 12:42:25","4.8","0"
"employee","Finance","6.9","2025-03-09 22:25:34","4","2025-03-08 22:25:34","1.2","0"
"manager","IT","6.2","2025-03-02 18:14:05","8","2025-03-01 01:14:05","2.6","0"
"admin","IT","6.2","2025-03-19 00:30:42","9","2025-03-17 02:30:42","1.1","1"
"employee","HR","7.4","2025-03-08 02:57:06","9","2025-03-07 23:57:06","2.9","0"
"employee","Operations","5.0","2025-03-28 11:33:40","7","2025-03-27 01:33:40","4.1","0"
"employee","HR","8.1","2025-03-25 14:18:26","4","2025-03-24 03:18:26","1.5","0"
"employee","Operations","8.7","2025-03-19 12:20:23","9","2025-03-18 23:20:23","3.9","0"
"employee","HR","6.8","2025-03-04 13:27:23","7","2025-03-03 12:27:23","5.0","0"
"employee","Finance","7.0","2025-03-14 00:23:51","1","2025-03-12 02:23:51","0.7","0"
"admin","IT","1.4","2025-03-05 16:39:23","8","2025-03-05 05:39:23","2.7","1"
"admin","Finance","5.1","2025-03-14 01:39:00","1","2025-03-12 16:39:00","2.3","1"
"manager","Finance","4.2","2025-03-30 06:14:28","5","2025-03-29 22:14:28","2.2","0"
"employee","IT","9.0","2025-03-01 23:50:45","4","2025-02-28 15:50:45","4.4","1"
"manager","Operations","2.8","2025-03-16 13:56:46","9","2025-03-15 16:56:46","3.7","0"
"admin","HR","4.9","2025-03-12 22:01:17","8","2025-03-11 19:01:17","1.2","1"
"admin","Operations","1.9","2025-03-26 08:55:50","5","2025-03-26 00:55:50","0.2","1"
"employee","Operations","6.6","2025-03-01 13:05:21","5","2025-03-01 08:05:21","1.0","0"
"employee","IT","0.2","2025-03-12 05:23:09","4","2025-03-10 21:23:09","3.6","0"
"admin","Finance","6.0","2025-03-06 12:34:32","1","2025-03-05 20:34:32","3.6","1"
"admin","Finance","3.7","2025-03-29 21:14:53","7","2025-03-28 12:14:53","3.8","1"
"manager","IT","5.4","2025-03-24 11:42:25","3","2025-03-23 13:42:25","1.8","1"
"employee","HR","0.6","2025-03-07 19:29:34","8","2025-03-06 20:29:34","3.8","0"
"admin","HR","6.8","2025-03-09 19:26:41","2","2025-03-08 08:26:41","4.6","1"
"admin","HR","9.7","2025-03-20 20:44:50","2","2025-03-18 21:44:50","1.1","1"
"admin","HR","1.7","2025-03-23 22:42:36","3","2025-03-23 02:42:36","1.1","1"
"employee","HR","5.3","2025-03-07 08:22:35","6","2025-03-05 11:22:35","1.1","0"
"manager","HR","0.3","2025-03-09 06:58:14","2","2025-03-07 17:58:14","2.9","0"
"employee","IT","4.0","2025-03-24 00:18:19","9","2025-03-22 02:18:19","4.7","0"
"manager","Operations","4.7","2025-03-20 03:51:45","9","2025-03-19 07:51:45","0.4","0"
"admin","HR","1.8","2025-03-22 20:21:39","2","2025-03-21 09:21:39","4.2","1"
"employee","Operations","4.1","2025-03-04 21:03:36","8","2025-03-03 09:03:36","3.8","0"
"manager","IT","6.0","2025-03-07 07:30:08","8","2025-03-07 02:30:08","1.0","0"
"employee","IT","6.6","2025-03-14 14:06:04","8","2025-03-13 11:06:04","3.2","0"
"employee","Finance","8.0","2025-03-02 18:59:45","8","2025-02-28 22:59:45","3.2","0"
"employee","Finance","4.5","2025-03-21 04:45:24","1","2025-03-20 20:45:24","2.3","0"
"admin","HR","0.5","2025-03-18 19:25:37","5","2025-03-18 11:25:37","3.7","1"
"manager","Operations","9.9","2025-03-18 13:50:54","1","2025-03-18 00:50:54","4.7","1"
"employee","Finance","4.6","2025-03-01 23:43:55","9","2025-03-01 14:43:55","4.5","0"
"employee","Operations","8.4","2025-03-14 04:18:20","8","2025-03-13 23:18:20","0.1","0"
"manager","IT","3.0","2025-03-18 07:18:10","5","2025-03-16 09:18:10","3.1","0"
"admin","Finance","4.2","2025-03-25 15:05:07","3","2025-03-24 23:05:07","0.2","1"
"manager","Finance","5.0","2025-03-28 06:22:41","7","2025-03-27 03:22:41","2.3","0"
"manager","IT","1.3","2025-03-04 04:07:37","2","2025-03-02 15:07:37","4.4","0"
"manager","HR","6.6","2025-03-01 16:38:15","5","2025-02-27 21:38:15","0.4","0"
"employee","Finance","6.0","2025-03-24 08:00:39","7","2025-03-23 05:00:39","1.4","0"
"admin","HR","9.1","2025-03-18 22:07:37","6","2025-03-17 02:07:37","3.9","1"
"manager","IT","8.0","2025-03-14 14:39:47","9","2025-03-12 15:39:47","1.5","0"
"manager","Finance","9.9","2025-03-27 05:42:50","5","2025-03-26 16:42:50","1.9","0"
"admin","IT","8.9","2025-03-26 18:09:26","3","2025-03-25 11:09:26","1.3","1"
"manager","IT","0.4","2025-03-25 03:45:37","8","2025-03-23 05:45:37","4.0","0"
"admin","Finance","7.3","2025-03-13 04:28:15","2","2025-03-12 17:28:15","0.9","1"
"admin","HR","1.5","2025-03-09 12:04:48","10","2025-03-09 10:04:48","3.6","1"
"manager","Operations","4.8","2025-03-29 18:16:27","8","2025-03-29 04:16:27","4.1","0"
"manager","IT","9.9","2025-03-11 12:01:35","9","2025-03-11 10:01:35","1.5","0"
"admin","HR","6.1","2025-03-18 11:27:27","4","2025-03-16 18:27:27","0.2","1"
"admin","Finance","8.1","2025-03-21 08:22:16","4","2025-03-20 11:22:16","1.0","1"
"employee","Operations","8.2","2025-03-29 14:07:12","8","2025-03-28 01:07:12","3.8","0"
"employee","Finance","1.8","2025-03-13 02:30:11","4","2025-03-11 07:30:11","1.3","0"
"manager","Finance","2.4","2025-03-26 13:58:33","2","2025-03-26 01:58:33","1.2","1"
"admin","IT","2.2","2025-03-08 03:57:52","3","2025-03-07 15:57:52","3.3","1"
"employee","IT","6.8","2025-03-21 16:45:33","10","2025-03-20 18:45:33","1.0","0"
"employee","Operations","9.5","2025-03-04 04:11:50","4","2025-03-02 21:11:50","4.1","0"
"admin","HR","1.7","2025-03-24 19:56:37","10","2025-03-24 17:56:37","2.9","1"
"manager","HR","7.2","2025-03-24 16:31:56","4","2025-03-24 00:31:56","3.4","0"
"manager","IT","0.6","2025-03-23 00:49:11","9","2025-03-22 18:49:11","2.0","0"
"manager","IT","7.1","2025-03-30 22:41:46","2","2025-03-29 15:41:46","1.9","1"
"employee","IT","3.1","2025-03-02 01:43:52","10","2025-03-01 13:43:52","1.4","0"
"employee","Operations","9.7","2025-03-11 11:50:04","9","2025-03-11 01:50:04","1.1","0"
"admin","Operations","8.4","2025-03-03 01:28:17","8","2025-03-01 07:28:17","4.0","1"
"employee","HR","0.4","2025-03-27 00:59:43","1","2025-03-25 04:59:43","3.3","0"
"admin","Operations","1.3","2025-03-20 10:04:17","6","2025-03-19 11:04:17","4.3","1"
"admin","Finance","4.9","2025-03-30 00:59:17","3","2025-03-28 00:59:17","0.2","1"
"employee","IT","6.2","2025-03-08 17:37:05","4","2025-03-08 09:37:05","0.4","1"
"employee","Operations","5.1","2025-03-03 10:41:12","3","2025-03-03 08:41:12","2.1","0"
"admin","HR","8.3","2025-03-22 09:27:00","7","2025-03-20 14:27:00","4.2","1"
